Copyright 1986-2022 Xilinx, Inc. All Rights Reserved.
-----------------------------------------------------------------------------------------------------------------
| Tool Version      : Vivado v.2022.2_AR000035739_AR000034905 (lin64) Build 3671981 Fri Oct 14 04:59:54 MDT 2022
| Date              : Fri Aug 14 17:50:27 2026
| Host              : mcc-workers-74d68884bd-cxrrf running 64-bit Ubuntu 20.04.6 LTS
| Command           : report_timing_summary -file timing_summary.rpt
| Design            : mercury_platform_mokupro
| Device            : xczu9eg-ffvc900
| Speed File        : -2  PRODUCTION 1.30 05-15-2022
| Temperature Grade : E
-----------------------------------------------------------------------------------------------------------------

Timing Summary Report

------------------------------------------------------------------------------------------------
| Timer Settings
| --------------
------------------------------------------------------------------------------------------------

  Enable Multi Corner Analysis               :  Yes
  Enable Pessimism Removal                   :  Yes
  Pessimism Removal Resolution               :  Nearest Common Node
  Enable Input Delay Default Clock           :  No
  Enable Preset / Clear Arcs                 :  No
  Disable Flight Delays                      :  No
  Ignore I/O Paths                           :  No
  Timing Early Launch at Borrowing Latches   :  No
  Borrow Time for Max Delay Exceptions       :  Yes
  Merge Timing Exceptions                    :  Yes

  Corner  Analyze    Analyze    
  Name    Max Paths  Min Paths  
  ------  ---------  ---------  
  Slow    Yes        Yes        
  Fast    Yes        Yes        


------------------------------------------------------------------------------------------------
| Report Methodology
| ------------------
------------------------------------------------------------------------------------------------

No report available as report_methodology has not been run prior. Run report_methodology on the current design for the summary of methodology violations.



check_timing report

Table of Contents
-----------------
1. checking no_clock (0)
2. checking constant_clock (0)
3. checking pulse_width_clock (0)
4. checking unconstrained_internal_endpoints (10)
5. checking no_input_delay (13)
6. checking no_output_delay (22)
7. checking multiple_clock (0)
8. checking generated_clocks (0)
9. checking loops (0)
10. checking partial_input_delay (0)
11. checking partial_output_delay (0)
12. checking latch_loops (0)

1. checking no_clock (0)
------------------------
 There are 0 register/latch pins with no clock.


2. checking constant_clock (0)
------------------------------
 There are 0 register/latch pins with constant_clock.


3. checking pulse_width_clock (0)
---------------------------------
 There are 0 register/latch pins which need pulse_width check


4. checking unconstrained_internal_endpoints (10)
-------------------------------------------------
 There are 0 pins that are not constrained for maximum delay.

 There are 10 pins that are not constrained for maximum delay due to constant clock. (MEDIUM)


5. checking no_input_delay (13)
-------------------------------
 There are 13 input ports with no input delay specified. (HIGH)

 There are 0 input ports with no input delay but user has a false path constraint.


6. checking no_output_delay (22)
--------------------------------
 There are 22 ports with no output delay specified. (HIGH)

 There are 0 ports with no output delay but user has a false path constraint

 There are 0 ports with no output delay but with a timing clock defined on it or propagating through it


7. checking multiple_clock (0)
------------------------------
 There are 0 register/latch pins with multiple clocks.


8. checking generated_clocks (0)
--------------------------------
 There are 0 generated clocks that are not connected to a clock source.


9. checking loops (0)
---------------------
 There are 0 combinational loops in the design.


10. checking partial_input_delay (0)
------------------------------------
 There are 0 input ports with partial input delay specified.


11. checking partial_output_delay (0)
-------------------------------------
 There are 0 ports with partial output delay specified.


12. checking latch_loops (0)
----------------------------
 There are 0 combinational latch loops in the design through latch input



------------------------------------------------------------------------------------------------
| Design Timing Summary
| ---------------------
------------------------------------------------------------------------------------------------

    WNS(ns)      TNS(ns)  TNS Failing Endpoints  TNS Total Endpoints      WHS(ns)      THS(ns)  THS Failing Endpoints  THS Total Endpoints     WPWS(ns)     TPWS(ns)  TPWS Failing Endpoints  TPWS Total Endpoints  
    -------      -------  ---------------------  -------------------      -------      -------  ---------------------  -------------------     --------     --------  ----------------------  --------------------  
      0.001        0.000                      0               121023        0.010        0.000                      0               120584        0.000        0.000                       0                 59393  


All user specified timing constraints are met.


------------------------------------------------------------------------------------------------
| Clock Summary
| -------------
------------------------------------------------------------------------------------------------

Clock                                    Waveform(ns)           Period(ns)      Frequency(MHz)
-----                                    ------------           ----------      --------------
GTH_Clk                                  {0.000 1.600}          3.200           312.500         
  common0_qpll0_clk_out_1                {0.000 0.080}          0.160           6250.000        
    GTHE4_CHANNEL_RXOUTCLKPCS[0]_2       {0.000 1.600}          3.200           312.500         
    GTHE4_CHANNEL_RXOUTCLKPCS[1]_2       {0.000 1.600}          3.200           312.500         
    GTHE4_CHANNEL_RXOUTCLKPCS[2]_2       {0.000 1.600}          3.200           312.500         
    GTHE4_CHANNEL_RXOUTCLKPCS[3]_2       {0.000 1.600}          3.200           312.500         
  common0_qpll0_refclk_out_1             {0.000 1.600}          3.200           312.500         
  common1_qpll0_clk_out_1                {0.000 0.080}          0.160           6250.000        
    GTHE4_CHANNEL_RXOUTCLKPCS[0]_3       {0.000 1.600}          3.200           312.500         
    GTHE4_CHANNEL_RXOUTCLKPCS[1]_3       {0.000 1.600}          3.200           312.500         
    GTHE4_CHANNEL_RXOUTCLKPCS[2]_3       {0.000 1.600}          3.200           312.500         
    GTHE4_CHANNEL_RXOUTCLKPCS[3]_3       {0.000 1.600}          3.200           312.500         
  common1_qpll0_refclk_out_1             {0.000 1.600}          3.200           312.500         
HADC_ADR                                 {0.000 0.800}          1.600           625.000         
HADC_BDR                                 {0.000 0.800}          1.600           625.000         
HADC_CDR                                 {0.000 0.800}          1.600           625.000         
HADC_DDR                                 {0.000 0.800}          1.600           625.000         
USRClk                                   {0.000 1.600}          3.200           312.500         
  CLKFBIN                                {0.000 1.600}          3.200           312.500         
  ClkDiv                                 {0.000 1.600}          3.200           312.500         
  GEN_PLL_IN_IP_USP.pll0_clkout0         {0.000 1.600}          3.200           312.500         
  GEN_PLL_IN_IP_USP.pll0_clkout0_1       {0.000 1.600}          3.200           312.500         
  IOClk                                  {0.000 0.800}          1.600           625.000         
  RIUClk                                 {0.000 3.200}          6.400           156.250         
  shared_pll0_clkoutphy_out              {0.000 0.400}          0.800           1250.000        
    shared_pll0_clkoutphy_out_DIV        {0.000 1.600}          3.200           312.500         
    shared_pll0_clkoutphy_out_DIV_INV    {1.600 3.200}          3.200           312.500         
  shared_pll0_clkoutphy_out_1            {0.000 0.400}          0.800           1250.000        
    shared_pll0_clkoutphy_out_1_DIV      {0.000 1.600}          3.200           312.500         
    shared_pll0_clkoutphy_out_1_DIV_INV  {1.600 3.200}          3.200           312.500         
clk_pl_0                                 {0.000 1.666}          3.333           300.030         
clk_pl_1                                 {0.000 5.000}          10.000          100.000         


------------------------------------------------------------------------------------------------
| Intra Clock Table
| -----------------
------------------------------------------------------------------------------------------------

Clock                                   WNS(ns)      TNS(ns)  TNS Failing Endpoints  TNS Total Endpoints      WHS(ns)      THS(ns)  THS Failing Endpoints  THS Total Endpoints     WPWS(ns)     TPWS(ns)  TPWS Failing Endpoints  TPWS Total Endpoints  
-----                                   -------      -------  ---------------------  -------------------      -------      -------  ---------------------  -------------------     --------     --------  ----------------------  --------------------  
    GTHE4_CHANNEL_RXOUTCLKPCS[0]_2        0.849        0.000                      0                   34        0.316        0.000                      0                   34        1.325        0.000                       0                    15  
    GTHE4_CHANNEL_RXOUTCLKPCS[1]_2        0.801        0.000                      0                   34        0.271        0.000                      0                   34        1.325        0.000                       0                    15  
    GTHE4_CHANNEL_RXOUTCLKPCS[2]_2        0.763        0.000                      0                   34        0.287        0.000                      0                   34        1.325        0.000                       0                    15  
    GTHE4_CHANNEL_RXOUTCLKPCS[3]_2        0.568        0.000                      0                   34        0.374        0.000                      0                   34        1.325        0.000                       0                    15  
    GTHE4_CHANNEL_RXOUTCLKPCS[0]_3        0.687        0.000                      0                   34        0.458        0.000                      0                   34        1.325        0.000                       0                    15  
    GTHE4_CHANNEL_RXOUTCLKPCS[1]_3        0.659        0.000                      0                   34        0.494        0.000                      0                   34        1.325        0.000                       0                    15  
    GTHE4_CHANNEL_RXOUTCLKPCS[2]_3        0.630        0.000                      0                   34        0.494        0.000                      0                   34        1.325        0.000                       0                    15  
    GTHE4_CHANNEL_RXOUTCLKPCS[3]_3        0.747        0.000                      0                   34        0.075        0.000                      0                   34        1.325        0.000                       0                    15  
USRClk                                    0.001        0.000                      0                53567        0.010        0.000                      0                53567        0.005        0.000                       0                 28020  
  CLKFBIN                                                                                                                                                                             2.129        0.000                       0                     2  
  ClkDiv                                  0.640        0.000                      0                    5        0.044        0.000                      0                    5        0.000        0.000                       0                    12  
  GEN_PLL_IN_IP_USP.pll0_clkout0          1.868        0.000                      0                   16        0.067        0.000                      0                   16        1.325        0.000                       0                    12  
  GEN_PLL_IN_IP_USP.pll0_clkout0_1        2.035        0.000                      0                   16        0.039        0.000                      0                   16        1.325        0.000                       0                    12  
  IOClk                                                                                                                                                                               0.000        0.000                       0                    10  
  RIUClk                                  2.960        0.000                      0                  407        0.041        0.000                      0                  407        1.469        0.000                       0                   261  
  shared_pll0_clkoutphy_out                                                                                                                                                           0.231        0.000                       0                     9  
  shared_pll0_clkoutphy_out_1                                                                                                                                                         0.231        0.000                       0                     9  
clk_pl_0                                  0.034        0.000                      0                54331        0.013        0.000                      0                54331        0.166        0.000                       0                 25989  
clk_pl_1                                  2.505        0.000                      0                11839        0.014        0.000                      0                11839        1.000        0.000                       0                  4937  


------------------------------------------------------------------------------------------------
| Inter Clock Table
| -----------------
------------------------------------------------------------------------------------------------

From Clock    To Clock          WNS(ns)      TNS(ns)  TNS Failing Endpoints  TNS Total Endpoints      WHS(ns)      THS(ns)  THS Failing Endpoints  THS Total Endpoints  
----------    --------          -------      -------  ---------------------  -------------------      -------      -------  ---------------------  -------------------  
clk_pl_0      USRClk              1.772        0.000                      0                  176                                                                        
USRClk        clk_pl_0            2.050        0.000                      0                  176                                                                        
clk_pl_1      clk_pl_0            8.927        0.000                      0                   51                                                                        
clk_pl_0      clk_pl_1           28.680        0.000                      0                   36                                                                        


------------------------------------------------------------------------------------------------
| Other Path Groups Table
| -----------------------
------------------------------------------------------------------------------------------------

Path Group         From Clock         To Clock               WNS(ns)      TNS(ns)  TNS Failing Endpoints  TNS Total Endpoints      WHS(ns)      THS(ns)  THS Failing Endpoints  THS Total Endpoints  
----------         ----------         --------               -------      -------  ---------------------  -------------------      -------      -------  ---------------------  -------------------  
**async_default**  clk_pl_1           clk_pl_1                 8.049        0.000                      0                  131        0.176        0.000                      0                  131  


------------------------------------------------------------------------------------------------
| Timing Details
| --------------
------------------------------------------------------------------------------------------------


---------------------------------------------------------------------------------------------------
From Clock:  GTHE4_CHANNEL_RXOUTCLKPCS[0]_2
  To Clock:  GTHE4_CHANNEL_RXOUTCLKPCS[0]_2

Setup :            0  Failing Endpoints,  Worst Slack        0.849ns,  Total Violation        0.000ns
Hold  :            0  Failing Endpoints,  Worst Slack        0.316ns,  Total Violation        0.000ns
PW    :            0  Failing Endpoints,  Worst Slack        1.325ns,  Total Violation        0.000ns
---------------------------------------------------------------------------------------------------


Max Delay Paths
--------------------------------------------------------------------------------------
Slack (MET) :             0.849ns  (required time - arrival time)
  Source:                 DACs/DAC_JESD_PHY/inst/jesd204_phy_block_i/dac_jesd_phy_gt_i/inst/gen_gtwizard_gthe4_top.dac_jesd_phy_gt_gtwizard_gthe4_inst/gen_gtwizard_gthe4.gen_pwrgood_delay_inst[0].delay_powergood_inst/gen_powergood_delay.int_pwr_on_fsm_reg/C
                            (rising edge-triggered cell FDCE clocked by GTHE4_CHANNEL_RXOUTCLKPCS[0]_2  {rise@0.000ns fall@1.600ns period=3.200ns})
  Destination:            DACs/DAC_JESD_PHY/inst/jesd204_phy_block_i/dac_jesd_phy_gt_i/inst/gen_gtwizard_gthe4_top.dac_jesd_phy_gt_gtwizard_gthe4_inst/gen_gtwizard_gthe4.gen_pwrgood_delay_inst[0].delay_powergood_inst/gen_powergood_delay.int_pwr_on_fsm_reg/D
                            (rising edge-triggered cell FDCE clocked by GTHE4_CHANNEL_RXOUTCLKPCS[0]_2  {rise@0.000ns fall@1.600ns period=3.200ns})
  Path Group:             GTHE4_CHANNEL_RXOUTCLKPCS[0]_2
  Path Type:              Setup (Max at Slow Process Corner)
  Requirement:            3.200ns  (GTHE4_CHANNEL_RXOUTCLKPCS[0]_2 rise@3.200ns - GTHE4_CHANNEL_RXOUTCLKPCS[0]_2 rise@0.000ns)
  Data Path Delay:        2.333ns  (logic 0.342ns (14.659%)  route 1.991ns (85.341%))
  Logic Levels:           3  (LUT1=2 LUT2=1)
  Clock Path Skew:        -0.008ns (DCD - SCD + CPR)
    Destination Clock Delay (DCD):    0.977ns = ( 4.177 - 3.200 ) 
    Source Clock Delay      (SCD):    1.536ns
    Clock Pessimism Removal (CPR):    0.551ns
  Clock Uncertainty:      0.035ns  ((TSJ^2 + TIJ^2)^1/2 + DJ) / 2 + PE
    Total System Jitter     (TSJ):    0.071ns
    Total Input Jitter      (TIJ):    0.000ns
    Discrete Jitter          (DJ):    0.000ns
    Phase Error              (PE):    0.000ns

    Location             Delay type                Incr(ns)  Path(ns)    Partition      Netlist Resource(s)
  -------------------------------------------------------------------    ----------------------------------
                         (clock GTHE4_CHANNEL_RXOUTCLKPCS[0]_2 rise edge)
                                                      0.000     0.000 r                 
    GTHE4_CHANNEL_X1Y4   GTHE4_CHANNEL                0.000     0.000 r  static         DACs/DAC_JESD_PHY/inst/jesd204_phy_block_i/dac_jesd_phy_gt_i/inst/gen_gtwizard_gthe4_top.dac_jesd_phy_gt_gtwizard_gthe4_inst/gen_gtwizard_gthe4.gen_channel_container[25].gen_enabled_channel.gthe4_channel_wrapper_inst/channel_inst/gthe4_channel_gen.gen_gthe4_channel_inst[0].GTHE4_CHANNEL_PRIM_INST/RXOUTCLKPCS
                         net (fo=15, routed)          1.536     1.536    static         DACs/DAC_JESD_PHY/inst/jesd204_phy_block_i/dac_jesd_phy_gt_i/inst/gen_gtwizard_gthe4_top.dac_jesd_phy_gt_gtwizard_gthe4_inst/gen_gtwizard_gthe4.gen_pwrgood_delay_inst[0].delay_powergood_inst/GTHE4_CHANNEL_RXOUTCLKPCS[0]
    SLICE_X38Y258        FDCE                                         r  static         DACs/DAC_JESD_PHY/inst/jesd204_phy_block_i/dac_jesd_phy_gt_i/inst/gen_gtwizard_gthe4_top.dac_jesd_phy_gt_gtwizard_gthe4_inst/gen_gtwizard_gthe4.gen_pwrgood_delay_inst[0].delay_powergood_inst/gen_powergood_delay.int_pwr_on_fsm_reg/C
  -------------------------------------------------------------------    ----------------------------------
    SLICE_X38Y258        FDCE (Prop_AFF2_SLICEL_C_Q)
                                                      0.081     1.617 r  static         DACs/DAC_JESD_PHY/inst/jesd204_phy_block_i/dac_jesd_phy_gt_i/inst/gen_gtwizard_gthe4_top.dac_jesd_phy_gt_gtwizard_gthe4_inst/gen_gtwizard_gthe4.gen_pwrgood_delay_inst[0].delay_powergood_inst/gen_powergood_delay.int_pwr_on_fsm_reg/Q
                         net (fo=2, routed)           0.499     2.116    static         DACs/DAC_JESD_PHY/inst/jesd204_phy_block_i/dac_jesd_phy_gt_i/inst/gen_gtwizard_gthe4_top.dac_jesd_phy_gt_gtwizard_gthe4_inst/gen_gtwizard_gthe4.gen_pwrgood_delay_inst[0].delay_powergood_inst/gen_powergood_delay.int_pwr_on_fsm
    SLICE_X38Y295        LUT1 (Prop_E5LUT_SLICEL_I0_O)
                                                      0.070     2.186 r  static         DACs/DAC_JESD_PHY/inst/jesd204_phy_block_i/dac_jesd_phy_gt_i/inst/gen_gtwizard_gthe4_top.dac_jesd_phy_gt_gtwizard_gthe4_inst/gen_gtwizard_gthe4.gen_pwrgood_delay_inst[0].delay_powergood_inst/gen_powergood_delay.int_pwr_on_fsm_hold_fix/O
                         net (fo=3, routed)           0.500     2.686    static         DACs/DAC_JESD_PHY/inst/jesd204_phy_block_i/dac_jesd_phy_gt_i/inst/gen_gtwizard_gthe4_top.dac_jesd_phy_gt_gtwizard_gthe4_inst/gen_gtwizard_gthe4.gen_pwrgood_delay_inst[0].delay_powergood_inst/gen_powergood_delay.int_pwr_on_fsm_hold_fix_1
    SLICE_X37Y258        LUT2 (Prop_D6LUT_SLICEM_I0_O)
                                                      0.122     2.808 r  static         DACs/DAC_JESD_PHY/inst/jesd204_phy_block_i/dac_jesd_phy_gt_i/inst/gen_gtwizard_gthe4_top.dac_jesd_phy_gt_gtwizard_gthe4_inst/gen_gtwizard_gthe4.gen_pwrgood_delay_inst[0].delay_powergood_inst/gen_powergood_delay.int_pwr_on_fsm_i_1/O
                         net (fo=1, routed)           0.370     3.178    static         DACs/DAC_JESD_PHY/inst/jesd204_phy_block_i/dac_jesd_phy_gt_i/inst/gen_gtwizard_gthe4_top.dac_jesd_phy_gt_gtwizard_gthe4_inst/gen_gtwizard_gthe4.gen_pwrgood_delay_inst[0].delay_powergood_inst/gen_powergood_delay.int_pwr_on_fsm_i_1_n_0
    SLICE_X27Y258        LUT1 (Prop_A5LUT_SLICEL_I0_O)
                                                      0.069     3.247 r  static         DACs/DAC_JESD_PHY/inst/jesd204_phy_block_i/dac_jesd_phy_gt_i/inst/gen_gtwizard_gthe4_top.dac_jesd_phy_gt_gtwizard_gthe4_inst/gen_gtwizard_gthe4.gen_pwrgood_delay_inst[0].delay_powergood_inst/gen_powergood_delay.int_pwr_on_fsm_i_1_n_0_hold_fix/O
                         net (fo=1, routed)           0.622     3.869    static         DACs/DAC_JESD_PHY/inst/jesd204_phy_block_i/dac_jesd_phy_gt_i/inst/gen_gtwizard_gthe4_top.dac_jesd_phy_gt_gtwizard_gthe4_inst/gen_gtwizard_gthe4.gen_pwrgood_delay_inst[0].delay_powergood_inst/gen_powergood_delay.int_pwr_on_fsm_i_1_n_0_hold_fix_1
    SLICE_X38Y258        FDCE                                         r  static         DACs/DAC_JESD_PHY/inst/jesd204_phy_block_i/dac_jesd_phy_gt_i/inst/gen_gtwizard_gthe4_top.dac_jesd_phy_gt_gtwizard_gthe4_inst/gen_gtwizard_gthe4.gen_pwrgood_delay_inst[0].delay_powergood_inst/gen_powergood_delay.int_pwr_on_fsm_reg/D
  -------------------------------------------------------------------    ----------------------------------

                         (clock GTHE4_CHANNEL_RXOUTCLKPCS[0]_2 rise edge)
                                                      3.200     3.200 r                 
    GTHE4_CHANNEL_X1Y4   GTHE4_CHANNEL                0.000     3.200 r  static         DACs/DAC_JESD_PHY/inst/jesd204_phy_block_i/dac_jesd_phy_gt_i/inst/gen_gtwizard_gthe4_top.dac_jesd_phy_gt_gtwizard_gthe4_inst/gen_gtwizard_gthe4.gen_channel_container[25].gen_enabled_channel.gthe4_channel_wrapper_inst/channel_inst/gthe4_channel_gen.gen_gthe4_channel_inst[0].GTHE4_CHANNEL_PRIM_INST/RXOUTCLKPCS
                         net (fo=15, routed)          0.977     4.177    static         DACs/DAC_JESD_PHY/inst/jesd204_phy_block_i/dac_jesd_phy_gt_i/inst/gen_gtwizard_gthe4_top.dac_jesd_phy_gt_gtwizard_gthe4_inst/gen_gtwizard_gthe4.gen_pwrgood_delay_inst[0].delay_powergood_inst/GTHE4_CHANNEL_RXOUTCLKPCS[0]
    SLICE_X38Y258        FDCE                                         r  static         DACs/DAC_JESD_PHY/inst/jesd204_phy_block_i/dac_jesd_phy_gt_i/inst/gen_gtwizard_gthe4_top.dac_jesd_phy_gt_gtwizard_gthe4_inst/gen_gtwizard_gthe4.gen_pwrgood_delay_inst[0].delay_powergood_inst/gen_powergood_delay.int_pwr_on_fsm_reg/C
                         clock pessimism              0.551     4.728                     
                         clock uncertainty           -0.035     4.692                     
    SLICE_X38Y258        FDCE (Setup_AFF2_SLICEL_C_D)
                                                      0.025     4.717    static           DACs/DAC_JESD_PHY/inst/jesd204_phy_block_i/dac_jesd_phy_gt_i/inst/gen_gtwizard_gthe4_top.dac_jesd_phy_gt_gtwizard_gthe4_inst/gen_gtwizard_gthe4.gen_pwrgood_delay_inst[0].delay_powergood_inst/gen_powergood_delay.int_pwr_on_fsm_reg
  -------------------------------------------------------------------
                         required time                          4.717                     
                         arrival time                          -3.869                     
  -------------------------------------------------------------------
                         slack                                  0.849                     





Min Delay Paths
--------------------------------------------------------------------------------------
Slack (MET) :             0.316ns  (arrival time - required time)
  Source:                 DACs/DAC_JESD_PHY/inst/jesd204_phy_block_i/dac_jesd_phy_gt_i/inst/gen_gtwizard_gthe4_top.dac_jesd_phy_gt_gtwizard_gthe4_inst/gen_gtwizard_gthe4.gen_pwrgood_delay_inst[0].delay_powergood_inst/gen_powergood_delay.intclk_rrst_n_r_reg[4]/C
                            (rising edge-triggered cell FDCE clocked by GTHE4_CHANNEL_RXOUTCLKPCS[0]_2  {rise@0.000ns fall@1.600ns period=3.200ns})
  Destination:            DACs/DAC_JESD_PHY/inst/jesd204_phy_block_i/dac_jesd_phy_gt_i/inst/gen_gtwizard_gthe4_top.dac_jesd_phy_gt_gtwizard_gthe4_inst/gen_gtwizard_gthe4.gen_pwrgood_delay_inst[0].delay_powergood_inst/gen_powergood_delay.wait_cnt_reg[1]/R
                            (rising edge-triggered cell FDRE clocked by GTHE4_CHANNEL_RXOUTCLKPCS[0]_2  {rise@0.000ns fall@1.600ns period=3.200ns})
  Path Group:             GTHE4_CHANNEL_RXOUTCLKPCS[0]_2
  Path Type:              Hold (Min at Slow Process Corner)
  Requirement:            0.000ns  (GTHE4_CHANNEL_RXOUTCLKPCS[0]_2 rise@0.000ns - GTHE4_CHANNEL_RXOUTCLKPCS[0]_2 rise@0.000ns)
  Data Path Delay:        0.423ns  (logic 0.060ns (14.198%)  route 0.363ns (85.802%))
  Logic Levels:           0  
  Clock Path Skew:        0.121ns (DCD - SCD - CPR)
    Destination Clock Delay (DCD):    1.532ns
    Source Clock Delay      (SCD):    0.989ns
    Clock Pessimism Removal (CPR):    0.422ns

    Location             Delay type                Incr(ns)  Path(ns)    Partition      Netlist Resource(s)
  -------------------------------------------------------------------    ----------------------------------
                         (clock GTHE4_CHANNEL_RXOUTCLKPCS[0]_2 rise edge)
                                                      0.000     0.000 r                 
    GTHE4_CHANNEL_X1Y4   GTHE4_CHANNEL                0.000     0.000 r  static         DACs/DAC_JESD_PHY/inst/jesd204_phy_block_i/dac_jesd_phy_gt_i/inst/gen_gtwizard_gthe4_top.dac_jesd_phy_gt_gtwizard_gthe4_inst/gen_gtwizard_gthe4.gen_channel_container[25].gen_enabled_channel.gthe4_channel_wrapper_inst/channel_inst/gthe4_channel_gen.gen_gthe4_channel_inst[0].GTHE4_CHANNEL_PRIM_INST/RXOUTCLKPCS
                         net (fo=15, routed)          0.989     0.989    static         DACs/DAC_JESD_PHY/inst/jesd204_phy_block_i/dac_jesd_phy_gt_i/inst/gen_gtwizard_gthe4_top.dac_jesd_phy_gt_gtwizard_gthe4_inst/gen_gtwizard_gthe4.gen_pwrgood_delay_inst[0].delay_powergood_inst/GTHE4_CHANNEL_RXOUTCLKPCS[0]
    SLICE_X37Y257        FDCE                                         r  static         DACs/DAC_JESD_PHY/inst/jesd204_phy_block_i/dac_jesd_phy_gt_i/inst/gen_gtwizard_gthe4_top.dac_jesd_phy_gt_gtwizard_gthe4_inst/gen_gtwizard_gthe4.gen_pwrgood_delay_inst[0].delay_powergood_inst/gen_powergood_delay.intclk_rrst_n_r_reg[4]/C
  -------------------------------------------------------------------    ----------------------------------
    SLICE_X37Y257        FDCE (Prop_EFF2_SLICEM_C_Q)
                                                      0.060     1.049 f  static         DACs/DAC_JESD_PHY/inst/jesd204_phy_block_i/dac_jesd_phy_gt_i/inst/gen_gtwizard_gthe4_top.dac_jesd_phy_gt_gtwizard_gthe4_inst/gen_gtwizard_gthe4.gen_pwrgood_delay_inst[0].delay_powergood_inst/gen_powergood_delay.intclk_rrst_n_r_reg[4]/Q
                         net (fo=9, routed)           0.363     1.411    static         DACs/DAC_JESD_PHY/inst/jesd204_phy_block_i/dac_jesd_phy_gt_i/inst/gen_gtwizard_gthe4_top.dac_jesd_phy_gt_gtwizard_gthe4_inst/gen_gtwizard_gthe4.gen_pwrgood_delay_inst[0].delay_powergood_inst/gen_powergood_delay.intclk_rrst_n_r[4]
    SLICE_X37Y259        FDRE                                         r  static         DACs/DAC_JESD_PHY/inst/jesd204_phy_block_i/dac_jesd_phy_gt_i/inst/gen_gtwizard_gthe4_top.dac_jesd_phy_gt_gtwizard_gthe4_inst/gen_gtwizard_gthe4.gen_pwrgood_delay_inst[0].delay_powergood_inst/gen_powergood_delay.wait_cnt_reg[1]/R  (IS_INVERTED)
  -------------------------------------------------------------------    ----------------------------------

                         (clock GTHE4_CHANNEL_RXOUTCLKPCS[0]_2 rise edge)
                                                      0.000     0.000 r                 
    GTHE4_CHANNEL_X1Y4   GTHE4_CHANNEL                0.000     0.000 r  static         DACs/DAC_JESD_PHY/inst/jesd204_phy_block_i/dac_jesd_phy_gt_i/inst/gen_gtwizard_gthe4_top.dac_jesd_phy_gt_gtwizard_gthe4_inst/gen_gtwizard_gthe4.gen_channel_container[25].gen_enabled_channel.gthe4_channel_wrapper_inst/channel_inst/gthe4_channel_gen.gen_gthe4_channel_inst[0].GTHE4_CHANNEL_PRIM_INST/RXOUTCLKPCS
                         net (fo=15, routed)          1.532     1.532    static         DACs/DAC_JESD_PHY/inst/jesd204_phy_block_i/dac_jesd_phy_gt_i/inst/gen_gtwizard_gthe4_top.dac_jesd_phy_gt_gtwizard_gthe4_inst/gen_gtwizard_gthe4.gen_pwrgood_delay_inst[0].delay_powergood_inst/GTHE4_CHANNEL_RXOUTCLKPCS[0]
    SLICE_X37Y259        FDRE                                         r  static         DACs/DAC_JESD_PHY/inst/jesd204_phy_block_i/dac_jesd_phy_gt_i/inst/gen_gtwizard_gthe4_top.dac_jesd_phy_gt_gtwizard_gthe4_inst/gen_gtwizard_gthe4.gen_pwrgood_delay_inst[0].delay_powergood_inst/gen_powergood_delay.wait_cnt_reg[1]/C
                         clock pessimism             -0.422     1.110                     
    SLICE_X37Y259        FDRE (Hold_AFF2_SLICEM_C_R)
                                                     -0.015     1.095    static           DACs/DAC_JESD_PHY/inst/jesd204_phy_block_i/dac_jesd_phy_gt_i/inst/gen_gtwizard_gthe4_top.dac_jesd_phy_gt_gtwizard_gthe4_inst/gen_gtwizard_gthe4.gen_pwrgood_delay_inst[0].delay_powergood_inst/gen_powergood_delay.wait_cnt_reg[1]
  -------------------------------------------------------------------
                         required time                         -1.095                     
                         arrival time                           1.411                     
  -------------------------------------------------------------------
                         slack                                  0.316                     





Pulse Width Checks
--------------------------------------------------------------------------------------
Clock Name:         GTHE4_CHANNEL_RXOUTCLKPCS[0]_2
Waveform(ns):       { 0.000 1.600 }
Period(ns):         3.200
Sources:            { DACs/DAC_JESD_PHY/inst/jesd204_phy_block_i/dac_jesd_phy_gt_i/inst/gen_gtwizard_gthe4_top.dac_jesd_phy_gt_gtwizard_gthe4_inst/gen_gtwizard_gthe4.gen_channel_container[25].gen_enabled_channel.gthe4_channel_wrapper_inst/channel_inst/gthe4_channel_gen.gen_gthe4_channel_inst[0].GTHE4_CHANNEL_PRIM_INST/RXOUTCLKPCS }

Check Type        Corner  Lib Pin  Reference Pin  Required(ns)  Actual(ns)  Slack(ns)  Location       Pin
Min Period        n/a     FDCE/C   n/a            0.550         3.200       2.650      SLICE_X38Y258  DACs/DAC_JESD_PHY/inst/jesd204_phy_block_i/dac_jesd_phy_gt_i/inst/gen_gtwizard_gthe4_top.dac_jesd_phy_gt_gtwizard_gthe4_inst/gen_gtwizard_gthe4.gen_pwrgood_delay_inst[0].delay_powergood_inst/gen_powergood_delay.int_pwr_on_fsm_reg/C
Low Pulse Width   Slow    FDCE/C   n/a            0.275         1.600       1.325      SLICE_X38Y258  DACs/DAC_JESD_PHY/inst/jesd204_phy_block_i/dac_jesd_phy_gt_i/inst/gen_gtwizard_gthe4_top.dac_jesd_phy_gt_gtwizard_gthe4_inst/gen_gtwizard_gthe4.gen_pwrgood_delay_inst[0].delay_powergood_inst/gen_powergood_delay.int_pwr_on_fsm_reg/C
High Pulse Width  Slow    FDCE/C   n/a            0.275         1.600       1.325      SLICE_X38Y258  DACs/DAC_JESD_PHY/inst/jesd204_phy_block_i/dac_jesd_phy_gt_i/inst/gen_gtwizard_gthe4_top.dac_jesd_phy_gt_gtwizard_gthe4_inst/gen_gtwizard_gthe4.gen_pwrgood_delay_inst[0].delay_powergood_inst/gen_powergood_delay.int_pwr_on_fsm_reg/C



---------------------------------------------------------------------------------------------------
From Clock:  GTHE4_CHANNEL_RXOUTCLKPCS[1]_2
  To Clock:  GTHE4_CHANNEL_RXOUTCLKPCS[1]_2

Setup :            0  Failing Endpoints,  Worst Slack        0.801ns,  Total Violation        0.000ns
Hold  :            0  Failing Endpoints,  Worst Slack        0.271ns,  Total Violation        0.000ns
PW    :            0  Failing Endpoints,  Worst Slack        1.325ns,  Total Violation        0.000ns
---------------------------------------------------------------------------------------------------


Max Delay Paths
--------------------------------------------------------------------------------------
Slack (MET) :             0.801ns  (required time - arrival time)
  Source:                 DACs/DAC_JESD_PHY/inst/jesd204_phy_block_i/dac_jesd_phy_gt_i/inst/gen_gtwizard_gthe4_top.dac_jesd_phy_gt_gtwizard_gthe4_inst/gen_gtwizard_gthe4.gen_pwrgood_delay_inst[1].delay_powergood_inst/gen_powergood_delay.int_pwr_on_fsm_reg/C
                            (rising edge-triggered cell FDCE clocked by GTHE4_CHANNEL_RXOUTCLKPCS[1]_2  {rise@0.000ns fall@1.600ns period=3.200ns})
  Destination:            DACs/DAC_JESD_PHY/inst/jesd204_phy_block_i/dac_jesd_phy_gt_i/inst/gen_gtwizard_gthe4_top.dac_jesd_phy_gt_gtwizard_gthe4_inst/gen_gtwizard_gthe4.gen_pwrgood_delay_inst[1].delay_powergood_inst/gen_powergood_delay.int_pwr_on_fsm_reg/D
                            (rising edge-triggered cell FDCE clocked by GTHE4_CHANNEL_RXOUTCLKPCS[1]_2  {rise@0.000ns fall@1.600ns period=3.200ns})
  Path Group:             GTHE4_CHANNEL_RXOUTCLKPCS[1]_2
  Path Type:              Setup (Max at Slow Process Corner)
  Requirement:            3.200ns  (GTHE4_CHANNEL_RXOUTCLKPCS[1]_2 rise@3.200ns - GTHE4_CHANNEL_RXOUTCLKPCS[1]_2 rise@0.000ns)
  Data Path Delay:        2.379ns  (logic 0.342ns (14.373%)  route 2.037ns (85.627%))
  Logic Levels:           3  (LUT1=2 LUT2=1)
  Clock Path Skew:        -0.009ns (DCD - SCD + CPR)
    Destination Clock Delay (DCD):    1.008ns = ( 4.208 - 3.200 ) 
    Source Clock Delay      (SCD):    1.597ns
    Clock Pessimism Removal (CPR):    0.581ns
  Clock Uncertainty:      0.035ns  ((TSJ^2 + TIJ^2)^1/2 + DJ) / 2 + PE
    Total System Jitter     (TSJ):    0.071ns
    Total Input Jitter      (TIJ):    0.000ns
    Discrete Jitter          (DJ):    0.000ns
    Phase Error              (PE):    0.000ns

    Location             Delay type                Incr(ns)  Path(ns)    Partition      Netlist Resource(s)
  -------------------------------------------------------------------    ----------------------------------
                         (clock GTHE4_CHANNEL_RXOUTCLKPCS[1]_2 rise edge)
                                                      0.000     0.000 r                 
    GTHE4_CHANNEL_X1Y5   GTHE4_CHANNEL                0.000     0.000 r  static         DACs/DAC_JESD_PHY/inst/jesd204_phy_block_i/dac_jesd_phy_gt_i/inst/gen_gtwizard_gthe4_top.dac_jesd_phy_gt_gtwizard_gthe4_inst/gen_gtwizard_gthe4.gen_channel_container[25].gen_enabled_channel.gthe4_channel_wrapper_inst/channel_inst/gthe4_channel_gen.gen_gthe4_channel_inst[1].GTHE4_CHANNEL_PRIM_INST/RXOUTCLKPCS
                         net (fo=15, routed)          1.597     1.597    static         DACs/DAC_JESD_PHY/inst/jesd204_phy_block_i/dac_jesd_phy_gt_i/inst/gen_gtwizard_gthe4_top.dac_jesd_phy_gt_gtwizard_gthe4_inst/gen_gtwizard_gthe4.gen_pwrgood_delay_inst[1].delay_powergood_inst/GTHE4_CHANNEL_RXOUTCLKPCS[0]
    SLICE_X35Y265        FDCE                                         r  static         DACs/DAC_JESD_PHY/inst/jesd204_phy_block_i/dac_jesd_phy_gt_i/inst/gen_gtwizard_gthe4_top.dac_jesd_phy_gt_gtwizard_gthe4_inst/gen_gtwizard_gthe4.gen_pwrgood_delay_inst[1].delay_powergood_inst/gen_powergood_delay.int_pwr_on_fsm_reg/C
  -------------------------------------------------------------------    ----------------------------------
    SLICE_X35Y265        FDCE (Prop_AFF2_SLICEM_C_Q)
                                                      0.080     1.677 r  static         DACs/DAC_JESD_PHY/inst/jesd204_phy_block_i/dac_jesd_phy_gt_i/inst/gen_gtwizard_gthe4_top.dac_jesd_phy_gt_gtwizard_gthe4_inst/gen_gtwizard_gthe4.gen_pwrgood_delay_inst[1].delay_powergood_inst/gen_powergood_delay.int_pwr_on_fsm_reg/Q
                         net (fo=3, routed)           0.548     2.225    static         DACs/DAC_JESD_PHY/inst/jesd204_phy_block_i/dac_jesd_phy_gt_i/inst/gen_gtwizard_gthe4_top.dac_jesd_phy_gt_gtwizard_gthe4_inst/gen_gtwizard_gthe4.gen_pwrgood_delay_inst[1].delay_powergood_inst/gen_powergood_delay.int_pwr_on_fsm
    SLICE_X35Y299        LUT1 (Prop_E5LUT_SLICEM_I0_O)
                                                      0.070     2.295 r  static         DACs/DAC_JESD_PHY/inst/jesd204_phy_block_i/dac_jesd_phy_gt_i/inst/gen_gtwizard_gthe4_top.dac_jesd_phy_gt_gtwizard_gthe4_inst/gen_gtwizard_gthe4.gen_pwrgood_delay_inst[1].delay_powergood_inst/gen_powergood_delay.int_pwr_on_fsm_hold_fix/O
                         net (fo=2, routed)           0.565     2.860    static         DACs/DAC_JESD_PHY/inst/jesd204_phy_block_i/dac_jesd_phy_gt_i/inst/gen_gtwizard_gthe4_top.dac_jesd_phy_gt_gtwizard_gthe4_inst/gen_gtwizard_gthe4.gen_pwrgood_delay_inst[1].delay_powergood_inst/gen_powergood_delay.int_pwr_on_fsm_hold_fix_1
    SLICE_X35Y265        LUT2 (Prop_D6LUT_SLICEM_I0_O)
                                                      0.122     2.982 r  static         DACs/DAC_JESD_PHY/inst/jesd204_phy_block_i/dac_jesd_phy_gt_i/inst/gen_gtwizard_gthe4_top.dac_jesd_phy_gt_gtwizard_gthe4_inst/gen_gtwizard_gthe4.gen_pwrgood_delay_inst[1].delay_powergood_inst/gen_powergood_delay.int_pwr_on_fsm_i_1__0/O
                         net (fo=1, routed)           0.379     3.361    static         DACs/DAC_JESD_PHY/inst/jesd204_phy_block_i/dac_jesd_phy_gt_i/inst/gen_gtwizard_gthe4_top.dac_jesd_phy_gt_gtwizard_gthe4_inst/gen_gtwizard_gthe4.gen_pwrgood_delay_inst[1].delay_powergood_inst/gen_powergood_delay.int_pwr_on_fsm_i_1__0_n_0
    SLICE_X35Y294        LUT1 (Prop_E5LUT_SLICEM_I0_O)
                                                      0.070     3.431 r  static         DACs/DAC_JESD_PHY/inst/jesd204_phy_block_i/dac_jesd_phy_gt_i/inst/gen_gtwizard_gthe4_top.dac_jesd_phy_gt_gtwizard_gthe4_inst/gen_gtwizard_gthe4.gen_pwrgood_delay_inst[1].delay_powergood_inst/gen_powergood_delay.int_pwr_on_fsm_i_1__0_n_0_hold_fix/O
                         net (fo=1, routed)           0.546     3.977    static         DACs/DAC_JESD_PHY/inst/jesd204_phy_block_i/dac_jesd_phy_gt_i/inst/gen_gtwizard_gthe4_top.dac_jesd_phy_gt_gtwizard_gthe4_inst/gen_gtwizard_gthe4.gen_pwrgood_delay_inst[1].delay_powergood_inst/gen_powergood_delay.int_pwr_on_fsm_i_1__0_n_0_hold_fix_1
    SLICE_X35Y265        FDCE                                         r  static         DACs/DAC_JESD_PHY/inst/jesd204_phy_block_i/dac_jesd_phy_gt_i/inst/gen_gtwizard_gthe4_top.dac_jesd_phy_gt_gtwizard_gthe4_inst/gen_gtwizard_gthe4.gen_pwrgood_delay_inst[1].delay_powergood_inst/gen_powergood_delay.int_pwr_on_fsm_reg/D
  -------------------------------------------------------------------    ----------------------------------

                         (clock GTHE4_CHANNEL_RXOUTCLKPCS[1]_2 rise edge)
                                                      3.200     3.200 r                 
    GTHE4_CHANNEL_X1Y5   GTHE4_CHANNEL                0.000     3.200 r  static         DACs/DAC_JESD_PHY/inst/jesd204_phy_block_i/dac_jesd_phy_gt_i/inst/gen_gtwizard_gthe4_top.dac_jesd_phy_gt_gtwizard_gthe4_inst/gen_gtwizard_gthe4.gen_channel_container[25].gen_enabled_channel.gthe4_channel_wrapper_inst/channel_inst/gthe4_channel_gen.gen_gthe4_channel_inst[1].GTHE4_CHANNEL_PRIM_INST/RXOUTCLKPCS
                         net (fo=15, routed)          1.008     4.208    static         DACs/DAC_JESD_PHY/inst/jesd204_phy_block_i/dac_jesd_phy_gt_i/inst/gen_gtwizard_gthe4_top.dac_jesd_phy_gt_gtwizard_gthe4_inst/gen_gtwizard_gthe4.gen_pwrgood_delay_inst[1].delay_powergood_inst/GTHE4_CHANNEL_RXOUTCLKPCS[0]
    SLICE_X35Y265        FDCE                                         r  static         DACs/DAC_JESD_PHY/inst/jesd204_phy_block_i/dac_jesd_phy_gt_i/inst/gen_gtwizard_gthe4_top.dac_jesd_phy_gt_gtwizard_gthe4_inst/gen_gtwizard_gthe4.gen_pwrgood_delay_inst[1].delay_powergood_inst/gen_powergood_delay.int_pwr_on_fsm_reg/C
                         clock pessimism              0.581     4.788                     
                         clock uncertainty           -0.035     4.753                     
    SLICE_X35Y265        FDCE (Setup_AFF2_SLICEM_C_D)
                                                      0.025     4.778    static           DACs/DAC_JESD_PHY/inst/jesd204_phy_block_i/dac_jesd_phy_gt_i/inst/gen_gtwizard_gthe4_top.dac_jesd_phy_gt_gtwizard_gthe4_inst/gen_gtwizard_gthe4.gen_pwrgood_delay_inst[1].delay_powergood_inst/gen_powergood_delay.int_pwr_on_fsm_reg
  -------------------------------------------------------------------
                         required time                          4.778                     
                         arrival time                          -3.977                     
  -------------------------------------------------------------------
                         slack                                  0.801                     





Min Delay Paths
--------------------------------------------------------------------------------------
Slack (MET) :             0.271ns  (arrival time - required time)
  Source:                 DACs/DAC_JESD_PHY/inst/jesd204_phy_block_i/dac_jesd_phy_gt_i/inst/gen_gtwizard_gthe4_top.dac_jesd_phy_gt_gtwizard_gthe4_inst/gen_gtwizard_gthe4.gen_pwrgood_delay_inst[1].delay_powergood_inst/gen_powergood_delay.intclk_rrst_n_r_reg[4]/C
                            (rising edge-triggered cell FDCE clocked by GTHE4_CHANNEL_RXOUTCLKPCS[1]_2  {rise@0.000ns fall@1.600ns period=3.200ns})
  Destination:            DACs/DAC_JESD_PHY/inst/jesd204_phy_block_i/dac_jesd_phy_gt_i/inst/gen_gtwizard_gthe4_top.dac_jesd_phy_gt_gtwizard_gthe4_inst/gen_gtwizard_gthe4.gen_pwrgood_delay_inst[1].delay_powergood_inst/gen_powergood_delay.wait_cnt_reg[5]/R
                            (rising edge-triggered cell FDRE clocked by GTHE4_CHANNEL_RXOUTCLKPCS[1]_2  {rise@0.000ns fall@1.600ns period=3.200ns})
  Path Group:             GTHE4_CHANNEL_RXOUTCLKPCS[1]_2
  Path Type:              Hold (Min at Slow Process Corner)
  Requirement:            0.000ns  (GTHE4_CHANNEL_RXOUTCLKPCS[1]_2 rise@0.000ns - GTHE4_CHANNEL_RXOUTCLKPCS[1]_2 rise@0.000ns)
  Data Path Delay:        0.322ns  (logic 0.060ns (18.609%)  route 0.262ns (81.391%))
  Logic Levels:           0  
  Clock Path Skew:        0.067ns (DCD - SCD - CPR)
    Destination Clock Delay (DCD):    1.401ns
    Source Clock Delay      (SCD):    1.006ns
    Clock Pessimism Removal (CPR):    0.328ns

    Location             Delay type                Incr(ns)  Path(ns)    Partition      Netlist Resource(s)
  -------------------------------------------------------------------    ----------------------------------
                         (clock GTHE4_CHANNEL_RXOUTCLKPCS[1]_2 rise edge)
                                                      0.000     0.000 r                 
    GTHE4_CHANNEL_X1Y5   GTHE4_CHANNEL                0.000     0.000 r  static         DACs/DAC_JESD_PHY/inst/jesd204_phy_block_i/dac_jesd_phy_gt_i/inst/gen_gtwizard_gthe4_top.dac_jesd_phy_gt_gtwizard_gthe4_inst/gen_gtwizard_gthe4.gen_channel_container[25].gen_enabled_channel.gthe4_channel_wrapper_inst/channel_inst/gthe4_channel_gen.gen_gthe4_channel_inst[1].GTHE4_CHANNEL_PRIM_INST/RXOUTCLKPCS
                         net (fo=15, routed)          1.006     1.006    static         DACs/DAC_JESD_PHY/inst/jesd204_phy_block_i/dac_jesd_phy_gt_i/inst/gen_gtwizard_gthe4_top.dac_jesd_phy_gt_gtwizard_gthe4_inst/gen_gtwizard_gthe4.gen_pwrgood_delay_inst[1].delay_powergood_inst/GTHE4_CHANNEL_RXOUTCLKPCS[0]
    SLICE_X36Y265        FDCE                                         r  static         DACs/DAC_JESD_PHY/inst/jesd204_phy_block_i/dac_jesd_phy_gt_i/inst/gen_gtwizard_gthe4_top.dac_jesd_phy_gt_gtwizard_gthe4_inst/gen_gtwizard_gthe4.gen_pwrgood_delay_inst[1].delay_powergood_inst/gen_powergood_delay.intclk_rrst_n_r_reg[4]/C
  -------------------------------------------------------------------    ----------------------------------
    SLICE_X36Y265        FDCE (Prop_EFF2_SLICEL_C_Q)
                                                      0.060     1.066 f  static         DACs/DAC_JESD_PHY/inst/jesd204_phy_block_i/dac_jesd_phy_gt_i/inst/gen_gtwizard_gthe4_top.dac_jesd_phy_gt_gtwizard_gthe4_inst/gen_gtwizard_gthe4.gen_pwrgood_delay_inst[1].delay_powergood_inst/gen_powergood_delay.intclk_rrst_n_r_reg[4]/Q
                         net (fo=9, routed)           0.262     1.328    static         DACs/DAC_JESD_PHY/inst/jesd204_phy_block_i/dac_jesd_phy_gt_i/inst/gen_gtwizard_gthe4_top.dac_jesd_phy_gt_gtwizard_gthe4_inst/gen_gtwizard_gthe4.gen_pwrgood_delay_inst[1].delay_powergood_inst/gen_powergood_delay.intclk_rrst_n_r[4]
    SLICE_X36Y267        FDRE                                         r  static         DACs/DAC_JESD_PHY/inst/jesd204_phy_block_i/dac_jesd_phy_gt_i/inst/gen_gtwizard_gthe4_top.dac_jesd_phy_gt_gtwizard_gthe4_inst/gen_gtwizard_gthe4.gen_pwrgood_delay_inst[1].delay_powergood_inst/gen_powergood_delay.wait_cnt_reg[5]/R  (IS_INVERTED)
  -------------------------------------------------------------------    ----------------------------------

                         (clock GTHE4_CHANNEL_RXOUTCLKPCS[1]_2 rise edge)
                                                      0.000     0.000 r                 
    GTHE4_CHANNEL_X1Y5   GTHE4_CHANNEL                0.000     0.000 r  static         DACs/DAC_JESD_PHY/inst/jesd204_phy_block_i/dac_jesd_phy_gt_i/inst/gen_gtwizard_gthe4_top.dac_jesd_phy_gt_gtwizard_gthe4_inst/gen_gtwizard_gthe4.gen_channel_container[25].gen_enabled_channel.gthe4_channel_wrapper_inst/channel_inst/gthe4_channel_gen.gen_gthe4_channel_inst[1].GTHE4_CHANNEL_PRIM_INST/RXOUTCLKPCS
                         net (fo=15, routed)          1.401     1.401    static         DACs/DAC_JESD_PHY/inst/jesd204_phy_block_i/dac_jesd_phy_gt_i/inst/gen_gtwizard_gthe4_top.dac_jesd_phy_gt_gtwizard_gthe4_inst/gen_gtwizard_gthe4.gen_pwrgood_delay_inst[1].delay_powergood_inst/GTHE4_CHANNEL_RXOUTCLKPCS[0]
    SLICE_X36Y267        FDRE                                         r  static         DACs/DAC_JESD_PHY/inst/jesd204_phy_block_i/dac_jesd_phy_gt_i/inst/gen_gtwizard_gthe4_top.dac_jesd_phy_gt_gtwizard_gthe4_inst/gen_gtwizard_gthe4.gen_pwrgood_delay_inst[1].delay_powergood_inst/gen_powergood_delay.wait_cnt_reg[5]/C
                         clock pessimism             -0.328     1.073                     
    SLICE_X36Y267        FDRE (Hold_EFF2_SLICEL_C_R)
                                                     -0.015     1.058    static           DACs/DAC_JESD_PHY/inst/jesd204_phy_block_i/dac_jesd_phy_gt_i/inst/gen_gtwizard_gthe4_top.dac_jesd_phy_gt_gtwizard_gthe4_inst/gen_gtwizard_gthe4.gen_pwrgood_delay_inst[1].delay_powergood_inst/gen_powergood_delay.wait_cnt_reg[5]
  -------------------------------------------------------------------
                         required time                         -1.058                     
                         arrival time                           1.328                     
  -------------------------------------------------------------------
                         slack                                  0.271                     





Pulse Width Checks
--------------------------------------------------------------------------------------
Clock Name:         GTHE4_CHANNEL_RXOUTCLKPCS[1]_2
Waveform(ns):       { 0.000 1.600 }
Period(ns):         3.200
Sources:            { DACs/DAC_JESD_PHY/inst/jesd204_phy_block_i/dac_jesd_phy_gt_i/inst/gen_gtwizard_gthe4_top.dac_jesd_phy_gt_gtwizard_gthe4_inst/gen_gtwizard_gthe4.gen_channel_container[25].gen_enabled_channel.gthe4_channel_wrapper_inst/channel_inst/gthe4_channel_gen.gen_gthe4_channel_inst[1].GTHE4_CHANNEL_PRIM_INST/RXOUTCLKPCS }

Check Type        Corner  Lib Pin  Reference Pin  Required(ns)  Actual(ns)  Slack(ns)  Location       Pin
Min Period        n/a     FDCE/C   n/a            0.550         3.200       2.650      SLICE_X35Y265  DACs/DAC_JESD_PHY/inst/jesd204_phy_block_i/dac_jesd_phy_gt_i/inst/gen_gtwizard_gthe4_top.dac_jesd_phy_gt_gtwizard_gthe4_inst/gen_gtwizard_gthe4.gen_pwrgood_delay_inst[1].delay_powergood_inst/gen_powergood_delay.int_pwr_on_fsm_reg/C
Low Pulse Width   Slow    FDCE/C   n/a            0.275         1.600       1.325      SLICE_X35Y265  DACs/DAC_JESD_PHY/inst/jesd204_phy_block_i/dac_jesd_phy_gt_i/inst/gen_gtwizard_gthe4_top.dac_jesd_phy_gt_gtwizard_gthe4_inst/gen_gtwizard_gthe4.gen_pwrgood_delay_inst[1].delay_powergood_inst/gen_powergood_delay.int_pwr_on_fsm_reg/C
High Pulse Width  Slow    FDCE/C   n/a            0.275         1.600       1.325      SLICE_X35Y265  DACs/DAC_JESD_PHY/inst/jesd204_phy_block_i/dac_jesd_phy_gt_i/inst/gen_gtwizard_gthe4_top.dac_jesd_phy_gt_gtwizard_gthe4_inst/gen_gtwizard_gthe4.gen_pwrgood_delay_inst[1].delay_powergood_inst/gen_powergood_delay.int_pwr_on_fsm_reg/C



---------------------------------------------------------------------------------------------------
From Clock:  GTHE4_CHANNEL_RXOUTCLKPCS[2]_2
  To Clock:  GTHE4_CHANNEL_RXOUTCLKPCS[2]_2

Setup :            0  Failing Endpoints,  Worst Slack        0.763ns,  Total Violation        0.000ns
Hold  :            0  Failing Endpoints,  Worst Slack        0.287ns,  Total Violation        0.000ns
PW    :            0  Failing Endpoints,  Worst Slack        1.325ns,  Total Violation        0.000ns
---------------------------------------------------------------------------------------------------


Max Delay Paths
--------------------------------------------------------------------------------------
Slack (MET) :             0.763ns  (required time - arrival time)
  Source:                 DACs/DAC_JESD_PHY/inst/jesd204_phy_block_i/dac_jesd_phy_gt_i/inst/gen_gtwizard_gthe4_top.dac_jesd_phy_gt_gtwizard_gthe4_inst/gen_gtwizard_gthe4.gen_pwrgood_delay_inst[2].delay_powergood_inst/gen_powergood_delay.int_pwr_on_fsm_reg/C
                            (rising edge-triggered cell FDCE clocked by GTHE4_CHANNEL_RXOUTCLKPCS[2]_2  {rise@0.000ns fall@1.600ns period=3.200ns})
  Destination:            DACs/DAC_JESD_PHY/inst/jesd204_phy_block_i/dac_jesd_phy_gt_i/inst/gen_gtwizard_gthe4_top.dac_jesd_phy_gt_gtwizard_gthe4_inst/gen_gtwizard_gthe4.gen_pwrgood_delay_inst[2].delay_powergood_inst/gen_powergood_delay.int_pwr_on_fsm_reg/D
                            (rising edge-triggered cell FDCE clocked by GTHE4_CHANNEL_RXOUTCLKPCS[2]_2  {rise@0.000ns fall@1.600ns period=3.200ns})
  Path Group:             GTHE4_CHANNEL_RXOUTCLKPCS[2]_2
  Path Type:              Setup (Max at Slow Process Corner)
  Requirement:            3.200ns  (GTHE4_CHANNEL_RXOUTCLKPCS[2]_2 rise@3.200ns - GTHE4_CHANNEL_RXOUTCLKPCS[2]_2 rise@0.000ns)
  Data Path Delay:        2.418ns  (logic 0.271ns (11.209%)  route 2.147ns (88.791%))
  Logic Levels:           3  (LUT1=2 LUT2=1)
  Clock Path Skew:        -0.009ns (DCD - SCD + CPR)
    Destination Clock Delay (DCD):    0.991ns = ( 4.191 - 3.200 ) 
    Source Clock Delay      (SCD):    1.523ns
    Clock Pessimism Removal (CPR):    0.524ns
  Clock Uncertainty:      0.035ns  ((TSJ^2 + TIJ^2)^1/2 + DJ) / 2 + PE
    Total System Jitter     (TSJ):    0.071ns
    Total Input Jitter      (TIJ):    0.000ns
    Discrete Jitter          (DJ):    0.000ns
    Phase Error              (PE):    0.000ns

    Location             Delay type                Incr(ns)  Path(ns)    Partition      Netlist Resource(s)
  -------------------------------------------------------------------    ----------------------------------
                         (clock GTHE4_CHANNEL_RXOUTCLKPCS[2]_2 rise edge)
                                                      0.000     0.000 r                 
    GTHE4_CHANNEL_X1Y6   GTHE4_CHANNEL                0.000     0.000 r  static         DACs/DAC_JESD_PHY/inst/jesd204_phy_block_i/dac_jesd_phy_gt_i/inst/gen_gtwizard_gthe4_top.dac_jesd_phy_gt_gtwizard_gthe4_inst/gen_gtwizard_gthe4.gen_channel_container[25].gen_enabled_channel.gthe4_channel_wrapper_inst/channel_inst/gthe4_channel_gen.gen_gthe4_channel_inst[2].GTHE4_CHANNEL_PRIM_INST/RXOUTCLKPCS
                         net (fo=15, routed)          1.523     1.523    static         DACs/DAC_JESD_PHY/inst/jesd204_phy_block_i/dac_jesd_phy_gt_i/inst/gen_gtwizard_gthe4_top.dac_jesd_phy_gt_gtwizard_gthe4_inst/gen_gtwizard_gthe4.gen_pwrgood_delay_inst[2].delay_powergood_inst/GTHE4_CHANNEL_RXOUTCLKPCS[0]
    SLICE_X35Y257        FDCE                                         r  static         DACs/DAC_JESD_PHY/inst/jesd204_phy_block_i/dac_jesd_phy_gt_i/inst/gen_gtwizard_gthe4_top.dac_jesd_phy_gt_gtwizard_gthe4_inst/gen_gtwizard_gthe4.gen_pwrgood_delay_inst[2].delay_powergood_inst/gen_powergood_delay.int_pwr_on_fsm_reg/C
  -------------------------------------------------------------------    ----------------------------------
    SLICE_X35Y257        FDCE (Prop_AFF2_SLICEM_C_Q)
                                                      0.080     1.603 r  static         DACs/DAC_JESD_PHY/inst/jesd204_phy_block_i/dac_jesd_phy_gt_i/inst/gen_gtwizard_gthe4_top.dac_jesd_phy_gt_gtwizard_gthe4_inst/gen_gtwizard_gthe4.gen_pwrgood_delay_inst[2].delay_powergood_inst/gen_powergood_delay.int_pwr_on_fsm_reg/Q
                         net (fo=3, routed)           0.490     2.093    static         DACs/DAC_JESD_PHY/inst/jesd204_phy_block_i/dac_jesd_phy_gt_i/inst/gen_gtwizard_gthe4_top.dac_jesd_phy_gt_gtwizard_gthe4_inst/gen_gtwizard_gthe4.gen_pwrgood_delay_inst[2].delay_powergood_inst/gen_powergood_delay.int_pwr_on_fsm
    SLICE_X35Y300        LUT1 (Prop_A5LUT_SLICEM_I0_O)
                                                      0.070     2.163 r  static         DACs/DAC_JESD_PHY/inst/jesd204_phy_block_i/dac_jesd_phy_gt_i/inst/gen_gtwizard_gthe4_top.dac_jesd_phy_gt_gtwizard_gthe4_inst/gen_gtwizard_gthe4.gen_pwrgood_delay_inst[2].delay_powergood_inst/gen_powergood_delay.int_pwr_on_fsm_hold_fix/O
                         net (fo=2, routed)           0.651     2.814    static         DACs/DAC_JESD_PHY/inst/jesd204_phy_block_i/dac_jesd_phy_gt_i/inst/gen_gtwizard_gthe4_top.dac_jesd_phy_gt_gtwizard_gthe4_inst/gen_gtwizard_gthe4.gen_pwrgood_delay_inst[2].delay_powergood_inst/gen_powergood_delay.int_pwr_on_fsm_hold_fix_1
    SLICE_X35Y257        LUT2 (Prop_D6LUT_SLICEM_I0_O)
                                                      0.051     2.865 r  static         DACs/DAC_JESD_PHY/inst/jesd204_phy_block_i/dac_jesd_phy_gt_i/inst/gen_gtwizard_gthe4_top.dac_jesd_phy_gt_gtwizard_gthe4_inst/gen_gtwizard_gthe4.gen_pwrgood_delay_inst[2].delay_powergood_inst/gen_powergood_delay.int_pwr_on_fsm_i_1__1/O
                         net (fo=1, routed)           0.443     3.308    static         DACs/DAC_JESD_PHY/inst/jesd204_phy_block_i/dac_jesd_phy_gt_i/inst/gen_gtwizard_gthe4_top.dac_jesd_phy_gt_gtwizard_gthe4_inst/gen_gtwizard_gthe4.gen_pwrgood_delay_inst[2].delay_powergood_inst/gen_powergood_delay.int_pwr_on_fsm_i_1__1_n_0
    SLICE_X35Y292        LUT1 (Prop_A5LUT_SLICEM_I0_O)
                                                      0.070     3.378 r  static         DACs/DAC_JESD_PHY/inst/jesd204_phy_block_i/dac_jesd_phy_gt_i/inst/gen_gtwizard_gthe4_top.dac_jesd_phy_gt_gtwizard_gthe4_inst/gen_gtwizard_gthe4.gen_pwrgood_delay_inst[2].delay_powergood_inst/gen_powergood_delay.int_pwr_on_fsm_i_1__1_n_0_hold_fix/O
                         net (fo=1, routed)           0.563     3.941    static         DACs/DAC_JESD_PHY/inst/jesd204_phy_block_i/dac_jesd_phy_gt_i/inst/gen_gtwizard_gthe4_top.dac_jesd_phy_gt_gtwizard_gthe4_inst/gen_gtwizard_gthe4.gen_pwrgood_delay_inst[2].delay_powergood_inst/gen_powergood_delay.int_pwr_on_fsm_i_1__1_n_0_hold_fix_1
    SLICE_X35Y257        FDCE                                         r  static         DACs/DAC_JESD_PHY/inst/jesd204_phy_block_i/dac_jesd_phy_gt_i/inst/gen_gtwizard_gthe4_top.dac_jesd_phy_gt_gtwizard_gthe4_inst/gen_gtwizard_gthe4.gen_pwrgood_delay_inst[2].delay_powergood_inst/gen_powergood_delay.int_pwr_on_fsm_reg/D
  -------------------------------------------------------------------    ----------------------------------

                         (clock GTHE4_CHANNEL_RXOUTCLKPCS[2]_2 rise edge)
                                                      3.200     3.200 r                 
    GTHE4_CHANNEL_X1Y6   GTHE4_CHANNEL                0.000     3.200 r  static         DACs/DAC_JESD_PHY/inst/jesd204_phy_block_i/dac_jesd_phy_gt_i/inst/gen_gtwizard_gthe4_top.dac_jesd_phy_gt_gtwizard_gthe4_inst/gen_gtwizard_gthe4.gen_channel_container[25].gen_enabled_channel.gthe4_channel_wrapper_inst/channel_inst/gthe4_channel_gen.gen_gthe4_channel_inst[2].GTHE4_CHANNEL_PRIM_INST/RXOUTCLKPCS
                         net (fo=15, routed)          0.991     4.191    static         DACs/DAC_JESD_PHY/inst/jesd204_phy_block_i/dac_jesd_phy_gt_i/inst/gen_gtwizard_gthe4_top.dac_jesd_phy_gt_gtwizard_gthe4_inst/gen_gtwizard_gthe4.gen_pwrgood_delay_inst[2].delay_powergood_inst/GTHE4_CHANNEL_RXOUTCLKPCS[0]
    SLICE_X35Y257        FDCE                                         r  static         DACs/DAC_JESD_PHY/inst/jesd204_phy_block_i/dac_jesd_phy_gt_i/inst/gen_gtwizard_gthe4_top.dac_jesd_phy_gt_gtwizard_gthe4_inst/gen_gtwizard_gthe4.gen_pwrgood_delay_inst[2].delay_powergood_inst/gen_powergood_delay.int_pwr_on_fsm_reg/C
                         clock pessimism              0.524     4.714                     
                         clock uncertainty           -0.035     4.679                     
    SLICE_X35Y257        FDCE (Setup_AFF2_SLICEM_C_D)
                                                      0.025     4.704    static           DACs/DAC_JESD_PHY/inst/jesd204_phy_block_i/dac_jesd_phy_gt_i/inst/gen_gtwizard_gthe4_top.dac_jesd_phy_gt_gtwizard_gthe4_inst/gen_gtwizard_gthe4.gen_pwrgood_delay_inst[2].delay_powergood_inst/gen_powergood_delay.int_pwr_on_fsm_reg
  -------------------------------------------------------------------
                         required time                          4.704                     
                         arrival time                          -3.941                     
  -------------------------------------------------------------------
                         slack                                  0.763                     





Min Delay Paths
--------------------------------------------------------------------------------------
Slack (MET) :             0.287ns  (arrival time - required time)
  Source:                 DACs/DAC_JESD_PHY/inst/jesd204_phy_block_i/dac_jesd_phy_gt_i/inst/gen_gtwizard_gthe4_top.dac_jesd_phy_gt_gtwizard_gthe4_inst/gen_gtwizard_gthe4.gen_pwrgood_delay_inst[2].delay_powergood_inst/gen_powergood_delay.int_pwr_on_fsm_reg/C
                            (rising edge-triggered cell FDCE clocked by GTHE4_CHANNEL_RXOUTCLKPCS[2]_2  {rise@0.000ns fall@1.600ns period=3.200ns})
  Destination:            DACs/DAC_JESD_PHY/inst/jesd204_phy_block_i/dac_jesd_phy_gt_i/inst/gen_gtwizard_gthe4_top.dac_jesd_phy_gt_gtwizard_gthe4_inst/gen_gtwizard_gthe4.gen_pwrgood_delay_inst[2].delay_powergood_inst/gen_powergood_delay.intclk_rrst_n_r_reg[4]/CE
                            (rising edge-triggered cell FDCE clocked by GTHE4_CHANNEL_RXOUTCLKPCS[2]_2  {rise@0.000ns fall@1.600ns period=3.200ns})
  Path Group:             GTHE4_CHANNEL_RXOUTCLKPCS[2]_2
  Path Type:              Hold (Min at Fast Process Corner)
  Requirement:            0.000ns  (GTHE4_CHANNEL_RXOUTCLKPCS[2]_2 rise@0.000ns - GTHE4_CHANNEL_RXOUTCLKPCS[2]_2 rise@0.000ns)
  Data Path Delay:        0.329ns  (logic 0.078ns (23.696%)  route 0.251ns (76.304%))
  Logic Levels:           1  (LUT1=1)
  Clock Path Skew:        0.049ns (DCD - SCD - CPR)
    Destination Clock Delay (DCD):    1.021ns
    Source Clock Delay      (SCD):    0.772ns
    Clock Pessimism Removal (CPR):    0.199ns

    Location             Delay type                Incr(ns)  Path(ns)    Partition      Netlist Resource(s)
  -------------------------------------------------------------------    ----------------------------------
                         (clock GTHE4_CHANNEL_RXOUTCLKPCS[2]_2 rise edge)
                                                      0.000     0.000 r                 
    GTHE4_CHANNEL_X1Y6   GTHE4_CHANNEL                0.000     0.000 r  static         DACs/DAC_JESD_PHY/inst/jesd204_phy_block_i/dac_jesd_phy_gt_i/inst/gen_gtwizard_gthe4_top.dac_jesd_phy_gt_gtwizard_gthe4_inst/gen_gtwizard_gthe4.gen_channel_container[25].gen_enabled_channel.gthe4_channel_wrapper_inst/channel_inst/gthe4_channel_gen.gen_gthe4_channel_inst[2].GTHE4_CHANNEL_PRIM_INST/RXOUTCLKPCS
                         net (fo=15, routed)          0.772     0.772    static         DACs/DAC_JESD_PHY/inst/jesd204_phy_block_i/dac_jesd_phy_gt_i/inst/gen_gtwizard_gthe4_top.dac_jesd_phy_gt_gtwizard_gthe4_inst/gen_gtwizard_gthe4.gen_pwrgood_delay_inst[2].delay_powergood_inst/GTHE4_CHANNEL_RXOUTCLKPCS[0]
    SLICE_X35Y257        FDCE                                         r  static         DACs/DAC_JESD_PHY/inst/jesd204_phy_block_i/dac_jesd_phy_gt_i/inst/gen_gtwizard_gthe4_top.dac_jesd_phy_gt_gtwizard_gthe4_inst/gen_gtwizard_gthe4.gen_pwrgood_delay_inst[2].delay_powergood_inst/gen_powergood_delay.int_pwr_on_fsm_reg/C
  -------------------------------------------------------------------    ----------------------------------
    SLICE_X35Y257        FDCE (Prop_AFF2_SLICEM_C_Q)
                                                      0.039     0.811 f  static         DACs/DAC_JESD_PHY/inst/jesd204_phy_block_i/dac_jesd_phy_gt_i/inst/gen_gtwizard_gthe4_top.dac_jesd_phy_gt_gtwizard_gthe4_inst/gen_gtwizard_gthe4.gen_pwrgood_delay_inst[2].delay_powergood_inst/gen_powergood_delay.int_pwr_on_fsm_reg/Q
                         net (fo=3, routed)           0.143     0.954    static         DACs/DAC_JESD_PHY/inst/jesd204_phy_block_i/dac_jesd_phy_gt_i/inst/gen_gtwizard_gthe4_top.dac_jesd_phy_gt_gtwizard_gthe4_inst/gen_gtwizard_gthe4.gen_pwrgood_delay_inst[2].delay_powergood_inst/gen_powergood_delay.int_pwr_on_fsm
    SLICE_X36Y256        LUT1 (Prop_F5LUT_SLICEL_I0_O)
                                                      0.039     0.993 r  static         DACs/DAC_JESD_PHY/inst/jesd204_phy_block_i/dac_jesd_phy_gt_i/inst/gen_gtwizard_gthe4_top.dac_jesd_phy_gt_gtwizard_gthe4_inst/gen_gtwizard_gthe4.gen_pwrgood_delay_inst[2].delay_powergood_inst/gen_powergood_delay.intclk_rrst_n_r[4]_i_1__1/O
                         net (fo=12, routed)          0.108     1.101    static         DACs/DAC_JESD_PHY/inst/jesd204_phy_block_i/dac_jesd_phy_gt_i/inst/gen_gtwizard_gthe4_top.dac_jesd_phy_gt_gtwizard_gthe4_inst/gen_gtwizard_gthe4.gen_pwrgood_delay_inst[2].delay_powergood_inst/gen_powergood_delay.intclk_rrst_n_r[4]_i_1__1_n_0
    SLICE_X36Y256        FDCE                                         r  static         DACs/DAC_JESD_PHY/inst/jesd204_phy_block_i/dac_jesd_phy_gt_i/inst/gen_gtwizard_gthe4_top.dac_jesd_phy_gt_gtwizard_gthe4_inst/gen_gtwizard_gthe4.gen_pwrgood_delay_inst[2].delay_powergood_inst/gen_powergood_delay.intclk_rrst_n_r_reg[4]/CE
  -------------------------------------------------------------------    ----------------------------------

                         (clock GTHE4_CHANNEL_RXOUTCLKPCS[2]_2 rise edge)
                                                      0.000     0.000 r                 
    GTHE4_CHANNEL_X1Y6   GTHE4_CHANNEL                0.000     0.000 r  static         DACs/DAC_JESD_PHY/inst/jesd204_phy_block_i/dac_jesd_phy_gt_i/inst/gen_gtwizard_gthe4_top.dac_jesd_phy_gt_gtwizard_gthe4_inst/gen_gtwizard_gthe4.gen_channel_container[25].gen_enabled_channel.gthe4_channel_wrapper_inst/channel_inst/gthe4_channel_gen.gen_gthe4_channel_inst[2].GTHE4_CHANNEL_PRIM_INST/RXOUTCLKPCS
                         net (fo=15, routed)          1.021     1.021    static         DACs/DAC_JESD_PHY/inst/jesd204_phy_block_i/dac_jesd_phy_gt_i/inst/gen_gtwizard_gthe4_top.dac_jesd_phy_gt_gtwizard_gthe4_inst/gen_gtwizard_gthe4.gen_pwrgood_delay_inst[2].delay_powergood_inst/GTHE4_CHANNEL_RXOUTCLKPCS[0]
    SLICE_X36Y256        FDCE                                         r  static         DACs/DAC_JESD_PHY/inst/jesd204_phy_block_i/dac_jesd_phy_gt_i/inst/gen_gtwizard_gthe4_top.dac_jesd_phy_gt_gtwizard_gthe4_inst/gen_gtwizard_gthe4.gen_pwrgood_delay_inst[2].delay_powergood_inst/gen_powergood_delay.intclk_rrst_n_r_reg[4]/C
                         clock pessimism             -0.199     0.821                     
    SLICE_X36Y256        FDCE (Hold_EFF2_SLICEL_C_CE)
                                                     -0.007     0.814    static           DACs/DAC_JESD_PHY/inst/jesd204_phy_block_i/dac_jesd_phy_gt_i/inst/gen_gtwizard_gthe4_top.dac_jesd_phy_gt_gtwizard_gthe4_inst/gen_gtwizard_gthe4.gen_pwrgood_delay_inst[2].delay_powergood_inst/gen_powergood_delay.intclk_rrst_n_r_reg[4]
  -------------------------------------------------------------------
                         required time                         -0.814                     
                         arrival time                           1.101                     
  -------------------------------------------------------------------
                         slack                                  0.287                     





Pulse Width Checks
--------------------------------------------------------------------------------------
Clock Name:         GTHE4_CHANNEL_RXOUTCLKPCS[2]_2
Waveform(ns):       { 0.000 1.600 }
Period(ns):         3.200
Sources:            { DACs/DAC_JESD_PHY/inst/jesd204_phy_block_i/dac_jesd_phy_gt_i/inst/gen_gtwizard_gthe4_top.dac_jesd_phy_gt_gtwizard_gthe4_inst/gen_gtwizard_gthe4.gen_channel_container[25].gen_enabled_channel.gthe4_channel_wrapper_inst/channel_inst/gthe4_channel_gen.gen_gthe4_channel_inst[2].GTHE4_CHANNEL_PRIM_INST/RXOUTCLKPCS }

Check Type        Corner  Lib Pin  Reference Pin  Required(ns)  Actual(ns)  Slack(ns)  Location       Pin
Min Period        n/a     FDCE/C   n/a            0.550         3.200       2.650      SLICE_X35Y257  DACs/DAC_JESD_PHY/inst/jesd204_phy_block_i/dac_jesd_phy_gt_i/inst/gen_gtwizard_gthe4_top.dac_jesd_phy_gt_gtwizard_gthe4_inst/gen_gtwizard_gthe4.gen_pwrgood_delay_inst[2].delay_powergood_inst/gen_powergood_delay.int_pwr_on_fsm_reg/C
Low Pulse Width   Slow    FDCE/C   n/a            0.275         1.600       1.325      SLICE_X35Y257  DACs/DAC_JESD_PHY/inst/jesd204_phy_block_i/dac_jesd_phy_gt_i/inst/gen_gtwizard_gthe4_top.dac_jesd_phy_gt_gtwizard_gthe4_inst/gen_gtwizard_gthe4.gen_pwrgood_delay_inst[2].delay_powergood_inst/gen_powergood_delay.int_pwr_on_fsm_reg/C
High Pulse Width  Slow    FDCE/C   n/a            0.275         1.600       1.325      SLICE_X35Y257  DACs/DAC_JESD_PHY/inst/jesd204_phy_block_i/dac_jesd_phy_gt_i/inst/gen_gtwizard_gthe4_top.dac_jesd_phy_gt_gtwizard_gthe4_inst/gen_gtwizard_gthe4.gen_pwrgood_delay_inst[2].delay_powergood_inst/gen_powergood_delay.int_pwr_on_fsm_reg/C



---------------------------------------------------------------------------------------------------
From Clock:  GTHE4_CHANNEL_RXOUTCLKPCS[3]_2
  To Clock:  GTHE4_CHANNEL_RXOUTCLKPCS[3]_2

Setup :            0  Failing Endpoints,  Worst Slack        0.568ns,  Total Violation        0.000ns
Hold  :            0  Failing Endpoints,  Worst Slack        0.374ns,  Total Violation        0.000ns
PW    :            0  Failing Endpoints,  Worst Slack        1.325ns,  Total Violation        0.000ns
---------------------------------------------------------------------------------------------------


Max Delay Paths
--------------------------------------------------------------------------------------
Slack (MET) :             0.568ns  (required time - arrival time)
  Source:                 DACs/DAC_JESD_PHY/inst/jesd204_phy_block_i/dac_jesd_phy_gt_i/inst/gen_gtwizard_gthe4_top.dac_jesd_phy_gt_gtwizard_gthe4_inst/gen_gtwizard_gthe4.gen_pwrgood_delay_inst[3].delay_powergood_inst/gen_powergood_delay.int_pwr_on_fsm_reg/C
                            (rising edge-triggered cell FDCE clocked by GTHE4_CHANNEL_RXOUTCLKPCS[3]_2  {rise@0.000ns fall@1.600ns period=3.200ns})
  Destination:            DACs/DAC_JESD_PHY/inst/jesd204_phy_block_i/dac_jesd_phy_gt_i/inst/gen_gtwizard_gthe4_top.dac_jesd_phy_gt_gtwizard_gthe4_inst/gen_gtwizard_gthe4.gen_pwrgood_delay_inst[3].delay_powergood_inst/gen_powergood_delay.intclk_rrst_n_r_reg[4]/CE
                            (rising edge-triggered cell FDCE clocked by GTHE4_CHANNEL_RXOUTCLKPCS[3]_2  {rise@0.000ns fall@1.600ns period=3.200ns})
  Path Group:             GTHE4_CHANNEL_RXOUTCLKPCS[3]_2
  Path Type:              Setup (Max at Slow Process Corner)
  Requirement:            3.200ns  (GTHE4_CHANNEL_RXOUTCLKPCS[3]_2 rise@3.200ns - GTHE4_CHANNEL_RXOUTCLKPCS[3]_2 rise@0.000ns)
  Data Path Delay:        1.907ns  (logic 0.335ns (17.562%)  route 1.572ns (82.438%))
  Logic Levels:           2  (LUT1=2)
  Clock Path Skew:        -0.629ns (DCD - SCD + CPR)
    Destination Clock Delay (DCD):    1.034ns = ( 4.234 - 3.200 ) 
    Source Clock Delay      (SCD):    1.677ns
    Clock Pessimism Removal (CPR):    0.014ns
  Clock Uncertainty:      0.035ns  ((TSJ^2 + TIJ^2)^1/2 + DJ) / 2 + PE
    Total System Jitter     (TSJ):    0.071ns
    Total Input Jitter      (TIJ):    0.000ns
    Discrete Jitter          (DJ):    0.000ns
    Phase Error              (PE):    0.000ns

    Location             Delay type                Incr(ns)  Path(ns)    Partition      Netlist Resource(s)
  -------------------------------------------------------------------    ----------------------------------
                         (clock GTHE4_CHANNEL_RXOUTCLKPCS[3]_2 rise edge)
                                                      0.000     0.000 r                 
    GTHE4_CHANNEL_X1Y7   GTHE4_CHANNEL                0.000     0.000 r  static         DACs/DAC_JESD_PHY/inst/jesd204_phy_block_i/dac_jesd_phy_gt_i/inst/gen_gtwizard_gthe4_top.dac_jesd_phy_gt_gtwizard_gthe4_inst/gen_gtwizard_gthe4.gen_channel_container[25].gen_enabled_channel.gthe4_channel_wrapper_inst/channel_inst/gthe4_channel_gen.gen_gthe4_channel_inst[3].GTHE4_CHANNEL_PRIM_INST/RXOUTCLKPCS
                         net (fo=15, routed)          1.677     1.677    static         DACs/DAC_JESD_PHY/inst/jesd204_phy_block_i/dac_jesd_phy_gt_i/inst/gen_gtwizard_gthe4_top.dac_jesd_phy_gt_gtwizard_gthe4_inst/gen_gtwizard_gthe4.gen_pwrgood_delay_inst[3].delay_powergood_inst/GTHE4_CHANNEL_RXOUTCLKPCS[0]
    SLICE_X39Y260        FDCE                                         r  static         DACs/DAC_JESD_PHY/inst/jesd204_phy_block_i/dac_jesd_phy_gt_i/inst/gen_gtwizard_gthe4_top.dac_jesd_phy_gt_gtwizard_gthe4_inst/gen_gtwizard_gthe4.gen_pwrgood_delay_inst[3].delay_powergood_inst/gen_powergood_delay.int_pwr_on_fsm_reg/C
  -------------------------------------------------------------------    ----------------------------------
    SLICE_X39Y260        FDCE (Prop_AFF2_SLICEL_C_Q)
                                                      0.081     1.758 f  static         DACs/DAC_JESD_PHY/inst/jesd204_phy_block_i/dac_jesd_phy_gt_i/inst/gen_gtwizard_gthe4_top.dac_jesd_phy_gt_gtwizard_gthe4_inst/gen_gtwizard_gthe4.gen_pwrgood_delay_inst[3].delay_powergood_inst/gen_powergood_delay.int_pwr_on_fsm_reg/Q
                         net (fo=1, routed)           0.553     2.311    static         DACs/DAC_JESD_PHY/inst/jesd204_phy_block_i/dac_jesd_phy_gt_i/inst/gen_gtwizard_gthe4_top.dac_jesd_phy_gt_gtwizard_gthe4_inst/gen_gtwizard_gthe4.gen_pwrgood_delay_inst[3].delay_powergood_inst/gen_powergood_delay.int_pwr_on_fsm
    SLICE_X39Y307        LUT1 (Prop_B5LUT_SLICEL_I0_O)
                                                      0.165     2.476 f  static         DACs/DAC_JESD_PHY/inst/jesd204_phy_block_i/dac_jesd_phy_gt_i/inst/gen_gtwizard_gthe4_top.dac_jesd_phy_gt_gtwizard_gthe4_inst/gen_gtwizard_gthe4.gen_pwrgood_delay_inst[3].delay_powergood_inst/gen_powergood_delay.int_pwr_on_fsm_hold_fix/O
                         net (fo=4, routed)           0.735     3.211    static         DACs/DAC_JESD_PHY/inst/jesd204_phy_block_i/dac_jesd_phy_gt_i/inst/gen_gtwizard_gthe4_top.dac_jesd_phy_gt_gtwizard_gthe4_inst/gen_gtwizard_gthe4.gen_pwrgood_delay_inst[3].delay_powergood_inst/gen_powergood_delay.int_pwr_on_fsm_hold_fix_1
    SLICE_X39Y259        LUT1 (Prop_D6LUT_SLICEL_I0_O)
                                                      0.089     3.300 r  static         DACs/DAC_JESD_PHY/inst/jesd204_phy_block_i/dac_jesd_phy_gt_i/inst/gen_gtwizard_gthe4_top.dac_jesd_phy_gt_gtwizard_gthe4_inst/gen_gtwizard_gthe4.gen_pwrgood_delay_inst[3].delay_powergood_inst/gen_powergood_delay.intclk_rrst_n_r[4]_i_1__2/O
                         net (fo=12, routed)          0.285     3.585    static         DACs/DAC_JESD_PHY/inst/jesd204_phy_block_i/dac_jesd_phy_gt_i/inst/gen_gtwizard_gthe4_top.dac_jesd_phy_gt_gtwizard_gthe4_inst/gen_gtwizard_gthe4.gen_pwrgood_delay_inst[3].delay_powergood_inst/gen_powergood_delay.intclk_rrst_n_r[4]_i_1__2_n_0
    SLICE_X39Y257        FDCE                                         r  static         DACs/DAC_JESD_PHY/inst/jesd204_phy_block_i/dac_jesd_phy_gt_i/inst/gen_gtwizard_gthe4_top.dac_jesd_phy_gt_gtwizard_gthe4_inst/gen_gtwizard_gthe4.gen_pwrgood_delay_inst[3].delay_powergood_inst/gen_powergood_delay.intclk_rrst_n_r_reg[4]/CE
  -------------------------------------------------------------------    ----------------------------------

                         (clock GTHE4_CHANNEL_RXOUTCLKPCS[3]_2 rise edge)
                                                      3.200     3.200 r                 
    GTHE4_CHANNEL_X1Y7   GTHE4_CHANNEL                0.000     3.200 r  static         DACs/DAC_JESD_PHY/inst/jesd204_phy_block_i/dac_jesd_phy_gt_i/inst/gen_gtwizard_gthe4_top.dac_jesd_phy_gt_gtwizard_gthe4_inst/gen_gtwizard_gthe4.gen_channel_container[25].gen_enabled_channel.gthe4_channel_wrapper_inst/channel_inst/gthe4_channel_gen.gen_gthe4_channel_inst[3].GTHE4_CHANNEL_PRIM_INST/RXOUTCLKPCS
                         net (fo=15, routed)          1.034     4.234    static         DACs/DAC_JESD_PHY/inst/jesd204_phy_block_i/dac_jesd_phy_gt_i/inst/gen_gtwizard_gthe4_top.dac_jesd_phy_gt_gtwizard_gthe4_inst/gen_gtwizard_gthe4.gen_pwrgood_delay_inst[3].delay_powergood_inst/GTHE4_CHANNEL_RXOUTCLKPCS[0]
    SLICE_X39Y257        FDCE                                         r  static         DACs/DAC_JESD_PHY/inst/jesd204_phy_block_i/dac_jesd_phy_gt_i/inst/gen_gtwizard_gthe4_top.dac_jesd_phy_gt_gtwizard_gthe4_inst/gen_gtwizard_gthe4.gen_pwrgood_delay_inst[3].delay_powergood_inst/gen_powergood_delay.intclk_rrst_n_r_reg[4]/C
                         clock pessimism              0.014     4.248                     
                         clock uncertainty           -0.035     4.213                     
    SLICE_X39Y257        FDCE (Setup_EFF2_SLICEL_C_CE)
                                                     -0.060     4.153    static           DACs/DAC_JESD_PHY/inst/jesd204_phy_block_i/dac_jesd_phy_gt_i/inst/gen_gtwizard_gthe4_top.dac_jesd_phy_gt_gtwizard_gthe4_inst/gen_gtwizard_gthe4.gen_pwrgood_delay_inst[3].delay_powergood_inst/gen_powergood_delay.intclk_rrst_n_r_reg[4]
  -------------------------------------------------------------------
                         required time                          4.153                     
                         arrival time                          -3.585                     
  -------------------------------------------------------------------
                         slack                                  0.568                     





Min Delay Paths
--------------------------------------------------------------------------------------
Slack (MET) :             0.374ns  (arrival time - required time)
  Source:                 DACs/DAC_JESD_PHY/inst/jesd204_phy_block_i/dac_jesd_phy_gt_i/inst/gen_gtwizard_gthe4_top.dac_jesd_phy_gt_gtwizard_gthe4_inst/gen_gtwizard_gthe4.gen_pwrgood_delay_inst[3].delay_powergood_inst/gen_powergood_delay.intclk_rrst_n_r_reg[4]/C
                            (rising edge-triggered cell FDCE clocked by GTHE4_CHANNEL_RXOUTCLKPCS[3]_2  {rise@0.000ns fall@1.600ns period=3.200ns})
  Destination:            DACs/DAC_JESD_PHY/inst/jesd204_phy_block_i/dac_jesd_phy_gt_i/inst/gen_gtwizard_gthe4_top.dac_jesd_phy_gt_gtwizard_gthe4_inst/gen_gtwizard_gthe4.gen_pwrgood_delay_inst[3].delay_powergood_inst/gen_powergood_delay.wait_cnt_reg[0]/D
                            (rising edge-triggered cell FDRE clocked by GTHE4_CHANNEL_RXOUTCLKPCS[3]_2  {rise@0.000ns fall@1.600ns period=3.200ns})
  Path Group:             GTHE4_CHANNEL_RXOUTCLKPCS[3]_2
  Path Type:              Hold (Min at Slow Process Corner)
  Requirement:            0.000ns  (GTHE4_CHANNEL_RXOUTCLKPCS[3]_2 rise@0.000ns - GTHE4_CHANNEL_RXOUTCLKPCS[3]_2 rise@0.000ns)
  Data Path Delay:        1.018ns  (logic 0.137ns (13.458%)  route 0.881ns (86.542%))
  Logic Levels:           1  (LUT1=1)
  Clock Path Skew:        0.582ns (DCD - SCD - CPR)
    Destination Clock Delay (DCD):    1.630ns
    Source Clock Delay      (SCD):    1.034ns
    Clock Pessimism Removal (CPR):    0.014ns

    Location             Delay type                Incr(ns)  Path(ns)    Partition      Netlist Resource(s)
  -------------------------------------------------------------------    ----------------------------------
                         (clock GTHE4_CHANNEL_RXOUTCLKPCS[3]_2 rise edge)
                                                      0.000     0.000 r                 
    GTHE4_CHANNEL_X1Y7   GTHE4_CHANNEL                0.000     0.000 r  static         DACs/DAC_JESD_PHY/inst/jesd204_phy_block_i/dac_jesd_phy_gt_i/inst/gen_gtwizard_gthe4_top.dac_jesd_phy_gt_gtwizard_gthe4_inst/gen_gtwizard_gthe4.gen_channel_container[25].gen_enabled_channel.gthe4_channel_wrapper_inst/channel_inst/gthe4_channel_gen.gen_gthe4_channel_inst[3].GTHE4_CHANNEL_PRIM_INST/RXOUTCLKPCS
                         net (fo=15, routed)          1.034     1.034    static         DACs/DAC_JESD_PHY/inst/jesd204_phy_block_i/dac_jesd_phy_gt_i/inst/gen_gtwizard_gthe4_top.dac_jesd_phy_gt_gtwizard_gthe4_inst/gen_gtwizard_gthe4.gen_pwrgood_delay_inst[3].delay_powergood_inst/GTHE4_CHANNEL_RXOUTCLKPCS[0]
    SLICE_X39Y257        FDCE                                         r  static         DACs/DAC_JESD_PHY/inst/jesd204_phy_block_i/dac_jesd_phy_gt_i/inst/gen_gtwizard_gthe4_top.dac_jesd_phy_gt_gtwizard_gthe4_inst/gen_gtwizard_gthe4.gen_pwrgood_delay_inst[3].delay_powergood_inst/gen_powergood_delay.intclk_rrst_n_r_reg[4]/C
  -------------------------------------------------------------------    ----------------------------------
    SLICE_X39Y257        FDCE (Prop_EFF2_SLICEL_C_Q)
                                                      0.060     1.094 r  static         DACs/DAC_JESD_PHY/inst/jesd204_phy_block_i/dac_jesd_phy_gt_i/inst/gen_gtwizard_gthe4_top.dac_jesd_phy_gt_gtwizard_gthe4_inst/gen_gtwizard_gthe4.gen_pwrgood_delay_inst[3].delay_powergood_inst/gen_powergood_delay.intclk_rrst_n_r_reg[4]/Q
                         net (fo=1, routed)           0.470     1.564    static         DACs/DAC_JESD_PHY/inst/jesd204_phy_block_i/dac_jesd_phy_gt_i/inst/gen_gtwizard_gthe4_top.dac_jesd_phy_gt_gtwizard_gthe4_inst/gen_gtwizard_gthe4.gen_pwrgood_delay_inst[3].delay_powergood_inst/gen_powergood_delay.intclk_rrst_n_r[4]
    SLICE_X39Y211        LUT1 (Prop_A5LUT_SLICEL_I0_O)
                                                      0.077     1.641 r  static         DACs/DAC_JESD_PHY/inst/jesd204_phy_block_i/dac_jesd_phy_gt_i/inst/gen_gtwizard_gthe4_top.dac_jesd_phy_gt_gtwizard_gthe4_inst/gen_gtwizard_gthe4.gen_pwrgood_delay_inst[3].delay_powergood_inst/gen_powergood_delay.intclk_rrst_n_r[4]_hold_fix/O
                         net (fo=9, routed)           0.411     2.052    static         DACs/DAC_JESD_PHY/inst/jesd204_phy_block_i/dac_jesd_phy_gt_i/inst/gen_gtwizard_gthe4_top.dac_jesd_phy_gt_gtwizard_gthe4_inst/gen_gtwizard_gthe4.gen_pwrgood_delay_inst[3].delay_powergood_inst/gen_powergood_delay.intclk_rrst_n_r[4]_hold_fix_1
    SLICE_X39Y258        FDRE                                         r  static         DACs/DAC_JESD_PHY/inst/jesd204_phy_block_i/dac_jesd_phy_gt_i/inst/gen_gtwizard_gthe4_top.dac_jesd_phy_gt_gtwizard_gthe4_inst/gen_gtwizard_gthe4.gen_pwrgood_delay_inst[3].delay_powergood_inst/gen_powergood_delay.wait_cnt_reg[0]/D
  -------------------------------------------------------------------    ----------------------------------

                         (clock GTHE4_CHANNEL_RXOUTCLKPCS[3]_2 rise edge)
                                                      0.000     0.000 r                 
    GTHE4_CHANNEL_X1Y7   GTHE4_CHANNEL                0.000     0.000 r  static         DACs/DAC_JESD_PHY/inst/jesd204_phy_block_i/dac_jesd_phy_gt_i/inst/gen_gtwizard_gthe4_top.dac_jesd_phy_gt_gtwizard_gthe4_inst/gen_gtwizard_gthe4.gen_channel_container[25].gen_enabled_channel.gthe4_channel_wrapper_inst/channel_inst/gthe4_channel_gen.gen_gthe4_channel_inst[3].GTHE4_CHANNEL_PRIM_INST/RXOUTCLKPCS
                         net (fo=15, routed)          1.630     1.630    static         DACs/DAC_JESD_PHY/inst/jesd204_phy_block_i/dac_jesd_phy_gt_i/inst/gen_gtwizard_gthe4_top.dac_jesd_phy_gt_gtwizard_gthe4_inst/gen_gtwizard_gthe4.gen_pwrgood_delay_inst[3].delay_powergood_inst/GTHE4_CHANNEL_RXOUTCLKPCS[0]
    SLICE_X39Y258        FDRE                                         r  static         DACs/DAC_JESD_PHY/inst/jesd204_phy_block_i/dac_jesd_phy_gt_i/inst/gen_gtwizard_gthe4_top.dac_jesd_phy_gt_gtwizard_gthe4_inst/gen_gtwizard_gthe4.gen_pwrgood_delay_inst[3].delay_powergood_inst/gen_powergood_delay.wait_cnt_reg[0]/C
                         clock pessimism             -0.014     1.616                     
    SLICE_X39Y258        FDRE (Hold_AFF2_SLICEL_C_D)
                                                      0.062     1.678    static           DACs/DAC_JESD_PHY/inst/jesd204_phy_block_i/dac_jesd_phy_gt_i/inst/gen_gtwizard_gthe4_top.dac_jesd_phy_gt_gtwizard_gthe4_inst/gen_gtwizard_gthe4.gen_pwrgood_delay_inst[3].delay_powergood_inst/gen_powergood_delay.wait_cnt_reg[0]
  -------------------------------------------------------------------
                         required time                         -1.678                     
                         arrival time                           2.052                     
  -------------------------------------------------------------------
                         slack                                  0.374                     





Pulse Width Checks
--------------------------------------------------------------------------------------
Clock Name:         GTHE4_CHANNEL_RXOUTCLKPCS[3]_2
Waveform(ns):       { 0.000 1.600 }
Period(ns):         3.200
Sources:            { DACs/DAC_JESD_PHY/inst/jesd204_phy_block_i/dac_jesd_phy_gt_i/inst/gen_gtwizard_gthe4_top.dac_jesd_phy_gt_gtwizard_gthe4_inst/gen_gtwizard_gthe4.gen_channel_container[25].gen_enabled_channel.gthe4_channel_wrapper_inst/channel_inst/gthe4_channel_gen.gen_gthe4_channel_inst[3].GTHE4_CHANNEL_PRIM_INST/RXOUTCLKPCS }

Check Type        Corner  Lib Pin  Reference Pin  Required(ns)  Actual(ns)  Slack(ns)  Location       Pin
Min Period        n/a     FDCE/C   n/a            0.550         3.200       2.650      SLICE_X39Y260  DACs/DAC_JESD_PHY/inst/jesd204_phy_block_i/dac_jesd_phy_gt_i/inst/gen_gtwizard_gthe4_top.dac_jesd_phy_gt_gtwizard_gthe4_inst/gen_gtwizard_gthe4.gen_pwrgood_delay_inst[3].delay_powergood_inst/gen_powergood_delay.int_pwr_on_fsm_reg/C
Low Pulse Width   Slow    FDCE/C   n/a            0.275         1.600       1.325      SLICE_X39Y260  DACs/DAC_JESD_PHY/inst/jesd204_phy_block_i/dac_jesd_phy_gt_i/inst/gen_gtwizard_gthe4_top.dac_jesd_phy_gt_gtwizard_gthe4_inst/gen_gtwizard_gthe4.gen_pwrgood_delay_inst[3].delay_powergood_inst/gen_powergood_delay.int_pwr_on_fsm_reg/C
High Pulse Width  Slow    FDCE/C   n/a            0.275         1.600       1.325      SLICE_X39Y260  DACs/DAC_JESD_PHY/inst/jesd204_phy_block_i/dac_jesd_phy_gt_i/inst/gen_gtwizard_gthe4_top.dac_jesd_phy_gt_gtwizard_gthe4_inst/gen_gtwizard_gthe4.gen_pwrgood_delay_inst[3].delay_powergood_inst/gen_powergood_delay.int_pwr_on_fsm_reg/C



---------------------------------------------------------------------------------------------------
From Clock:  GTHE4_CHANNEL_RXOUTCLKPCS[0]_3
  To Clock:  GTHE4_CHANNEL_RXOUTCLKPCS[0]_3

Setup :            0  Failing Endpoints,  Worst Slack        0.687ns,  Total Violation        0.000ns
Hold  :            0  Failing Endpoints,  Worst Slack        0.458ns,  Total Violation        0.000ns
PW    :            0  Failing Endpoints,  Worst Slack        1.325ns,  Total Violation        0.000ns
---------------------------------------------------------------------------------------------------


Max Delay Paths
--------------------------------------------------------------------------------------
Slack (MET) :             0.687ns  (required time - arrival time)
  Source:                 DACs/DAC_JESD_PHY/inst/jesd204_phy_block_i/dac_jesd_phy_gt_i/inst/gen_gtwizard_gthe4_top.dac_jesd_phy_gt_gtwizard_gthe4_inst/gen_gtwizard_gthe4.gen_pwrgood_delay_inst[4].delay_powergood_inst/gen_powergood_delay.int_pwr_on_fsm_reg/C
                            (rising edge-triggered cell FDCE clocked by GTHE4_CHANNEL_RXOUTCLKPCS[0]_3  {rise@0.000ns fall@1.600ns period=3.200ns})
  Destination:            DACs/DAC_JESD_PHY/inst/jesd204_phy_block_i/dac_jesd_phy_gt_i/inst/gen_gtwizard_gthe4_top.dac_jesd_phy_gt_gtwizard_gthe4_inst/gen_gtwizard_gthe4.gen_pwrgood_delay_inst[4].delay_powergood_inst/gen_powergood_delay.int_pwr_on_fsm_reg/D
                            (rising edge-triggered cell FDCE clocked by GTHE4_CHANNEL_RXOUTCLKPCS[0]_3  {rise@0.000ns fall@1.600ns period=3.200ns})
  Path Group:             GTHE4_CHANNEL_RXOUTCLKPCS[0]_3
  Path Type:              Setup (Max at Slow Process Corner)
  Requirement:            3.200ns  (GTHE4_CHANNEL_RXOUTCLKPCS[0]_3 rise@3.200ns - GTHE4_CHANNEL_RXOUTCLKPCS[0]_3 rise@0.000ns)
  Data Path Delay:        2.495ns  (logic 0.338ns (13.548%)  route 2.157ns (86.452%))
  Logic Levels:           3  (LUT1=2 LUT2=1)
  Clock Path Skew:        -0.008ns (DCD - SCD + CPR)
    Destination Clock Delay (DCD):    1.177ns = ( 4.377 - 3.200 ) 
    Source Clock Delay      (SCD):    1.829ns
    Clock Pessimism Removal (CPR):    0.644ns
  Clock Uncertainty:      0.035ns  ((TSJ^2 + TIJ^2)^1/2 + DJ) / 2 + PE
    Total System Jitter     (TSJ):    0.071ns
    Total Input Jitter      (TIJ):    0.000ns
    Discrete Jitter          (DJ):    0.000ns
    Phase Error              (PE):    0.000ns

    Location             Delay type                Incr(ns)  Path(ns)    Partition      Netlist Resource(s)
  -------------------------------------------------------------------    ----------------------------------
                         (clock GTHE4_CHANNEL_RXOUTCLKPCS[0]_3 rise edge)
                                                      0.000     0.000 r                 
    GTHE4_CHANNEL_X1Y8   GTHE4_CHANNEL                0.000     0.000 r  static         DACs/DAC_JESD_PHY/inst/jesd204_phy_block_i/dac_jesd_phy_gt_i/inst/gen_gtwizard_gthe4_top.dac_jesd_phy_gt_gtwizard_gthe4_inst/gen_gtwizard_gthe4.gen_channel_container[26].gen_enabled_channel.gthe4_channel_wrapper_inst/channel_inst/gthe4_channel_gen.gen_gthe4_channel_inst[0].GTHE4_CHANNEL_PRIM_INST/RXOUTCLKPCS
                         net (fo=15, routed)          1.829     1.829    static         DACs/DAC_JESD_PHY/inst/jesd204_phy_block_i/dac_jesd_phy_gt_i/inst/gen_gtwizard_gthe4_top.dac_jesd_phy_gt_gtwizard_gthe4_inst/gen_gtwizard_gthe4.gen_pwrgood_delay_inst[4].delay_powergood_inst/GTHE4_CHANNEL_RXOUTCLKPCS[0]
    SLICE_X39Y244        FDCE                                         r  static         DACs/DAC_JESD_PHY/inst/jesd204_phy_block_i/dac_jesd_phy_gt_i/inst/gen_gtwizard_gthe4_top.dac_jesd_phy_gt_gtwizard_gthe4_inst/gen_gtwizard_gthe4.gen_pwrgood_delay_inst[4].delay_powergood_inst/gen_powergood_delay.int_pwr_on_fsm_reg/C
  -------------------------------------------------------------------    ----------------------------------
    SLICE_X39Y244        FDCE (Prop_AFF2_SLICEL_C_Q)
                                                      0.081     1.910 r  static         DACs/DAC_JESD_PHY/inst/jesd204_phy_block_i/dac_jesd_phy_gt_i/inst/gen_gtwizard_gthe4_top.dac_jesd_phy_gt_gtwizard_gthe4_inst/gen_gtwizard_gthe4.gen_pwrgood_delay_inst[4].delay_powergood_inst/gen_powergood_delay.int_pwr_on_fsm_reg/Q
                         net (fo=1, routed)           0.582     2.492    static         DACs/DAC_JESD_PHY/inst/jesd204_phy_block_i/dac_jesd_phy_gt_i/inst/gen_gtwizard_gthe4_top.dac_jesd_phy_gt_gtwizard_gthe4_inst/gen_gtwizard_gthe4.gen_pwrgood_delay_inst[4].delay_powergood_inst/gen_powergood_delay.int_pwr_on_fsm
    SLICE_X39Y293        LUT1 (Prop_A5LUT_SLICEL_I0_O)
                                                      0.069     2.561 r  static         DACs/DAC_JESD_PHY/inst/jesd204_phy_block_i/dac_jesd_phy_gt_i/inst/gen_gtwizard_gthe4_top.dac_jesd_phy_gt_gtwizard_gthe4_inst/gen_gtwizard_gthe4.gen_pwrgood_delay_inst[4].delay_powergood_inst/gen_powergood_delay.int_pwr_on_fsm_hold_fix/O
                         net (fo=4, routed)           0.667     3.227    static         DACs/DAC_JESD_PHY/inst/jesd204_phy_block_i/dac_jesd_phy_gt_i/inst/gen_gtwizard_gthe4_top.dac_jesd_phy_gt_gtwizard_gthe4_inst/gen_gtwizard_gthe4.gen_pwrgood_delay_inst[4].delay_powergood_inst/gen_powergood_delay.int_pwr_on_fsm_hold_fix_1
    SLICE_X38Y244        LUT2 (Prop_D6LUT_SLICEL_I0_O)
                                                      0.050     3.277 r  static         DACs/DAC_JESD_PHY/inst/jesd204_phy_block_i/dac_jesd_phy_gt_i/inst/gen_gtwizard_gthe4_top.dac_jesd_phy_gt_gtwizard_gthe4_inst/gen_gtwizard_gthe4.gen_pwrgood_delay_inst[4].delay_powergood_inst/gen_powergood_delay.int_pwr_on_fsm_i_1__3/O
                         net (fo=1, routed)           0.370     3.647    static         DACs/DAC_JESD_PHY/inst/jesd204_phy_block_i/dac_jesd_phy_gt_i/inst/gen_gtwizard_gthe4_top.dac_jesd_phy_gt_gtwizard_gthe4_inst/gen_gtwizard_gthe4.gen_pwrgood_delay_inst[4].delay_powergood_inst/gen_powergood_delay.int_pwr_on_fsm_i_1__3_n_0
    SLICE_X27Y244        LUT1 (Prop_A5LUT_SLICEL_I0_O)
                                                      0.138     3.785 r  static         DACs/DAC_JESD_PHY/inst/jesd204_phy_block_i/dac_jesd_phy_gt_i/inst/gen_gtwizard_gthe4_top.dac_jesd_phy_gt_gtwizard_gthe4_inst/gen_gtwizard_gthe4.gen_pwrgood_delay_inst[4].delay_powergood_inst/gen_powergood_delay.int_pwr_on_fsm_i_1__3_n_0_hold_fix/O
                         net (fo=1, routed)           0.538     4.323    static         DACs/DAC_JESD_PHY/inst/jesd204_phy_block_i/dac_jesd_phy_gt_i/inst/gen_gtwizard_gthe4_top.dac_jesd_phy_gt_gtwizard_gthe4_inst/gen_gtwizard_gthe4.gen_pwrgood_delay_inst[4].delay_powergood_inst/gen_powergood_delay.int_pwr_on_fsm_i_1__3_n_0_hold_fix_1
    SLICE_X39Y244        FDCE                                         r  static         DACs/DAC_JESD_PHY/inst/jesd204_phy_block_i/dac_jesd_phy_gt_i/inst/gen_gtwizard_gthe4_top.dac_jesd_phy_gt_gtwizard_gthe4_inst/gen_gtwizard_gthe4.gen_pwrgood_delay_inst[4].delay_powergood_inst/gen_powergood_delay.int_pwr_on_fsm_reg/D
  -------------------------------------------------------------------    ----------------------------------

                         (clock GTHE4_CHANNEL_RXOUTCLKPCS[0]_3 rise edge)
                                                      3.200     3.200 r                 
    GTHE4_CHANNEL_X1Y8   GTHE4_CHANNEL                0.000     3.200 r  static         DACs/DAC_JESD_PHY/inst/jesd204_phy_block_i/dac_jesd_phy_gt_i/inst/gen_gtwizard_gthe4_top.dac_jesd_phy_gt_gtwizard_gthe4_inst/gen_gtwizard_gthe4.gen_channel_container[26].gen_enabled_channel.gthe4_channel_wrapper_inst/channel_inst/gthe4_channel_gen.gen_gthe4_channel_inst[0].GTHE4_CHANNEL_PRIM_INST/RXOUTCLKPCS
                         net (fo=15, routed)          1.177     4.377    static         DACs/DAC_JESD_PHY/inst/jesd204_phy_block_i/dac_jesd_phy_gt_i/inst/gen_gtwizard_gthe4_top.dac_jesd_phy_gt_gtwizard_gthe4_inst/gen_gtwizard_gthe4.gen_pwrgood_delay_inst[4].delay_powergood_inst/GTHE4_CHANNEL_RXOUTCLKPCS[0]
    SLICE_X39Y244        FDCE                                         r  static         DACs/DAC_JESD_PHY/inst/jesd204_phy_block_i/dac_jesd_phy_gt_i/inst/gen_gtwizard_gthe4_top.dac_jesd_phy_gt_gtwizard_gthe4_inst/gen_gtwizard_gthe4.gen_pwrgood_delay_inst[4].delay_powergood_inst/gen_powergood_delay.int_pwr_on_fsm_reg/C
                         clock pessimism              0.644     5.021                     
                         clock uncertainty           -0.035     4.985                     
    SLICE_X39Y244        FDCE (Setup_AFF2_SLICEL_C_D)
                                                      0.025     5.010    static           DACs/DAC_JESD_PHY/inst/jesd204_phy_block_i/dac_jesd_phy_gt_i/inst/gen_gtwizard_gthe4_top.dac_jesd_phy_gt_gtwizard_gthe4_inst/gen_gtwizard_gthe4.gen_pwrgood_delay_inst[4].delay_powergood_inst/gen_powergood_delay.int_pwr_on_fsm_reg
  -------------------------------------------------------------------
                         required time                          5.010                     
                         arrival time                          -4.323                     
  -------------------------------------------------------------------
                         slack                                  0.687                     





Min Delay Paths
--------------------------------------------------------------------------------------
Slack (MET) :             0.458ns  (arrival time - required time)
  Source:                 DACs/DAC_JESD_PHY/inst/jesd204_phy_block_i/dac_jesd_phy_gt_i/inst/gen_gtwizard_gthe4_top.dac_jesd_phy_gt_gtwizard_gthe4_inst/gen_gtwizard_gthe4.gen_pwrgood_delay_inst[4].delay_powergood_inst/gen_powergood_delay.intclk_rrst_n_r_reg[1]/C
                            (rising edge-triggered cell FDCE clocked by GTHE4_CHANNEL_RXOUTCLKPCS[0]_3  {rise@0.000ns fall@1.600ns period=3.200ns})
  Destination:            DACs/DAC_JESD_PHY/inst/jesd204_phy_block_i/dac_jesd_phy_gt_i/inst/gen_gtwizard_gthe4_top.dac_jesd_phy_gt_gtwizard_gthe4_inst/gen_gtwizard_gthe4.gen_pwrgood_delay_inst[4].delay_powergood_inst/gen_powergood_delay.intclk_rrst_n_r_reg[2]/D
                            (rising edge-triggered cell FDCE clocked by GTHE4_CHANNEL_RXOUTCLKPCS[0]_3  {rise@0.000ns fall@1.600ns period=3.200ns})
  Path Group:             GTHE4_CHANNEL_RXOUTCLKPCS[0]_3
  Path Type:              Hold (Min at Fast Process Corner)
  Requirement:            0.000ns  (GTHE4_CHANNEL_RXOUTCLKPCS[0]_3 rise@0.000ns - GTHE4_CHANNEL_RXOUTCLKPCS[0]_3 rise@0.000ns)
  Data Path Delay:        0.511ns  (logic 0.075ns (14.677%)  route 0.436ns (85.323%))
  Logic Levels:           1  (LUT1=1)
  Clock Path Skew:        0.006ns (DCD - SCD - CPR)
    Destination Clock Delay (DCD):    1.233ns
    Source Clock Delay      (SCD):    0.950ns
    Clock Pessimism Removal (CPR):    0.278ns

    Location             Delay type                Incr(ns)  Path(ns)    Partition      Netlist Resource(s)
  -------------------------------------------------------------------    ----------------------------------
                         (clock GTHE4_CHANNEL_RXOUTCLKPCS[0]_3 rise edge)
                                                      0.000     0.000 r                 
    GTHE4_CHANNEL_X1Y8   GTHE4_CHANNEL                0.000     0.000 r  static         DACs/DAC_JESD_PHY/inst/jesd204_phy_block_i/dac_jesd_phy_gt_i/inst/gen_gtwizard_gthe4_top.dac_jesd_phy_gt_gtwizard_gthe4_inst/gen_gtwizard_gthe4.gen_channel_container[26].gen_enabled_channel.gthe4_channel_wrapper_inst/channel_inst/gthe4_channel_gen.gen_gthe4_channel_inst[0].GTHE4_CHANNEL_PRIM_INST/RXOUTCLKPCS
                         net (fo=15, routed)          0.950     0.950    static         DACs/DAC_JESD_PHY/inst/jesd204_phy_block_i/dac_jesd_phy_gt_i/inst/gen_gtwizard_gthe4_top.dac_jesd_phy_gt_gtwizard_gthe4_inst/gen_gtwizard_gthe4.gen_pwrgood_delay_inst[4].delay_powergood_inst/GTHE4_CHANNEL_RXOUTCLKPCS[0]
    SLICE_X38Y243        FDCE                                         r  static         DACs/DAC_JESD_PHY/inst/jesd204_phy_block_i/dac_jesd_phy_gt_i/inst/gen_gtwizard_gthe4_top.dac_jesd_phy_gt_gtwizard_gthe4_inst/gen_gtwizard_gthe4.gen_pwrgood_delay_inst[4].delay_powergood_inst/gen_powergood_delay.intclk_rrst_n_r_reg[1]/C
  -------------------------------------------------------------------    ----------------------------------
    SLICE_X38Y243        FDCE (Prop_BFF2_SLICEL_C_Q)
                                                      0.040     0.990 r  static         DACs/DAC_JESD_PHY/inst/jesd204_phy_block_i/dac_jesd_phy_gt_i/inst/gen_gtwizard_gthe4_top.dac_jesd_phy_gt_gtwizard_gthe4_inst/gen_gtwizard_gthe4.gen_pwrgood_delay_inst[4].delay_powergood_inst/gen_powergood_delay.intclk_rrst_n_r_reg[1]/Q
                         net (fo=1, routed)           0.191     1.181    static         DACs/DAC_JESD_PHY/inst/jesd204_phy_block_i/dac_jesd_phy_gt_i/inst/gen_gtwizard_gthe4_top.dac_jesd_phy_gt_gtwizard_gthe4_inst/gen_gtwizard_gthe4.gen_pwrgood_delay_inst[4].delay_powergood_inst/gen_powergood_delay.intclk_rrst_n_r[1]
    SLICE_X26Y243        LUT1 (Prop_G6LUT_SLICEM_I0_O)
                                                      0.035     1.216 r  static         DACs/DAC_JESD_PHY/inst/jesd204_phy_block_i/dac_jesd_phy_gt_i/inst/gen_gtwizard_gthe4_top.dac_jesd_phy_gt_gtwizard_gthe4_inst/gen_gtwizard_gthe4.gen_pwrgood_delay_inst[4].delay_powergood_inst/gen_powergood_delay.intclk_rrst_n_r[1]_hold_fix/O
                         net (fo=1, routed)           0.245     1.461    static         DACs/DAC_JESD_PHY/inst/jesd204_phy_block_i/dac_jesd_phy_gt_i/inst/gen_gtwizard_gthe4_top.dac_jesd_phy_gt_gtwizard_gthe4_inst/gen_gtwizard_gthe4.gen_pwrgood_delay_inst[4].delay_powergood_inst/gen_powergood_delay.intclk_rrst_n_r[1]_hold_fix_1
    SLICE_X38Y243        FDCE                                         r  static         DACs/DAC_JESD_PHY/inst/jesd204_phy_block_i/dac_jesd_phy_gt_i/inst/gen_gtwizard_gthe4_top.dac_jesd_phy_gt_gtwizard_gthe4_inst/gen_gtwizard_gthe4.gen_pwrgood_delay_inst[4].delay_powergood_inst/gen_powergood_delay.intclk_rrst_n_r_reg[2]/D
  -------------------------------------------------------------------    ----------------------------------

                         (clock GTHE4_CHANNEL_RXOUTCLKPCS[0]_3 rise edge)
                                                      0.000     0.000 r                 
    GTHE4_CHANNEL_X1Y8   GTHE4_CHANNEL                0.000     0.000 r  static         DACs/DAC_JESD_PHY/inst/jesd204_phy_block_i/dac_jesd_phy_gt_i/inst/gen_gtwizard_gthe4_top.dac_jesd_phy_gt_gtwizard_gthe4_inst/gen_gtwizard_gthe4.gen_channel_container[26].gen_enabled_channel.gthe4_channel_wrapper_inst/channel_inst/gthe4_channel_gen.gen_gthe4_channel_inst[0].GTHE4_CHANNEL_PRIM_INST/RXOUTCLKPCS
                         net (fo=15, routed)          1.233     1.233    static         DACs/DAC_JESD_PHY/inst/jesd204_phy_block_i/dac_jesd_phy_gt_i/inst/gen_gtwizard_gthe4_top.dac_jesd_phy_gt_gtwizard_gthe4_inst/gen_gtwizard_gthe4.gen_pwrgood_delay_inst[4].delay_powergood_inst/GTHE4_CHANNEL_RXOUTCLKPCS[0]
    SLICE_X38Y243        FDCE                                         r  static         DACs/DAC_JESD_PHY/inst/jesd204_phy_block_i/dac_jesd_phy_gt_i/inst/gen_gtwizard_gthe4_top.dac_jesd_phy_gt_gtwizard_gthe4_inst/gen_gtwizard_gthe4.gen_pwrgood_delay_inst[4].delay_powergood_inst/gen_powergood_delay.intclk_rrst_n_r_reg[2]/C
                         clock pessimism             -0.278     0.956                     
    SLICE_X38Y243        FDCE (Hold_CFF2_SLICEL_C_D)
                                                      0.047     1.003    static           DACs/DAC_JESD_PHY/inst/jesd204_phy_block_i/dac_jesd_phy_gt_i/inst/gen_gtwizard_gthe4_top.dac_jesd_phy_gt_gtwizard_gthe4_inst/gen_gtwizard_gthe4.gen_pwrgood_delay_inst[4].delay_powergood_inst/gen_powergood_delay.intclk_rrst_n_r_reg[2]
  -------------------------------------------------------------------
                         required time                         -1.003                     
                         arrival time                           1.461                     
  -------------------------------------------------------------------
                         slack                                  0.458                     





Pulse Width Checks
--------------------------------------------------------------------------------------
Clock Name:         GTHE4_CHANNEL_RXOUTCLKPCS[0]_3
Waveform(ns):       { 0.000 1.600 }
Period(ns):         3.200
Sources:            { DACs/DAC_JESD_PHY/inst/jesd204_phy_block_i/dac_jesd_phy_gt_i/inst/gen_gtwizard_gthe4_top.dac_jesd_phy_gt_gtwizard_gthe4_inst/gen_gtwizard_gthe4.gen_channel_container[26].gen_enabled_channel.gthe4_channel_wrapper_inst/channel_inst/gthe4_channel_gen.gen_gthe4_channel_inst[0].GTHE4_CHANNEL_PRIM_INST/RXOUTCLKPCS }

Check Type        Corner  Lib Pin  Reference Pin  Required(ns)  Actual(ns)  Slack(ns)  Location       Pin
Min Period        n/a     FDCE/C   n/a            0.550         3.200       2.650      SLICE_X39Y244  DACs/DAC_JESD_PHY/inst/jesd204_phy_block_i/dac_jesd_phy_gt_i/inst/gen_gtwizard_gthe4_top.dac_jesd_phy_gt_gtwizard_gthe4_inst/gen_gtwizard_gthe4.gen_pwrgood_delay_inst[4].delay_powergood_inst/gen_powergood_delay.int_pwr_on_fsm_reg/C
Low Pulse Width   Slow    FDCE/C   n/a            0.275         1.600       1.325      SLICE_X39Y244  DACs/DAC_JESD_PHY/inst/jesd204_phy_block_i/dac_jesd_phy_gt_i/inst/gen_gtwizard_gthe4_top.dac_jesd_phy_gt_gtwizard_gthe4_inst/gen_gtwizard_gthe4.gen_pwrgood_delay_inst[4].delay_powergood_inst/gen_powergood_delay.int_pwr_on_fsm_reg/C
High Pulse Width  Slow    FDCE/C   n/a            0.275         1.600       1.325      SLICE_X39Y244  DACs/DAC_JESD_PHY/inst/jesd204_phy_block_i/dac_jesd_phy_gt_i/inst/gen_gtwizard_gthe4_top.dac_jesd_phy_gt_gtwizard_gthe4_inst/gen_gtwizard_gthe4.gen_pwrgood_delay_inst[4].delay_powergood_inst/gen_powergood_delay.int_pwr_on_fsm_reg/C



---------------------------------------------------------------------------------------------------
From Clock:  GTHE4_CHANNEL_RXOUTCLKPCS[1]_3
  To Clock:  GTHE4_CHANNEL_RXOUTCLKPCS[1]_3

Setup :            0  Failing Endpoints,  Worst Slack        0.659ns,  Total Violation        0.000ns
Hold  :            0  Failing Endpoints,  Worst Slack        0.494ns,  Total Violation        0.000ns
PW    :            0  Failing Endpoints,  Worst Slack        1.325ns,  Total Violation        0.000ns
---------------------------------------------------------------------------------------------------


Max Delay Paths
--------------------------------------------------------------------------------------
Slack (MET) :             0.659ns  (required time - arrival time)
  Source:                 DACs/DAC_JESD_PHY/inst/jesd204_phy_block_i/dac_jesd_phy_gt_i/inst/gen_gtwizard_gthe4_top.dac_jesd_phy_gt_gtwizard_gthe4_inst/gen_gtwizard_gthe4.gen_pwrgood_delay_inst[5].delay_powergood_inst/gen_powergood_delay.int_pwr_on_fsm_reg/C
                            (rising edge-triggered cell FDCE clocked by GTHE4_CHANNEL_RXOUTCLKPCS[1]_3  {rise@0.000ns fall@1.600ns period=3.200ns})
  Destination:            DACs/DAC_JESD_PHY/inst/jesd204_phy_block_i/dac_jesd_phy_gt_i/inst/gen_gtwizard_gthe4_top.dac_jesd_phy_gt_gtwizard_gthe4_inst/gen_gtwizard_gthe4.gen_pwrgood_delay_inst[5].delay_powergood_inst/gen_powergood_delay.int_pwr_on_fsm_reg/D
                            (rising edge-triggered cell FDCE clocked by GTHE4_CHANNEL_RXOUTCLKPCS[1]_3  {rise@0.000ns fall@1.600ns period=3.200ns})
  Path Group:             GTHE4_CHANNEL_RXOUTCLKPCS[1]_3
  Path Type:              Setup (Max at Slow Process Corner)
  Requirement:            3.200ns  (GTHE4_CHANNEL_RXOUTCLKPCS[1]_3 rise@3.200ns - GTHE4_CHANNEL_RXOUTCLKPCS[1]_3 rise@0.000ns)
  Data Path Delay:        2.521ns  (logic 0.301ns (11.939%)  route 2.220ns (88.061%))
  Logic Levels:           3  (LUT1=2 LUT2=1)
  Clock Path Skew:        -0.009ns (DCD - SCD + CPR)
    Destination Clock Delay (DCD):    1.049ns = ( 4.249 - 3.200 ) 
    Source Clock Delay      (SCD):    1.628ns
    Clock Pessimism Removal (CPR):    0.570ns
  Clock Uncertainty:      0.035ns  ((TSJ^2 + TIJ^2)^1/2 + DJ) / 2 + PE
    Total System Jitter     (TSJ):    0.071ns
    Total Input Jitter      (TIJ):    0.000ns
    Discrete Jitter          (DJ):    0.000ns
    Phase Error              (PE):    0.000ns

    Location             Delay type                Incr(ns)  Path(ns)    Partition      Netlist Resource(s)
  -------------------------------------------------------------------    ----------------------------------
                         (clock GTHE4_CHANNEL_RXOUTCLKPCS[1]_3 rise edge)
                                                      0.000     0.000 r                 
    GTHE4_CHANNEL_X1Y9   GTHE4_CHANNEL                0.000     0.000 r  static         DACs/DAC_JESD_PHY/inst/jesd204_phy_block_i/dac_jesd_phy_gt_i/inst/gen_gtwizard_gthe4_top.dac_jesd_phy_gt_gtwizard_gthe4_inst/gen_gtwizard_gthe4.gen_channel_container[26].gen_enabled_channel.gthe4_channel_wrapper_inst/channel_inst/gthe4_channel_gen.gen_gthe4_channel_inst[1].GTHE4_CHANNEL_PRIM_INST/RXOUTCLKPCS
                         net (fo=15, routed)          1.628     1.628    static         DACs/DAC_JESD_PHY/inst/jesd204_phy_block_i/dac_jesd_phy_gt_i/inst/gen_gtwizard_gthe4_top.dac_jesd_phy_gt_gtwizard_gthe4_inst/gen_gtwizard_gthe4.gen_pwrgood_delay_inst[5].delay_powergood_inst/GTHE4_CHANNEL_RXOUTCLKPCS[0]
    SLICE_X37Y300        FDCE                                         r  static         DACs/DAC_JESD_PHY/inst/jesd204_phy_block_i/dac_jesd_phy_gt_i/inst/gen_gtwizard_gthe4_top.dac_jesd_phy_gt_gtwizard_gthe4_inst/gen_gtwizard_gthe4.gen_pwrgood_delay_inst[5].delay_powergood_inst/gen_powergood_delay.int_pwr_on_fsm_reg/C
  -------------------------------------------------------------------    ----------------------------------
    SLICE_X37Y300        FDCE (Prop_AFF2_SLICEM_C_Q)
                                                      0.080     1.708 r  static         DACs/DAC_JESD_PHY/inst/jesd204_phy_block_i/dac_jesd_phy_gt_i/inst/gen_gtwizard_gthe4_top.dac_jesd_phy_gt_gtwizard_gthe4_inst/gen_gtwizard_gthe4.gen_pwrgood_delay_inst[5].delay_powergood_inst/gen_powergood_delay.int_pwr_on_fsm_reg/Q
                         net (fo=2, routed)           0.594     2.302    static         DACs/DAC_JESD_PHY/inst/jesd204_phy_block_i/dac_jesd_phy_gt_i/inst/gen_gtwizard_gthe4_top.dac_jesd_phy_gt_gtwizard_gthe4_inst/gen_gtwizard_gthe4.gen_pwrgood_delay_inst[5].delay_powergood_inst/gen_powergood_delay.int_pwr_on_fsm
    SLICE_X37Y251        LUT1 (Prop_A5LUT_SLICEM_I0_O)
                                                      0.100     2.402 r  static         DACs/DAC_JESD_PHY/inst/jesd204_phy_block_i/dac_jesd_phy_gt_i/inst/gen_gtwizard_gthe4_top.dac_jesd_phy_gt_gtwizard_gthe4_inst/gen_gtwizard_gthe4.gen_pwrgood_delay_inst[5].delay_powergood_inst/gen_powergood_delay.int_pwr_on_fsm_hold_fix/O
                         net (fo=3, routed)           0.694     3.096    static         DACs/DAC_JESD_PHY/inst/jesd204_phy_block_i/dac_jesd_phy_gt_i/inst/gen_gtwizard_gthe4_top.dac_jesd_phy_gt_gtwizard_gthe4_inst/gen_gtwizard_gthe4.gen_pwrgood_delay_inst[5].delay_powergood_inst/gen_powergood_delay.int_pwr_on_fsm_hold_fix_1
    SLICE_X35Y300        LUT2 (Prop_D6LUT_SLICEM_I0_O)
                                                      0.051     3.147 r  static         DACs/DAC_JESD_PHY/inst/jesd204_phy_block_i/dac_jesd_phy_gt_i/inst/gen_gtwizard_gthe4_top.dac_jesd_phy_gt_gtwizard_gthe4_inst/gen_gtwizard_gthe4.gen_pwrgood_delay_inst[5].delay_powergood_inst/gen_powergood_delay.int_pwr_on_fsm_i_1__4/O
                         net (fo=1, routed)           0.433     3.580    static         DACs/DAC_JESD_PHY/inst/jesd204_phy_block_i/dac_jesd_phy_gt_i/inst/gen_gtwizard_gthe4_top.dac_jesd_phy_gt_gtwizard_gthe4_inst/gen_gtwizard_gthe4.gen_pwrgood_delay_inst[5].delay_powergood_inst/gen_powergood_delay.int_pwr_on_fsm_i_1__4_n_0
    SLICE_X37Y331        LUT1 (Prop_A5LUT_SLICEM_I0_O)
                                                      0.070     3.650 r  static         DACs/DAC_JESD_PHY/inst/jesd204_phy_block_i/dac_jesd_phy_gt_i/inst/gen_gtwizard_gthe4_top.dac_jesd_phy_gt_gtwizard_gthe4_inst/gen_gtwizard_gthe4.gen_pwrgood_delay_inst[5].delay_powergood_inst/gen_powergood_delay.int_pwr_on_fsm_i_1__4_n_0_hold_fix/O
                         net (fo=1, routed)           0.499     4.149    static         DACs/DAC_JESD_PHY/inst/jesd204_phy_block_i/dac_jesd_phy_gt_i/inst/gen_gtwizard_gthe4_top.dac_jesd_phy_gt_gtwizard_gthe4_inst/gen_gtwizard_gthe4.gen_pwrgood_delay_inst[5].delay_powergood_inst/gen_powergood_delay.int_pwr_on_fsm_i_1__4_n_0_hold_fix_1
    SLICE_X37Y300        FDCE                                         r  static         DACs/DAC_JESD_PHY/inst/jesd204_phy_block_i/dac_jesd_phy_gt_i/inst/gen_gtwizard_gthe4_top.dac_jesd_phy_gt_gtwizard_gthe4_inst/gen_gtwizard_gthe4.gen_pwrgood_delay_inst[5].delay_powergood_inst/gen_powergood_delay.int_pwr_on_fsm_reg/D
  -------------------------------------------------------------------    ----------------------------------

                         (clock GTHE4_CHANNEL_RXOUTCLKPCS[1]_3 rise edge)
                                                      3.200     3.200 r                 
    GTHE4_CHANNEL_X1Y9   GTHE4_CHANNEL                0.000     3.200 r  static         DACs/DAC_JESD_PHY/inst/jesd204_phy_block_i/dac_jesd_phy_gt_i/inst/gen_gtwizard_gthe4_top.dac_jesd_phy_gt_gtwizard_gthe4_inst/gen_gtwizard_gthe4.gen_channel_container[26].gen_enabled_channel.gthe4_channel_wrapper_inst/channel_inst/gthe4_channel_gen.gen_gthe4_channel_inst[1].GTHE4_CHANNEL_PRIM_INST/RXOUTCLKPCS
                         net (fo=15, routed)          1.049     4.249    static         DACs/DAC_JESD_PHY/inst/jesd204_phy_block_i/dac_jesd_phy_gt_i/inst/gen_gtwizard_gthe4_top.dac_jesd_phy_gt_gtwizard_gthe4_inst/gen_gtwizard_gthe4.gen_pwrgood_delay_inst[5].delay_powergood_inst/GTHE4_CHANNEL_RXOUTCLKPCS[0]
    SLICE_X37Y300        FDCE                                         r  static         DACs/DAC_JESD_PHY/inst/jesd204_phy_block_i/dac_jesd_phy_gt_i/inst/gen_gtwizard_gthe4_top.dac_jesd_phy_gt_gtwizard_gthe4_inst/gen_gtwizard_gthe4.gen_pwrgood_delay_inst[5].delay_powergood_inst/gen_powergood_delay.int_pwr_on_fsm_reg/C
                         clock pessimism              0.570     4.819                     
                         clock uncertainty           -0.035     4.784                     
    SLICE_X37Y300        FDCE (Setup_AFF2_SLICEM_C_D)
                                                      0.025     4.809    static           DACs/DAC_JESD_PHY/inst/jesd204_phy_block_i/dac_jesd_phy_gt_i/inst/gen_gtwizard_gthe4_top.dac_jesd_phy_gt_gtwizard_gthe4_inst/gen_gtwizard_gthe4.gen_pwrgood_delay_inst[5].delay_powergood_inst/gen_powergood_delay.int_pwr_on_fsm_reg
  -------------------------------------------------------------------
                         required time                          4.809                     
                         arrival time                          -4.149                     
  -------------------------------------------------------------------
                         slack                                  0.659                     





Min Delay Paths
--------------------------------------------------------------------------------------
Slack (MET) :             0.494ns  (arrival time - required time)
  Source:                 DACs/DAC_JESD_PHY/inst/jesd204_phy_block_i/dac_jesd_phy_gt_i/inst/gen_gtwizard_gthe4_top.dac_jesd_phy_gt_gtwizard_gthe4_inst/gen_gtwizard_gthe4.gen_pwrgood_delay_inst[5].delay_powergood_inst/gen_powergood_delay.intclk_rrst_n_r_reg[4]/C
                            (rising edge-triggered cell FDCE clocked by GTHE4_CHANNEL_RXOUTCLKPCS[1]_3  {rise@0.000ns fall@1.600ns period=3.200ns})
  Destination:            DACs/DAC_JESD_PHY/inst/jesd204_phy_block_i/dac_jesd_phy_gt_i/inst/gen_gtwizard_gthe4_top.dac_jesd_phy_gt_gtwizard_gthe4_inst/gen_gtwizard_gthe4.gen_pwrgood_delay_inst[5].delay_powergood_inst/gen_powergood_delay.wait_cnt_reg[0]/CE
                            (rising edge-triggered cell FDRE clocked by GTHE4_CHANNEL_RXOUTCLKPCS[1]_3  {rise@0.000ns fall@1.600ns period=3.200ns})
  Path Group:             GTHE4_CHANNEL_RXOUTCLKPCS[1]_3
  Path Type:              Hold (Min at Fast Process Corner)
  Requirement:            0.000ns  (GTHE4_CHANNEL_RXOUTCLKPCS[1]_3 rise@0.000ns - GTHE4_CHANNEL_RXOUTCLKPCS[1]_3 rise@0.000ns)
  Data Path Delay:        0.487ns  (logic 0.089ns (18.291%)  route 0.398ns (81.709%))
  Logic Levels:           1  (LUT2=1)
  Clock Path Skew:        -0.001ns (DCD - SCD - CPR)
    Destination Clock Delay (DCD):    1.038ns
    Source Clock Delay      (SCD):    0.831ns
    Clock Pessimism Removal (CPR):    0.208ns

    Location             Delay type                Incr(ns)  Path(ns)    Partition      Netlist Resource(s)
  -------------------------------------------------------------------    ----------------------------------
                         (clock GTHE4_CHANNEL_RXOUTCLKPCS[1]_3 rise edge)
                                                      0.000     0.000 r                 
    GTHE4_CHANNEL_X1Y9   GTHE4_CHANNEL                0.000     0.000 r  static         DACs/DAC_JESD_PHY/inst/jesd204_phy_block_i/dac_jesd_phy_gt_i/inst/gen_gtwizard_gthe4_top.dac_jesd_phy_gt_gtwizard_gthe4_inst/gen_gtwizard_gthe4.gen_channel_container[26].gen_enabled_channel.gthe4_channel_wrapper_inst/channel_inst/gthe4_channel_gen.gen_gthe4_channel_inst[1].GTHE4_CHANNEL_PRIM_INST/RXOUTCLKPCS
                         net (fo=15, routed)          0.831     0.831    static         DACs/DAC_JESD_PHY/inst/jesd204_phy_block_i/dac_jesd_phy_gt_i/inst/gen_gtwizard_gthe4_top.dac_jesd_phy_gt_gtwizard_gthe4_inst/gen_gtwizard_gthe4.gen_pwrgood_delay_inst[5].delay_powergood_inst/GTHE4_CHANNEL_RXOUTCLKPCS[0]
    SLICE_X35Y299        FDCE                                         r  static         DACs/DAC_JESD_PHY/inst/jesd204_phy_block_i/dac_jesd_phy_gt_i/inst/gen_gtwizard_gthe4_top.dac_jesd_phy_gt_gtwizard_gthe4_inst/gen_gtwizard_gthe4.gen_pwrgood_delay_inst[5].delay_powergood_inst/gen_powergood_delay.intclk_rrst_n_r_reg[4]/C
  -------------------------------------------------------------------    ----------------------------------
    SLICE_X35Y299        FDCE (Prop_EFF2_SLICEM_C_Q)
                                                      0.039     0.870 f  static         DACs/DAC_JESD_PHY/inst/jesd204_phy_block_i/dac_jesd_phy_gt_i/inst/gen_gtwizard_gthe4_top.dac_jesd_phy_gt_gtwizard_gthe4_inst/gen_gtwizard_gthe4.gen_pwrgood_delay_inst[5].delay_powergood_inst/gen_powergood_delay.intclk_rrst_n_r_reg[4]/Q
                         net (fo=2, routed)           0.106     0.976    static         DACs/DAC_JESD_PHY/inst/jesd204_phy_block_i/dac_jesd_phy_gt_i/inst/gen_gtwizard_gthe4_top.dac_jesd_phy_gt_gtwizard_gthe4_inst/gen_gtwizard_gthe4.gen_pwrgood_delay_inst[5].delay_powergood_inst/gen_powergood_delay.intclk_rrst_n_r[4]
    SLICE_X35Y299        LUT2 (Prop_G6LUT_SLICEM_I0_O)
                                                      0.050     1.026 r  static         DACs/DAC_JESD_PHY/inst/jesd204_phy_block_i/dac_jesd_phy_gt_i/inst/gen_gtwizard_gthe4_top.dac_jesd_phy_gt_gtwizard_gthe4_inst/gen_gtwizard_gthe4.gen_pwrgood_delay_inst[5].delay_powergood_inst/gen_powergood_delay.wait_cnt[0]_i_1__4/O
                         net (fo=1, routed)           0.292     1.318    static         DACs/DAC_JESD_PHY/inst/jesd204_phy_block_i/dac_jesd_phy_gt_i/inst/gen_gtwizard_gthe4_top.dac_jesd_phy_gt_gtwizard_gthe4_inst/gen_gtwizard_gthe4.gen_pwrgood_delay_inst[5].delay_powergood_inst/gen_powergood_delay.wait_cnt[0]_i_1__4_n_0
    SLICE_X35Y300        FDRE                                         r  static         DACs/DAC_JESD_PHY/inst/jesd204_phy_block_i/dac_jesd_phy_gt_i/inst/gen_gtwizard_gthe4_top.dac_jesd_phy_gt_gtwizard_gthe4_inst/gen_gtwizard_gthe4.gen_pwrgood_delay_inst[5].delay_powergood_inst/gen_powergood_delay.wait_cnt_reg[0]/CE
  -------------------------------------------------------------------    ----------------------------------

                         (clock GTHE4_CHANNEL_RXOUTCLKPCS[1]_3 rise edge)
                                                      0.000     0.000 r                 
    GTHE4_CHANNEL_X1Y9   GTHE4_CHANNEL                0.000     0.000 r  static         DACs/DAC_JESD_PHY/inst/jesd204_phy_block_i/dac_jesd_phy_gt_i/inst/gen_gtwizard_gthe4_top.dac_jesd_phy_gt_gtwizard_gthe4_inst/gen_gtwizard_gthe4.gen_channel_container[26].gen_enabled_channel.gthe4_channel_wrapper_inst/channel_inst/gthe4_channel_gen.gen_gthe4_channel_inst[1].GTHE4_CHANNEL_PRIM_INST/RXOUTCLKPCS
                         net (fo=15, routed)          1.038     1.038    static         DACs/DAC_JESD_PHY/inst/jesd204_phy_block_i/dac_jesd_phy_gt_i/inst/gen_gtwizard_gthe4_top.dac_jesd_phy_gt_gtwizard_gthe4_inst/gen_gtwizard_gthe4.gen_pwrgood_delay_inst[5].delay_powergood_inst/GTHE4_CHANNEL_RXOUTCLKPCS[0]
    SLICE_X35Y300        FDRE                                         r  static         DACs/DAC_JESD_PHY/inst/jesd204_phy_block_i/dac_jesd_phy_gt_i/inst/gen_gtwizard_gthe4_top.dac_jesd_phy_gt_gtwizard_gthe4_inst/gen_gtwizard_gthe4.gen_pwrgood_delay_inst[5].delay_powergood_inst/gen_powergood_delay.wait_cnt_reg[0]/C
                         clock pessimism             -0.208     0.830                     
    SLICE_X35Y300        FDRE (Hold_AFF2_SLICEM_C_CE)
                                                     -0.007     0.823    static           DACs/DAC_JESD_PHY/inst/jesd204_phy_block_i/dac_jesd_phy_gt_i/inst/gen_gtwizard_gthe4_top.dac_jesd_phy_gt_gtwizard_gthe4_inst/gen_gtwizard_gthe4.gen_pwrgood_delay_inst[5].delay_powergood_inst/gen_powergood_delay.wait_cnt_reg[0]
  -------------------------------------------------------------------
                         required time                         -0.823                     
                         arrival time                           1.318                     
  -------------------------------------------------------------------
                         slack                                  0.494                     





Pulse Width Checks
--------------------------------------------------------------------------------------
Clock Name:         GTHE4_CHANNEL_RXOUTCLKPCS[1]_3
Waveform(ns):       { 0.000 1.600 }
Period(ns):         3.200
Sources:            { DACs/DAC_JESD_PHY/inst/jesd204_phy_block_i/dac_jesd_phy_gt_i/inst/gen_gtwizard_gthe4_top.dac_jesd_phy_gt_gtwizard_gthe4_inst/gen_gtwizard_gthe4.gen_channel_container[26].gen_enabled_channel.gthe4_channel_wrapper_inst/channel_inst/gthe4_channel_gen.gen_gthe4_channel_inst[1].GTHE4_CHANNEL_PRIM_INST/RXOUTCLKPCS }

Check Type        Corner  Lib Pin  Reference Pin  Required(ns)  Actual(ns)  Slack(ns)  Location       Pin
Min Period        n/a     FDCE/C   n/a            0.550         3.200       2.650      SLICE_X37Y300  DACs/DAC_JESD_PHY/inst/jesd204_phy_block_i/dac_jesd_phy_gt_i/inst/gen_gtwizard_gthe4_top.dac_jesd_phy_gt_gtwizard_gthe4_inst/gen_gtwizard_gthe4.gen_pwrgood_delay_inst[5].delay_powergood_inst/gen_powergood_delay.int_pwr_on_fsm_reg/C
Low Pulse Width   Slow    FDCE/C   n/a            0.275         1.600       1.325      SLICE_X37Y300  DACs/DAC_JESD_PHY/inst/jesd204_phy_block_i/dac_jesd_phy_gt_i/inst/gen_gtwizard_gthe4_top.dac_jesd_phy_gt_gtwizard_gthe4_inst/gen_gtwizard_gthe4.gen_pwrgood_delay_inst[5].delay_powergood_inst/gen_powergood_delay.int_pwr_on_fsm_reg/C
High Pulse Width  Slow    FDCE/C   n/a            0.275         1.600       1.325      SLICE_X37Y300  DACs/DAC_JESD_PHY/inst/jesd204_phy_block_i/dac_jesd_phy_gt_i/inst/gen_gtwizard_gthe4_top.dac_jesd_phy_gt_gtwizard_gthe4_inst/gen_gtwizard_gthe4.gen_pwrgood_delay_inst[5].delay_powergood_inst/gen_powergood_delay.int_pwr_on_fsm_reg/C



---------------------------------------------------------------------------------------------------
From Clock:  GTHE4_CHANNEL_RXOUTCLKPCS[2]_3
  To Clock:  GTHE4_CHANNEL_RXOUTCLKPCS[2]_3

Setup :            0  Failing Endpoints,  Worst Slack        0.630ns,  Total Violation        0.000ns
Hold  :            0  Failing Endpoints,  Worst Slack        0.494ns,  Total Violation        0.000ns
PW    :            0  Failing Endpoints,  Worst Slack        1.325ns,  Total Violation        0.000ns
---------------------------------------------------------------------------------------------------


Max Delay Paths
--------------------------------------------------------------------------------------
Slack (MET) :             0.630ns  (required time - arrival time)
  Source:                 DACs/DAC_JESD_PHY/inst/jesd204_phy_block_i/dac_jesd_phy_gt_i/inst/gen_gtwizard_gthe4_top.dac_jesd_phy_gt_gtwizard_gthe4_inst/gen_gtwizard_gthe4.gen_pwrgood_delay_inst[6].delay_powergood_inst/gen_powergood_delay.int_pwr_on_fsm_reg/C
                            (rising edge-triggered cell FDCE clocked by GTHE4_CHANNEL_RXOUTCLKPCS[2]_3  {rise@0.000ns fall@1.600ns period=3.200ns})
  Destination:            DACs/DAC_JESD_PHY/inst/jesd204_phy_block_i/dac_jesd_phy_gt_i/inst/gen_gtwizard_gthe4_top.dac_jesd_phy_gt_gtwizard_gthe4_inst/gen_gtwizard_gthe4.gen_pwrgood_delay_inst[6].delay_powergood_inst/gen_powergood_delay.pwr_on_fsm_reg/D
                            (rising edge-triggered cell FDRE clocked by GTHE4_CHANNEL_RXOUTCLKPCS[2]_3  {rise@0.000ns fall@1.600ns period=3.200ns})
  Path Group:             GTHE4_CHANNEL_RXOUTCLKPCS[2]_3
  Path Type:              Setup (Max at Slow Process Corner)
  Requirement:            3.200ns  (GTHE4_CHANNEL_RXOUTCLKPCS[2]_3 rise@3.200ns - GTHE4_CHANNEL_RXOUTCLKPCS[2]_3 rise@0.000ns)
  Data Path Delay:        1.872ns  (logic 0.151ns (8.066%)  route 1.721ns (91.934%))
  Logic Levels:           1  (LUT1=1)
  Clock Path Skew:        -0.687ns (DCD - SCD + CPR)
    Destination Clock Delay (DCD):    1.275ns = ( 4.475 - 3.200 ) 
    Source Clock Delay      (SCD):    1.974ns
    Clock Pessimism Removal (CPR):    0.012ns
  Clock Uncertainty:      0.035ns  ((TSJ^2 + TIJ^2)^1/2 + DJ) / 2 + PE
    Total System Jitter     (TSJ):    0.071ns
    Total Input Jitter      (TIJ):    0.000ns
    Discrete Jitter          (DJ):    0.000ns
    Phase Error              (PE):    0.000ns

    Location             Delay type                Incr(ns)  Path(ns)    Partition      Netlist Resource(s)
  -------------------------------------------------------------------    ----------------------------------
                         (clock GTHE4_CHANNEL_RXOUTCLKPCS[2]_3 rise edge)
                                                      0.000     0.000 r                 
    GTHE4_CHANNEL_X1Y10  GTHE4_CHANNEL                0.000     0.000 r  static         DACs/DAC_JESD_PHY/inst/jesd204_phy_block_i/dac_jesd_phy_gt_i/inst/gen_gtwizard_gthe4_top.dac_jesd_phy_gt_gtwizard_gthe4_inst/gen_gtwizard_gthe4.gen_channel_container[26].gen_enabled_channel.gthe4_channel_wrapper_inst/channel_inst/gthe4_channel_gen.gen_gthe4_channel_inst[2].GTHE4_CHANNEL_PRIM_INST/RXOUTCLKPCS
                         net (fo=15, routed)          1.974     1.974    static         DACs/DAC_JESD_PHY/inst/jesd204_phy_block_i/dac_jesd_phy_gt_i/inst/gen_gtwizard_gthe4_top.dac_jesd_phy_gt_gtwizard_gthe4_inst/gen_gtwizard_gthe4.gen_pwrgood_delay_inst[6].delay_powergood_inst/GTHE4_CHANNEL_RXOUTCLKPCS[0]
    SLICE_X36Y263        FDCE                                         r  static         DACs/DAC_JESD_PHY/inst/jesd204_phy_block_i/dac_jesd_phy_gt_i/inst/gen_gtwizard_gthe4_top.dac_jesd_phy_gt_gtwizard_gthe4_inst/gen_gtwizard_gthe4.gen_pwrgood_delay_inst[6].delay_powergood_inst/gen_powergood_delay.int_pwr_on_fsm_reg/C
  -------------------------------------------------------------------    ----------------------------------
    SLICE_X36Y263        FDCE (Prop_AFF2_SLICEL_C_Q)
                                                      0.081     2.055 r  static         DACs/DAC_JESD_PHY/inst/jesd204_phy_block_i/dac_jesd_phy_gt_i/inst/gen_gtwizard_gthe4_top.dac_jesd_phy_gt_gtwizard_gthe4_inst/gen_gtwizard_gthe4.gen_pwrgood_delay_inst[6].delay_powergood_inst/gen_powergood_delay.int_pwr_on_fsm_reg/Q
                         net (fo=2, routed)           0.645     2.700    static         DACs/DAC_JESD_PHY/inst/jesd204_phy_block_i/dac_jesd_phy_gt_i/inst/gen_gtwizard_gthe4_top.dac_jesd_phy_gt_gtwizard_gthe4_inst/gen_gtwizard_gthe4.gen_pwrgood_delay_inst[6].delay_powergood_inst/gen_powergood_delay.int_pwr_on_fsm
    SLICE_X36Y323        LUT1 (Prop_E5LUT_SLICEL_I0_O)
                                                      0.070     2.770 r  static         DACs/DAC_JESD_PHY/inst/jesd204_phy_block_i/dac_jesd_phy_gt_i/inst/gen_gtwizard_gthe4_top.dac_jesd_phy_gt_gtwizard_gthe4_inst/gen_gtwizard_gthe4.gen_pwrgood_delay_inst[6].delay_powergood_inst/gen_powergood_delay.int_pwr_on_fsm_hold_fix/O
                         net (fo=3, routed)           1.076     3.846    static         DACs/DAC_JESD_PHY/inst/jesd204_phy_block_i/dac_jesd_phy_gt_i/inst/gen_gtwizard_gthe4_top.dac_jesd_phy_gt_gtwizard_gthe4_inst/gen_gtwizard_gthe4.gen_pwrgood_delay_inst[6].delay_powergood_inst/gen_powergood_delay.int_pwr_on_fsm_hold_fix_1
    SLICE_X36Y264        FDRE                                         r  static         DACs/DAC_JESD_PHY/inst/jesd204_phy_block_i/dac_jesd_phy_gt_i/inst/gen_gtwizard_gthe4_top.dac_jesd_phy_gt_gtwizard_gthe4_inst/gen_gtwizard_gthe4.gen_pwrgood_delay_inst[6].delay_powergood_inst/gen_powergood_delay.pwr_on_fsm_reg/D
  -------------------------------------------------------------------    ----------------------------------

                         (clock GTHE4_CHANNEL_RXOUTCLKPCS[2]_3 rise edge)
                                                      3.200     3.200 r                 
    GTHE4_CHANNEL_X1Y10  GTHE4_CHANNEL                0.000     3.200 r  static         DACs/DAC_JESD_PHY/inst/jesd204_phy_block_i/dac_jesd_phy_gt_i/inst/gen_gtwizard_gthe4_top.dac_jesd_phy_gt_gtwizard_gthe4_inst/gen_gtwizard_gthe4.gen_channel_container[26].gen_enabled_channel.gthe4_channel_wrapper_inst/channel_inst/gthe4_channel_gen.gen_gthe4_channel_inst[2].GTHE4_CHANNEL_PRIM_INST/RXOUTCLKPCS
                         net (fo=15, routed)          1.275     4.475    static         DACs/DAC_JESD_PHY/inst/jesd204_phy_block_i/dac_jesd_phy_gt_i/inst/gen_gtwizard_gthe4_top.dac_jesd_phy_gt_gtwizard_gthe4_inst/gen_gtwizard_gthe4.gen_pwrgood_delay_inst[6].delay_powergood_inst/GTHE4_CHANNEL_RXOUTCLKPCS[0]
    SLICE_X36Y264        FDRE                                         r  static         DACs/DAC_JESD_PHY/inst/jesd204_phy_block_i/dac_jesd_phy_gt_i/inst/gen_gtwizard_gthe4_top.dac_jesd_phy_gt_gtwizard_gthe4_inst/gen_gtwizard_gthe4.gen_pwrgood_delay_inst[6].delay_powergood_inst/gen_powergood_delay.pwr_on_fsm_reg/C
                         clock pessimism              0.012     4.487                     
                         clock uncertainty           -0.035     4.451                     
    SLICE_X36Y264        FDRE (Setup_AFF2_SLICEL_C_D)
                                                      0.025     4.476    static           DACs/DAC_JESD_PHY/inst/jesd204_phy_block_i/dac_jesd_phy_gt_i/inst/gen_gtwizard_gthe4_top.dac_jesd_phy_gt_gtwizard_gthe4_inst/gen_gtwizard_gthe4.gen_pwrgood_delay_inst[6].delay_powergood_inst/gen_powergood_delay.pwr_on_fsm_reg
  -------------------------------------------------------------------
                         required time                          4.476                     
                         arrival time                          -3.846                     
  -------------------------------------------------------------------
                         slack                                  0.630                     





Min Delay Paths
--------------------------------------------------------------------------------------
Slack (MET) :             0.494ns  (arrival time - required time)
  Source:                 DACs/DAC_JESD_PHY/inst/jesd204_phy_block_i/dac_jesd_phy_gt_i/inst/gen_gtwizard_gthe4_top.dac_jesd_phy_gt_gtwizard_gthe4_inst/gen_gtwizard_gthe4.gen_pwrgood_delay_inst[6].delay_powergood_inst/gen_powergood_delay.int_pwr_on_fsm_reg/C
                            (rising edge-triggered cell FDCE clocked by GTHE4_CHANNEL_RXOUTCLKPCS[2]_3  {rise@0.000ns fall@1.600ns period=3.200ns})
  Destination:            DACs/DAC_JESD_PHY/inst/jesd204_phy_block_i/dac_jesd_phy_gt_i/inst/gen_gtwizard_gthe4_top.dac_jesd_phy_gt_gtwizard_gthe4_inst/gen_gtwizard_gthe4.gen_pwrgood_delay_inst[6].delay_powergood_inst/gen_powergood_delay.wait_cnt_reg[0]/CE
                            (rising edge-triggered cell FDRE clocked by GTHE4_CHANNEL_RXOUTCLKPCS[2]_3  {rise@0.000ns fall@1.600ns period=3.200ns})
  Path Group:             GTHE4_CHANNEL_RXOUTCLKPCS[2]_3
  Path Type:              Hold (Min at Fast Process Corner)
  Requirement:            0.000ns  (GTHE4_CHANNEL_RXOUTCLKPCS[2]_3 rise@0.000ns - GTHE4_CHANNEL_RXOUTCLKPCS[2]_3 rise@0.000ns)
  Data Path Delay:        0.507ns  (logic 0.063ns (12.423%)  route 0.444ns (87.577%))
  Logic Levels:           1  (LUT2=1)
  Clock Path Skew:        0.020ns (DCD - SCD - CPR)
    Destination Clock Delay (DCD):    1.272ns
    Source Clock Delay      (SCD):    1.003ns
    Clock Pessimism Removal (CPR):    0.249ns

    Location             Delay type                Incr(ns)  Path(ns)    Partition      Netlist Resource(s)
  -------------------------------------------------------------------    ----------------------------------
                         (clock GTHE4_CHANNEL_RXOUTCLKPCS[2]_3 rise edge)
                                                      0.000     0.000 r                 
    GTHE4_CHANNEL_X1Y10  GTHE4_CHANNEL                0.000     0.000 r  static         DACs/DAC_JESD_PHY/inst/jesd204_phy_block_i/dac_jesd_phy_gt_i/inst/gen_gtwizard_gthe4_top.dac_jesd_phy_gt_gtwizard_gthe4_inst/gen_gtwizard_gthe4.gen_channel_container[26].gen_enabled_channel.gthe4_channel_wrapper_inst/channel_inst/gthe4_channel_gen.gen_gthe4_channel_inst[2].GTHE4_CHANNEL_PRIM_INST/RXOUTCLKPCS
                         net (fo=15, routed)          1.003     1.003    static         DACs/DAC_JESD_PHY/inst/jesd204_phy_block_i/dac_jesd_phy_gt_i/inst/gen_gtwizard_gthe4_top.dac_jesd_phy_gt_gtwizard_gthe4_inst/gen_gtwizard_gthe4.gen_pwrgood_delay_inst[6].delay_powergood_inst/GTHE4_CHANNEL_RXOUTCLKPCS[0]
    SLICE_X36Y263        FDCE                                         r  static         DACs/DAC_JESD_PHY/inst/jesd204_phy_block_i/dac_jesd_phy_gt_i/inst/gen_gtwizard_gthe4_top.dac_jesd_phy_gt_gtwizard_gthe4_inst/gen_gtwizard_gthe4.gen_pwrgood_delay_inst[6].delay_powergood_inst/gen_powergood_delay.int_pwr_on_fsm_reg/C
  -------------------------------------------------------------------    ----------------------------------
    SLICE_X36Y263        FDCE (Prop_AFF2_SLICEL_C_Q)
                                                      0.040     1.043 f  static         DACs/DAC_JESD_PHY/inst/jesd204_phy_block_i/dac_jesd_phy_gt_i/inst/gen_gtwizard_gthe4_top.dac_jesd_phy_gt_gtwizard_gthe4_inst/gen_gtwizard_gthe4.gen_pwrgood_delay_inst[6].delay_powergood_inst/gen_powergood_delay.int_pwr_on_fsm_reg/Q
                         net (fo=2, routed)           0.172     1.215    static         DACs/DAC_JESD_PHY/inst/jesd204_phy_block_i/dac_jesd_phy_gt_i/inst/gen_gtwizard_gthe4_top.dac_jesd_phy_gt_gtwizard_gthe4_inst/gen_gtwizard_gthe4.gen_pwrgood_delay_inst[6].delay_powergood_inst/gen_powergood_delay.int_pwr_on_fsm
    SLICE_X37Y264        LUT2 (Prop_H6LUT_SLICEM_I1_O)
                                                      0.023     1.238 r  static         DACs/DAC_JESD_PHY/inst/jesd204_phy_block_i/dac_jesd_phy_gt_i/inst/gen_gtwizard_gthe4_top.dac_jesd_phy_gt_gtwizard_gthe4_inst/gen_gtwizard_gthe4.gen_pwrgood_delay_inst[6].delay_powergood_inst/gen_powergood_delay.wait_cnt[0]_i_1__5/O
                         net (fo=1, routed)           0.272     1.510    static         DACs/DAC_JESD_PHY/inst/jesd204_phy_block_i/dac_jesd_phy_gt_i/inst/gen_gtwizard_gthe4_top.dac_jesd_phy_gt_gtwizard_gthe4_inst/gen_gtwizard_gthe4.gen_pwrgood_delay_inst[6].delay_powergood_inst/gen_powergood_delay.wait_cnt[0]_i_1__5_n_0
    SLICE_X37Y265        FDRE                                         r  static         DACs/DAC_JESD_PHY/inst/jesd204_phy_block_i/dac_jesd_phy_gt_i/inst/gen_gtwizard_gthe4_top.dac_jesd_phy_gt_gtwizard_gthe4_inst/gen_gtwizard_gthe4.gen_pwrgood_delay_inst[6].delay_powergood_inst/gen_powergood_delay.wait_cnt_reg[0]/CE
  -------------------------------------------------------------------    ----------------------------------

                         (clock GTHE4_CHANNEL_RXOUTCLKPCS[2]_3 rise edge)
                                                      0.000     0.000 r                 
    GTHE4_CHANNEL_X1Y10  GTHE4_CHANNEL                0.000     0.000 r  static         DACs/DAC_JESD_PHY/inst/jesd204_phy_block_i/dac_jesd_phy_gt_i/inst/gen_gtwizard_gthe4_top.dac_jesd_phy_gt_gtwizard_gthe4_inst/gen_gtwizard_gthe4.gen_channel_container[26].gen_enabled_channel.gthe4_channel_wrapper_inst/channel_inst/gthe4_channel_gen.gen_gthe4_channel_inst[2].GTHE4_CHANNEL_PRIM_INST/RXOUTCLKPCS
                         net (fo=15, routed)          1.272     1.272    static         DACs/DAC_JESD_PHY/inst/jesd204_phy_block_i/dac_jesd_phy_gt_i/inst/gen_gtwizard_gthe4_top.dac_jesd_phy_gt_gtwizard_gthe4_inst/gen_gtwizard_gthe4.gen_pwrgood_delay_inst[6].delay_powergood_inst/GTHE4_CHANNEL_RXOUTCLKPCS[0]
    SLICE_X37Y265        FDRE                                         r  static         DACs/DAC_JESD_PHY/inst/jesd204_phy_block_i/dac_jesd_phy_gt_i/inst/gen_gtwizard_gthe4_top.dac_jesd_phy_gt_gtwizard_gthe4_inst/gen_gtwizard_gthe4.gen_pwrgood_delay_inst[6].delay_powergood_inst/gen_powergood_delay.wait_cnt_reg[0]/C
                         clock pessimism             -0.249     1.023                     
    SLICE_X37Y265        FDRE (Hold_AFF2_SLICEM_C_CE)
                                                     -0.007     1.016    static           DACs/DAC_JESD_PHY/inst/jesd204_phy_block_i/dac_jesd_phy_gt_i/inst/gen_gtwizard_gthe4_top.dac_jesd_phy_gt_gtwizard_gthe4_inst/gen_gtwizard_gthe4.gen_pwrgood_delay_inst[6].delay_powergood_inst/gen_powergood_delay.wait_cnt_reg[0]
  -------------------------------------------------------------------
                         required time                         -1.016                     
                         arrival time                           1.510                     
  -------------------------------------------------------------------
                         slack                                  0.494                     





Pulse Width Checks
--------------------------------------------------------------------------------------
Clock Name:         GTHE4_CHANNEL_RXOUTCLKPCS[2]_3
Waveform(ns):       { 0.000 1.600 }
Period(ns):         3.200
Sources:            { DACs/DAC_JESD_PHY/inst/jesd204_phy_block_i/dac_jesd_phy_gt_i/inst/gen_gtwizard_gthe4_top.dac_jesd_phy_gt_gtwizard_gthe4_inst/gen_gtwizard_gthe4.gen_channel_container[26].gen_enabled_channel.gthe4_channel_wrapper_inst/channel_inst/gthe4_channel_gen.gen_gthe4_channel_inst[2].GTHE4_CHANNEL_PRIM_INST/RXOUTCLKPCS }

Check Type        Corner  Lib Pin  Reference Pin  Required(ns)  Actual(ns)  Slack(ns)  Location       Pin
Min Period        n/a     FDCE/C   n/a            0.550         3.200       2.650      SLICE_X36Y263  DACs/DAC_JESD_PHY/inst/jesd204_phy_block_i/dac_jesd_phy_gt_i/inst/gen_gtwizard_gthe4_top.dac_jesd_phy_gt_gtwizard_gthe4_inst/gen_gtwizard_gthe4.gen_pwrgood_delay_inst[6].delay_powergood_inst/gen_powergood_delay.int_pwr_on_fsm_reg/C
Low Pulse Width   Slow    FDCE/C   n/a            0.275         1.600       1.325      SLICE_X36Y263  DACs/DAC_JESD_PHY/inst/jesd204_phy_block_i/dac_jesd_phy_gt_i/inst/gen_gtwizard_gthe4_top.dac_jesd_phy_gt_gtwizard_gthe4_inst/gen_gtwizard_gthe4.gen_pwrgood_delay_inst[6].delay_powergood_inst/gen_powergood_delay.int_pwr_on_fsm_reg/C
High Pulse Width  Slow    FDCE/C   n/a            0.275         1.600       1.325      SLICE_X36Y263  DACs/DAC_JESD_PHY/inst/jesd204_phy_block_i/dac_jesd_phy_gt_i/inst/gen_gtwizard_gthe4_top.dac_jesd_phy_gt_gtwizard_gthe4_inst/gen_gtwizard_gthe4.gen_pwrgood_delay_inst[6].delay_powergood_inst/gen_powergood_delay.int_pwr_on_fsm_reg/C



---------------------------------------------------------------------------------------------------
From Clock:  GTHE4_CHANNEL_RXOUTCLKPCS[3]_3
  To Clock:  GTHE4_CHANNEL_RXOUTCLKPCS[3]_3

Setup :            0  Failing Endpoints,  Worst Slack        0.747ns,  Total Violation        0.000ns
Hold  :            0  Failing Endpoints,  Worst Slack        0.075ns,  Total Violation        0.000ns
PW    :            0  Failing Endpoints,  Worst Slack        1.325ns,  Total Violation        0.000ns
---------------------------------------------------------------------------------------------------


Max Delay Paths
--------------------------------------------------------------------------------------
Slack (MET) :             0.747ns  (required time - arrival time)
  Source:                 DACs/DAC_JESD_PHY/inst/jesd204_phy_block_i/dac_jesd_phy_gt_i/inst/gen_gtwizard_gthe4_top.dac_jesd_phy_gt_gtwizard_gthe4_inst/gen_gtwizard_gthe4.gen_pwrgood_delay_inst[7].delay_powergood_inst/gen_powergood_delay.int_pwr_on_fsm_reg/C
                            (rising edge-triggered cell FDCE clocked by GTHE4_CHANNEL_RXOUTCLKPCS[3]_3  {rise@0.000ns fall@1.600ns period=3.200ns})
  Destination:            DACs/DAC_JESD_PHY/inst/jesd204_phy_block_i/dac_jesd_phy_gt_i/inst/gen_gtwizard_gthe4_top.dac_jesd_phy_gt_gtwizard_gthe4_inst/gen_gtwizard_gthe4.gen_pwrgood_delay_inst[7].delay_powergood_inst/gen_powergood_delay.wait_cnt_reg[0]/CE
                            (rising edge-triggered cell FDRE clocked by GTHE4_CHANNEL_RXOUTCLKPCS[3]_3  {rise@0.000ns fall@1.600ns period=3.200ns})
  Path Group:             GTHE4_CHANNEL_RXOUTCLKPCS[3]_3
  Path Type:              Setup (Max at Slow Process Corner)
  Requirement:            3.200ns  (GTHE4_CHANNEL_RXOUTCLKPCS[3]_3 rise@3.200ns - GTHE4_CHANNEL_RXOUTCLKPCS[3]_3 rise@0.000ns)
  Data Path Delay:        1.984ns  (logic 0.283ns (14.263%)  route 1.701ns (85.737%))
  Logic Levels:           2  (LUT1=1 LUT2=1)
  Clock Path Skew:        -0.375ns (DCD - SCD + CPR)
    Destination Clock Delay (DCD):    1.024ns = ( 4.224 - 3.200 ) 
    Source Clock Delay      (SCD):    1.506ns
    Clock Pessimism Removal (CPR):    0.107ns
  Clock Uncertainty:      0.035ns  ((TSJ^2 + TIJ^2)^1/2 + DJ) / 2 + PE
    Total System Jitter     (TSJ):    0.071ns
    Total Input Jitter      (TIJ):    0.000ns
    Discrete Jitter          (DJ):    0.000ns
    Phase Error              (PE):    0.000ns

    Location             Delay type                Incr(ns)  Path(ns)    Partition      Netlist Resource(s)
  -------------------------------------------------------------------    ----------------------------------
                         (clock GTHE4_CHANNEL_RXOUTCLKPCS[3]_3 rise edge)
                                                      0.000     0.000 r                 
    GTHE4_CHANNEL_X1Y11  GTHE4_CHANNEL                0.000     0.000 r  static         DACs/DAC_JESD_PHY/inst/jesd204_phy_block_i/dac_jesd_phy_gt_i/inst/gen_gtwizard_gthe4_top.dac_jesd_phy_gt_gtwizard_gthe4_inst/gen_gtwizard_gthe4.gen_channel_container[26].gen_enabled_channel.gthe4_channel_wrapper_inst/channel_inst/gthe4_channel_gen.gen_gthe4_channel_inst[3].GTHE4_CHANNEL_PRIM_INST/RXOUTCLKPCS
                         net (fo=15, routed)          1.506     1.506    static         DACs/DAC_JESD_PHY/inst/jesd204_phy_block_i/dac_jesd_phy_gt_i/inst/gen_gtwizard_gthe4_top.dac_jesd_phy_gt_gtwizard_gthe4_inst/gen_gtwizard_gthe4.gen_pwrgood_delay_inst[7].delay_powergood_inst/GTHE4_CHANNEL_RXOUTCLKPCS[0]
    SLICE_X39Y380        FDCE                                         r  static         DACs/DAC_JESD_PHY/inst/jesd204_phy_block_i/dac_jesd_phy_gt_i/inst/gen_gtwizard_gthe4_top.dac_jesd_phy_gt_gtwizard_gthe4_inst/gen_gtwizard_gthe4.gen_pwrgood_delay_inst[7].delay_powergood_inst/gen_powergood_delay.int_pwr_on_fsm_reg/C
  -------------------------------------------------------------------    ----------------------------------
    SLICE_X39Y380        FDCE (Prop_AFF2_SLICEL_C_Q)
                                                      0.081     1.587 f  static         DACs/DAC_JESD_PHY/inst/jesd204_phy_block_i/dac_jesd_phy_gt_i/inst/gen_gtwizard_gthe4_top.dac_jesd_phy_gt_gtwizard_gthe4_inst/gen_gtwizard_gthe4.gen_pwrgood_delay_inst[7].delay_powergood_inst/gen_powergood_delay.int_pwr_on_fsm_reg/Q
                         net (fo=2, routed)           0.726     2.312    static         DACs/DAC_JESD_PHY/inst/jesd204_phy_block_i/dac_jesd_phy_gt_i/inst/gen_gtwizard_gthe4_top.dac_jesd_phy_gt_gtwizard_gthe4_inst/gen_gtwizard_gthe4.gen_pwrgood_delay_inst[7].delay_powergood_inst/gen_powergood_delay.int_pwr_on_fsm
    SLICE_X36Y419        LUT1 (Prop_A5LUT_SLICEL_I0_O)
                                                      0.069     2.381 f  static         DACs/DAC_JESD_PHY/inst/jesd204_phy_block_i/dac_jesd_phy_gt_i/inst/gen_gtwizard_gthe4_top.dac_jesd_phy_gt_gtwizard_gthe4_inst/gen_gtwizard_gthe4.gen_pwrgood_delay_inst[7].delay_powergood_inst/gen_powergood_delay.int_pwr_on_fsm_hold_fix/O
                         net (fo=3, routed)           0.571     2.952    static         DACs/DAC_JESD_PHY/inst/jesd204_phy_block_i/dac_jesd_phy_gt_i/inst/gen_gtwizard_gthe4_top.dac_jesd_phy_gt_gtwizard_gthe4_inst/gen_gtwizard_gthe4.gen_pwrgood_delay_inst[7].delay_powergood_inst/gen_powergood_delay.int_pwr_on_fsm_hold_fix_1
    SLICE_X39Y381        LUT2 (Prop_D5LUT_SLICEL_I1_O)
                                                      0.133     3.085 r  static         DACs/DAC_JESD_PHY/inst/jesd204_phy_block_i/dac_jesd_phy_gt_i/inst/gen_gtwizard_gthe4_top.dac_jesd_phy_gt_gtwizard_gthe4_inst/gen_gtwizard_gthe4.gen_pwrgood_delay_inst[7].delay_powergood_inst/gen_powergood_delay.wait_cnt[0]_i_1__6/O
                         net (fo=1, routed)           0.405     3.490    static         DACs/DAC_JESD_PHY/inst/jesd204_phy_block_i/dac_jesd_phy_gt_i/inst/gen_gtwizard_gthe4_top.dac_jesd_phy_gt_gtwizard_gthe4_inst/gen_gtwizard_gthe4.gen_pwrgood_delay_inst[7].delay_powergood_inst/gen_powergood_delay.wait_cnt[0]_i_1__6_n_0
    SLICE_X39Y383        FDRE                                         r  static         DACs/DAC_JESD_PHY/inst/jesd204_phy_block_i/dac_jesd_phy_gt_i/inst/gen_gtwizard_gthe4_top.dac_jesd_phy_gt_gtwizard_gthe4_inst/gen_gtwizard_gthe4.gen_pwrgood_delay_inst[7].delay_powergood_inst/gen_powergood_delay.wait_cnt_reg[0]/CE
  -------------------------------------------------------------------    ----------------------------------

                         (clock GTHE4_CHANNEL_RXOUTCLKPCS[3]_3 rise edge)
                                                      3.200     3.200 r                 
    GTHE4_CHANNEL_X1Y11  GTHE4_CHANNEL                0.000     3.200 r  static         DACs/DAC_JESD_PHY/inst/jesd204_phy_block_i/dac_jesd_phy_gt_i/inst/gen_gtwizard_gthe4_top.dac_jesd_phy_gt_gtwizard_gthe4_inst/gen_gtwizard_gthe4.gen_channel_container[26].gen_enabled_channel.gthe4_channel_wrapper_inst/channel_inst/gthe4_channel_gen.gen_gthe4_channel_inst[3].GTHE4_CHANNEL_PRIM_INST/RXOUTCLKPCS
                         net (fo=15, routed)          1.024     4.224    static         DACs/DAC_JESD_PHY/inst/jesd204_phy_block_i/dac_jesd_phy_gt_i/inst/gen_gtwizard_gthe4_top.dac_jesd_phy_gt_gtwizard_gthe4_inst/gen_gtwizard_gthe4.gen_pwrgood_delay_inst[7].delay_powergood_inst/GTHE4_CHANNEL_RXOUTCLKPCS[0]
    SLICE_X39Y383        FDRE                                         r  static         DACs/DAC_JESD_PHY/inst/jesd204_phy_block_i/dac_jesd_phy_gt_i/inst/gen_gtwizard_gthe4_top.dac_jesd_phy_gt_gtwizard_gthe4_inst/gen_gtwizard_gthe4.gen_pwrgood_delay_inst[7].delay_powergood_inst/gen_powergood_delay.wait_cnt_reg[0]/C
                         clock pessimism              0.107     4.331                     
                         clock uncertainty           -0.035     4.296                     
    SLICE_X39Y383        FDRE (Setup_AFF2_SLICEL_C_CE)
                                                     -0.059     4.237    static           DACs/DAC_JESD_PHY/inst/jesd204_phy_block_i/dac_jesd_phy_gt_i/inst/gen_gtwizard_gthe4_top.dac_jesd_phy_gt_gtwizard_gthe4_inst/gen_gtwizard_gthe4.gen_pwrgood_delay_inst[7].delay_powergood_inst/gen_powergood_delay.wait_cnt_reg[0]
  -------------------------------------------------------------------
                         required time                          4.237                     
                         arrival time                          -3.490                     
  -------------------------------------------------------------------
                         slack                                  0.747                     





Min Delay Paths
--------------------------------------------------------------------------------------
Slack (MET) :             0.075ns  (arrival time - required time)
  Source:                 DACs/DAC_JESD_PHY/inst/jesd204_phy_block_i/dac_jesd_phy_gt_i/inst/gen_gtwizard_gthe4_top.dac_jesd_phy_gt_gtwizard_gthe4_inst/gen_gtwizard_gthe4.gen_pwrgood_delay_inst[7].delay_powergood_inst/gen_powergood_delay.intclk_rrst_n_r_reg[4]/C
                            (rising edge-triggered cell FDCE clocked by GTHE4_CHANNEL_RXOUTCLKPCS[3]_3  {rise@0.000ns fall@1.600ns period=3.200ns})
  Destination:            DACs/DAC_JESD_PHY/inst/jesd204_phy_block_i/dac_jesd_phy_gt_i/inst/gen_gtwizard_gthe4_top.dac_jesd_phy_gt_gtwizard_gthe4_inst/gen_gtwizard_gthe4.gen_pwrgood_delay_inst[7].delay_powergood_inst/gen_powergood_delay.wait_cnt_reg[0]/CE
                            (rising edge-triggered cell FDRE clocked by GTHE4_CHANNEL_RXOUTCLKPCS[3]_3  {rise@0.000ns fall@1.600ns period=3.200ns})
  Path Group:             GTHE4_CHANNEL_RXOUTCLKPCS[3]_3
  Path Type:              Hold (Min at Slow Process Corner)
  Requirement:            0.000ns  (GTHE4_CHANNEL_RXOUTCLKPCS[3]_3 rise@0.000ns - GTHE4_CHANNEL_RXOUTCLKPCS[3]_3 rise@0.000ns)
  Data Path Delay:        0.528ns  (logic 0.113ns (21.413%)  route 0.415ns (78.587%))
  Logic Levels:           1  (LUT2=1)
  Clock Path Skew:        0.466ns (DCD - SCD - CPR)
    Destination Clock Delay (DCD):    1.589ns
    Source Clock Delay      (SCD):    1.016ns
    Clock Pessimism Removal (CPR):    0.107ns

    Location             Delay type                Incr(ns)  Path(ns)    Partition      Netlist Resource(s)
  -------------------------------------------------------------------    ----------------------------------
                         (clock GTHE4_CHANNEL_RXOUTCLKPCS[3]_3 rise edge)
                                                      0.000     0.000 r                 
    GTHE4_CHANNEL_X1Y11  GTHE4_CHANNEL                0.000     0.000 r  static         DACs/DAC_JESD_PHY/inst/jesd204_phy_block_i/dac_jesd_phy_gt_i/inst/gen_gtwizard_gthe4_top.dac_jesd_phy_gt_gtwizard_gthe4_inst/gen_gtwizard_gthe4.gen_channel_container[26].gen_enabled_channel.gthe4_channel_wrapper_inst/channel_inst/gthe4_channel_gen.gen_gthe4_channel_inst[3].GTHE4_CHANNEL_PRIM_INST/RXOUTCLKPCS
                         net (fo=15, routed)          1.016     1.016    static         DACs/DAC_JESD_PHY/inst/jesd204_phy_block_i/dac_jesd_phy_gt_i/inst/gen_gtwizard_gthe4_top.dac_jesd_phy_gt_gtwizard_gthe4_inst/gen_gtwizard_gthe4.gen_pwrgood_delay_inst[7].delay_powergood_inst/GTHE4_CHANNEL_RXOUTCLKPCS[0]
    SLICE_X39Y382        FDCE                                         r  static         DACs/DAC_JESD_PHY/inst/jesd204_phy_block_i/dac_jesd_phy_gt_i/inst/gen_gtwizard_gthe4_top.dac_jesd_phy_gt_gtwizard_gthe4_inst/gen_gtwizard_gthe4.gen_pwrgood_delay_inst[7].delay_powergood_inst/gen_powergood_delay.intclk_rrst_n_r_reg[4]/C
  -------------------------------------------------------------------    ----------------------------------
    SLICE_X39Y382        FDCE (Prop_EFF2_SLICEL_C_Q)
                                                      0.060     1.076 f  static         DACs/DAC_JESD_PHY/inst/jesd204_phy_block_i/dac_jesd_phy_gt_i/inst/gen_gtwizard_gthe4_top.dac_jesd_phy_gt_gtwizard_gthe4_inst/gen_gtwizard_gthe4.gen_pwrgood_delay_inst[7].delay_powergood_inst/gen_powergood_delay.intclk_rrst_n_r_reg[4]/Q
                         net (fo=2, routed)           0.155     1.231    static         DACs/DAC_JESD_PHY/inst/jesd204_phy_block_i/dac_jesd_phy_gt_i/inst/gen_gtwizard_gthe4_top.dac_jesd_phy_gt_gtwizard_gthe4_inst/gen_gtwizard_gthe4.gen_pwrgood_delay_inst[7].delay_powergood_inst/gen_powergood_delay.intclk_rrst_n_r[4]
    SLICE_X39Y381        LUT2 (Prop_D5LUT_SLICEL_I0_O)
                                                      0.053     1.284 r  static         DACs/DAC_JESD_PHY/inst/jesd204_phy_block_i/dac_jesd_phy_gt_i/inst/gen_gtwizard_gthe4_top.dac_jesd_phy_gt_gtwizard_gthe4_inst/gen_gtwizard_gthe4.gen_pwrgood_delay_inst[7].delay_powergood_inst/gen_powergood_delay.wait_cnt[0]_i_1__6/O
                         net (fo=1, routed)           0.260     1.544    static         DACs/DAC_JESD_PHY/inst/jesd204_phy_block_i/dac_jesd_phy_gt_i/inst/gen_gtwizard_gthe4_top.dac_jesd_phy_gt_gtwizard_gthe4_inst/gen_gtwizard_gthe4.gen_pwrgood_delay_inst[7].delay_powergood_inst/gen_powergood_delay.wait_cnt[0]_i_1__6_n_0
    SLICE_X39Y383        FDRE                                         r  static         DACs/DAC_JESD_PHY/inst/jesd204_phy_block_i/dac_jesd_phy_gt_i/inst/gen_gtwizard_gthe4_top.dac_jesd_phy_gt_gtwizard_gthe4_inst/gen_gtwizard_gthe4.gen_pwrgood_delay_inst[7].delay_powergood_inst/gen_powergood_delay.wait_cnt_reg[0]/CE
  -------------------------------------------------------------------    ----------------------------------

                         (clock GTHE4_CHANNEL_RXOUTCLKPCS[3]_3 rise edge)
                                                      0.000     0.000 r                 
    GTHE4_CHANNEL_X1Y11  GTHE4_CHANNEL                0.000     0.000 r  static         DACs/DAC_JESD_PHY/inst/jesd204_phy_block_i/dac_jesd_phy_gt_i/inst/gen_gtwizard_gthe4_top.dac_jesd_phy_gt_gtwizard_gthe4_inst/gen_gtwizard_gthe4.gen_channel_container[26].gen_enabled_channel.gthe4_channel_wrapper_inst/channel_inst/gthe4_channel_gen.gen_gthe4_channel_inst[3].GTHE4_CHANNEL_PRIM_INST/RXOUTCLKPCS
                         net (fo=15, routed)          1.589     1.589    static         DACs/DAC_JESD_PHY/inst/jesd204_phy_block_i/dac_jesd_phy_gt_i/inst/gen_gtwizard_gthe4_top.dac_jesd_phy_gt_gtwizard_gthe4_inst/gen_gtwizard_gthe4.gen_pwrgood_delay_inst[7].delay_powergood_inst/GTHE4_CHANNEL_RXOUTCLKPCS[0]
    SLICE_X39Y383        FDRE                                         r  static         DACs/DAC_JESD_PHY/inst/jesd204_phy_block_i/dac_jesd_phy_gt_i/inst/gen_gtwizard_gthe4_top.dac_jesd_phy_gt_gtwizard_gthe4_inst/gen_gtwizard_gthe4.gen_pwrgood_delay_inst[7].delay_powergood_inst/gen_powergood_delay.wait_cnt_reg[0]/C
                         clock pessimism             -0.107     1.482                     
    SLICE_X39Y383        FDRE (Hold_AFF2_SLICEL_C_CE)
                                                     -0.013     1.469    static           DACs/DAC_JESD_PHY/inst/jesd204_phy_block_i/dac_jesd_phy_gt_i/inst/gen_gtwizard_gthe4_top.dac_jesd_phy_gt_gtwizard_gthe4_inst/gen_gtwizard_gthe4.gen_pwrgood_delay_inst[7].delay_powergood_inst/gen_powergood_delay.wait_cnt_reg[0]
  -------------------------------------------------------------------
                         required time                         -1.469                     
                         arrival time                           1.544                     
  -------------------------------------------------------------------
                         slack                                  0.075                     





Pulse Width Checks
--------------------------------------------------------------------------------------
Clock Name:         GTHE4_CHANNEL_RXOUTCLKPCS[3]_3
Waveform(ns):       { 0.000 1.600 }
Period(ns):         3.200
Sources:            { DACs/DAC_JESD_PHY/inst/jesd204_phy_block_i/dac_jesd_phy_gt_i/inst/gen_gtwizard_gthe4_top.dac_jesd_phy_gt_gtwizard_gthe4_inst/gen_gtwizard_gthe4.gen_channel_container[26].gen_enabled_channel.gthe4_channel_wrapper_inst/channel_inst/gthe4_channel_gen.gen_gthe4_channel_inst[3].GTHE4_CHANNEL_PRIM_INST/RXOUTCLKPCS }

Check Type        Corner  Lib Pin  Reference Pin  Required(ns)  Actual(ns)  Slack(ns)  Location       Pin
Min Period        n/a     FDCE/C   n/a            0.550         3.200       2.650      SLICE_X39Y380  DACs/DAC_JESD_PHY/inst/jesd204_phy_block_i/dac_jesd_phy_gt_i/inst/gen_gtwizard_gthe4_top.dac_jesd_phy_gt_gtwizard_gthe4_inst/gen_gtwizard_gthe4.gen_pwrgood_delay_inst[7].delay_powergood_inst/gen_powergood_delay.int_pwr_on_fsm_reg/C
Low Pulse Width   Slow    FDCE/C   n/a            0.275         1.600       1.325      SLICE_X39Y380  DACs/DAC_JESD_PHY/inst/jesd204_phy_block_i/dac_jesd_phy_gt_i/inst/gen_gtwizard_gthe4_top.dac_jesd_phy_gt_gtwizard_gthe4_inst/gen_gtwizard_gthe4.gen_pwrgood_delay_inst[7].delay_powergood_inst/gen_powergood_delay.int_pwr_on_fsm_reg/C
High Pulse Width  Slow    FDCE/C   n/a            0.275         1.600       1.325      SLICE_X39Y380  DACs/DAC_JESD_PHY/inst/jesd204_phy_block_i/dac_jesd_phy_gt_i/inst/gen_gtwizard_gthe4_top.dac_jesd_phy_gt_gtwizard_gthe4_inst/gen_gtwizard_gthe4.gen_pwrgood_delay_inst[7].delay_powergood_inst/gen_powergood_delay.int_pwr_on_fsm_reg/C



---------------------------------------------------------------------------------------------------
From Clock:  USRClk
  To Clock:  USRClk

Setup :            0  Failing Endpoints,  Worst Slack        0.001ns,  Total Violation        0.000ns
Hold  :            0  Failing Endpoints,  Worst Slack        0.010ns,  Total Violation        0.000ns
PW    :            0  Failing Endpoints,  Worst Slack        0.005ns,  Total Violation        0.000ns
---------------------------------------------------------------------------------------------------


Max Delay Paths
--------------------------------------------------------------------------------------
Slack (MET) :             0.001ns  (required time - arrival time)
  Source:                 HIGH_SPEED_ADC/HADC_BANK_65/inst/top_inst/bs_top_inst/u_rx_bs/RX_BS[2].rx_bitslice_if_bs/FIFO_RD_CLK
                            (rising edge-triggered cell RX_BITSLICE clocked by USRClk  {rise@0.000ns fall@1.600ns period=3.200ns})
  Destination:            HIGH_SPEED_ADC/CHANNELS[2].SAMPLES[3].SAMPLE_SCALING.SCALING/SO/DSP/DSP_A_B_DATA_INST/A[25]
                            (rising edge-triggered cell DSP_A_B_DATA clocked by USRClk  {rise@0.000ns fall@1.600ns period=3.200ns})
  Path Group:             USRClk
  Path Type:              Setup (Max at Slow Process Corner)
  Requirement:            3.200ns  (USRClk rise@3.200ns - USRClk rise@0.000ns)
  Data Path Delay:        2.337ns  (logic 0.663ns (28.365%)  route 1.674ns (71.635%))
  Logic Levels:           1  (LUT1=1)
  Clock Path Skew:        -0.527ns (DCD - SCD + CPR)
    Destination Clock Delay (DCD):    3.662ns = ( 6.862 - 3.200 ) 
    Source Clock Delay      (SCD):    4.531ns
    Clock Pessimism Removal (CPR):    0.342ns
  Clock Uncertainty:      0.035ns  ((TSJ^2 + TIJ^2)^1/2 + DJ) / 2 + PE
    Total System Jitter     (TSJ):    0.071ns
    Total Input Jitter      (TIJ):    0.000ns
    Discrete Jitter          (DJ):    0.000ns
    Phase Error              (PE):    0.000ns
  Clock Net Delay (Source):      3.399ns (routing 1.522ns, distribution 1.877ns)
  Clock Net Delay (Destination): 2.714ns (routing 1.386ns, distribution 1.328ns)

    Location             Delay type                Incr(ns)  Path(ns)    Partition      Netlist Resource(s)
  -------------------------------------------------------------------    ----------------------------------
                         (clock USRClk rise edge)     0.000     0.000 r                 
    AG8                                               0.000     0.000 r  static         USRClk_P (IN)
                         net (fo=0)                   0.100     0.100    static         USR_PORT/I
    HPIOBDIFFINBUF_X0Y11 DIFFINBUF (Prop_DIFFINBUF_HPIOBDIFFINBUF_DIFF_IN_P_O)
                                                      0.621     0.721 r  static         USR_PORT/DIFFINBUF_INST/O
                         net (fo=1, routed)           0.050     0.771    static         USR_PORT/OUT
    AG8                  IBUFCTRL (Prop_IBUFCTRL_HPIOB_M_I_O)
                                                      0.000     0.771 r  static         USR_PORT/IBUFCTRL_INST/O
                         net (fo=1, routed)           0.333     1.104    static         USRClk_i
    BUFGCE_X0Y8          BUFGCE (Prop_BUFCE_BUFGCE_I_O)
                                                      0.028     1.132 r  static         USR_BUF/O
    X1Y3 (CLOCK_ROOT)    net (fo=28536, routed)       3.399     4.531    static         HIGH_SPEED_ADC/HADC_BANK_65/inst/top_inst/bs_top_inst/u_rx_bs/fifo_rd_clk_2
    BITSLICE_RX_TX_X0Y54 RX_BITSLICE                                  r  static         HIGH_SPEED_ADC/HADC_BANK_65/inst/top_inst/bs_top_inst/u_rx_bs/RX_BS[2].rx_bitslice_if_bs/FIFO_RD_CLK
  -------------------------------------------------------------------    ----------------------------------
    BITSLICE_RX_TX_X0Y54 RX_BITSLICE (Prop_RX_BITSLICE_BITSLICE_RXTX_RX_FIFO_RD_CLK_Q[3])
                                                      0.627     5.158 f  static         HIGH_SPEED_ADC/HADC_BANK_65/inst/top_inst/bs_top_inst/u_rx_bs/RX_BS[2].rx_bitslice_if_bs/Q[3]
                         net (fo=2, routed)           1.360     6.518    static         HIGH_SPEED_ADC/DataToFabricChB[9][3]
    SLICE_X71Y120        LUT1 (Prop_D6LUT_SLICEL_I0_O)
                                                      0.036     6.554 r  static         HIGH_SPEED_ADC/CHANNELS[2].SAMPLES[3].SAMPLE_SCALING.SCALING_i_1/O
                         net (fo=21, routed)          0.315     6.868    static         HIGH_SPEED_ADC/CHANNELS[2].SAMPLES[3].SAMPLE_SCALING.SCALING/SO/DSP/A[25]
    DSP48E2_X13Y48       DSP_A_B_DATA                                 r  static         HIGH_SPEED_ADC/CHANNELS[2].SAMPLES[3].SAMPLE_SCALING.SCALING/SO/DSP/DSP_A_B_DATA_INST/A[25]
  -------------------------------------------------------------------    ----------------------------------

                         (clock USRClk rise edge)     3.200     3.200 r                 
    AG8                                               0.000     3.200 r  static         USRClk_P (IN)
                         net (fo=0)                   0.079     3.279    static         USR_PORT/I
    HPIOBDIFFINBUF_X0Y11 DIFFINBUF (Prop_DIFFINBUF_HPIOBDIFFINBUF_DIFF_IN_P_O)
                                                      0.511     3.790 r  static         USR_PORT/DIFFINBUF_INST/O
                         net (fo=1, routed)           0.040     3.830    static         USR_PORT/OUT
    AG8                  IBUFCTRL (Prop_IBUFCTRL_HPIOB_M_I_O)
                                                      0.000     3.830 r  static         USR_PORT/IBUFCTRL_INST/O
                         net (fo=1, routed)           0.294     4.124    static         USRClk_i
    BUFGCE_X0Y8          BUFGCE (Prop_BUFCE_BUFGCE_I_O)
                                                      0.024     4.148 r  static         USR_BUF/O
    X1Y3 (CLOCK_ROOT)    net (fo=28536, routed)       2.714     6.862    static         HIGH_SPEED_ADC/CHANNELS[2].SAMPLES[3].SAMPLE_SCALING.SCALING/SO/DSP/CLK
    DSP48E2_X13Y48       DSP_A_B_DATA                                 r  static         HIGH_SPEED_ADC/CHANNELS[2].SAMPLES[3].SAMPLE_SCALING.SCALING/SO/DSP/DSP_A_B_DATA_INST/CLK
                         clock pessimism              0.342     7.204                     
                         clock uncertainty           -0.035     7.168                     
    DSP48E2_X13Y48       DSP_A_B_DATA (Setup_DSP_A_B_DATA_DSP48E2_CLK_A[25])
                                                     -0.299     6.869    static           HIGH_SPEED_ADC/CHANNELS[2].SAMPLES[3].SAMPLE_SCALING.SCALING/SO/DSP/DSP_A_B_DATA_INST
  -------------------------------------------------------------------
                         required time                          6.869                     
                         arrival time                          -6.868                     
  -------------------------------------------------------------------
                         slack                                  0.001                     





Min Delay Paths
--------------------------------------------------------------------------------------
Slack (MET) :             0.010ns  (arrival time - required time)
  Source:                 BLENDING.BLEND/GEN_BLENDING_CHANNELS[0].BLEND/CIC_INTERP/PACER/LowRateData_reg[2]/C
                            (rising edge-triggered cell FDRE clocked by USRClk  {rise@0.000ns fall@1.600ns period=3.200ns})
  Destination:            BLENDING.BLEND/GEN_BLENDING_CHANNELS[0].BLEND/CIC_INTERP/PACER/HighRateData_reg[2]/D
                            (rising edge-triggered cell FDRE clocked by USRClk  {rise@0.000ns fall@1.600ns period=3.200ns})
  Path Group:             USRClk
  Path Type:              Hold (Min at Slow Process Corner)
  Requirement:            0.000ns  (USRClk rise@0.000ns - USRClk rise@0.000ns)
  Data Path Delay:        0.165ns  (logic 0.059ns (35.758%)  route 0.106ns (64.242%))
  Logic Levels:           0  
  Clock Path Skew:        0.093ns (DCD - SCD - CPR)
    Destination Clock Delay (DCD):    4.296ns
    Source Clock Delay      (SCD):    3.790ns
    Clock Pessimism Removal (CPR):    0.413ns
  Clock Net Delay (Source):      2.842ns (routing 1.386ns, distribution 1.456ns)
  Clock Net Delay (Destination): 3.164ns (routing 1.522ns, distribution 1.642ns)

    Location             Delay type                Incr(ns)  Path(ns)    Partition      Netlist Resource(s)
  -------------------------------------------------------------------    ----------------------------------
                         (clock USRClk rise edge)     0.000     0.000 r                 
    AG8                                               0.000     0.000 r  static         USRClk_P (IN)
                         net (fo=0)                   0.079     0.079    static         USR_PORT/I
    HPIOBDIFFINBUF_X0Y11 DIFFINBUF (Prop_DIFFINBUF_HPIOBDIFFINBUF_DIFF_IN_P_O)
                                                      0.511     0.590 r  static         USR_PORT/DIFFINBUF_INST/O
                         net (fo=1, routed)           0.040     0.630    static         USR_PORT/OUT
    AG8                  IBUFCTRL (Prop_IBUFCTRL_HPIOB_M_I_O)
                                                      0.000     0.630 r  static         USR_PORT/IBUFCTRL_INST/O
                         net (fo=1, routed)           0.294     0.924    static         USRClk_i
    BUFGCE_X0Y8          BUFGCE (Prop_BUFCE_BUFGCE_I_O)
                                                      0.024     0.948 r  static         USR_BUF/O
    X1Y3 (CLOCK_ROOT)    net (fo=28536, routed)       2.842     3.790    static         BLENDING.BLEND/GEN_BLENDING_CHANNELS[0].BLEND/CIC_INTERP/PACER/Clk
    SLICE_X94Y159        FDRE                                         r  static         BLENDING.BLEND/GEN_BLENDING_CHANNELS[0].BLEND/CIC_INTERP/PACER/LowRateData_reg[2]/C
  -------------------------------------------------------------------    ----------------------------------
    SLICE_X94Y159        FDRE (Prop_GFF_SLICEL_C_Q)
                                                      0.059     3.849 r  static         BLENDING.BLEND/GEN_BLENDING_CHANNELS[0].BLEND/CIC_INTERP/PACER/LowRateData_reg[2]/Q
                         net (fo=1, routed)           0.106     3.955    static         BLENDING.BLEND/GEN_BLENDING_CHANNELS[0].BLEND/CIC_INTERP/PACER/LowRateData[2]
    SLICE_X92Y157        FDRE                                         r  static         BLENDING.BLEND/GEN_BLENDING_CHANNELS[0].BLEND/CIC_INTERP/PACER/HighRateData_reg[2]/D
  -------------------------------------------------------------------    ----------------------------------

                         (clock USRClk rise edge)     0.000     0.000 r                 
    AG8                                               0.000     0.000 r  static         USRClk_P (IN)
                         net (fo=0)                   0.100     0.100    static         USR_PORT/I
    HPIOBDIFFINBUF_X0Y11 DIFFINBUF (Prop_DIFFINBUF_HPIOBDIFFINBUF_DIFF_IN_P_O)
                                                      0.621     0.721 r  static         USR_PORT/DIFFINBUF_INST/O
                         net (fo=1, routed)           0.050     0.771    static         USR_PORT/OUT
    AG8                  IBUFCTRL (Prop_IBUFCTRL_HPIOB_M_I_O)
                                                      0.000     0.771 r  static         USR_PORT/IBUFCTRL_INST/O
                         net (fo=1, routed)           0.333     1.104    static         USRClk_i
    BUFGCE_X0Y8          BUFGCE (Prop_BUFCE_BUFGCE_I_O)
                                                      0.028     1.132 r  static         USR_BUF/O
    X1Y3 (CLOCK_ROOT)    net (fo=28536, routed)       3.164     4.296    static         BLENDING.BLEND/GEN_BLENDING_CHANNELS[0].BLEND/CIC_INTERP/PACER/Clk
    SLICE_X92Y157        FDRE                                         r  static         BLENDING.BLEND/GEN_BLENDING_CHANNELS[0].BLEND/CIC_INTERP/PACER/HighRateData_reg[2]/C
                         clock pessimism             -0.413     3.883                     
    SLICE_X92Y157        FDRE (Hold_CFF2_SLICEL_C_D)
                                                      0.062     3.945    static           BLENDING.BLEND/GEN_BLENDING_CHANNELS[0].BLEND/CIC_INTERP/PACER/HighRateData_reg[2]
  -------------------------------------------------------------------
                         required time                         -3.945                     
                         arrival time                           3.955                     
  -------------------------------------------------------------------
                         slack                                  0.010                     





Pulse Width Checks
--------------------------------------------------------------------------------------
Clock Name:         USRClk
Waveform(ns):       { 0.000 1.600 }
Period(ns):         3.200
Sources:            { USRClk_P }

Check Type        Corner  Lib Pin                 Reference Pin            Required(ns)  Actual(ns)  Slack(ns)  Location             Pin
Min Period        n/a     FDRE/C                  n/a                      3.195         3.200       0.005      BITSLICE_RX_TX_X0Y2  LOW_SPEED_ADC/LADCS[0].ClkInv_reg/C
Max Period        n/a     PLLE4_ADV/CLKIN         n/a                      14.286        3.200       11.086     PLL_X0Y1             EXT_TRIGGER/PLL/CLKIN
Low Pulse Width   Slow    FDRE/C                  n/a                      1.438         1.600       0.162      BITSLICE_RX_TX_X0Y2  LOW_SPEED_ADC/LADCS[0].ClkInv_reg/C
High Pulse Width  Slow    FDRE/C                  n/a                      1.438         1.600       0.162      BITSLICE_RX_TX_X0Y2  LOW_SPEED_ADC/LADCS[0].ClkInv_reg/C
Max Skew          Slow    GTHE4_CHANNEL/TXUSRCLK  GTHE4_CHANNEL/TXUSRCLK2  0.563         0.033       0.530      GTHE4_CHANNEL_X1Y6   DACs/DAC_JESD_PHY/inst/jesd204_phy_block_i/dac_jesd_phy_gt_i/inst/gen_gtwizard_gthe4_top.dac_jesd_phy_gt_gtwizard_gthe4_inst/gen_gtwizard_gthe4.gen_channel_container[25].gen_enabled_channel.gthe4_channel_wrapper_inst/channel_inst/gthe4_channel_gen.gen_gthe4_channel_inst[2].GTHE4_CHANNEL_PRIM_INST/TXUSRCLK



---------------------------------------------------------------------------------------------------
From Clock:  CLKFBIN
  To Clock:  CLKFBIN

Setup :           NA  Failing Endpoints,  Worst Slack           NA  ,  Total Violation           NA
Hold  :           NA  Failing Endpoints,  Worst Slack           NA  ,  Total Violation           NA
PW    :            0  Failing Endpoints,  Worst Slack        2.129ns,  Total Violation        0.000ns
---------------------------------------------------------------------------------------------------


Pulse Width Checks
--------------------------------------------------------------------------------------
Clock Name:         CLKFBIN
Waveform(ns):       { 0.000 1.600 }
Period(ns):         3.200
Sources:            { EXT_TRIGGER/PLL/CLKFBOUT }

Check Type  Corner  Lib Pin             Reference Pin  Required(ns)  Actual(ns)  Slack(ns)  Location  Pin
Min Period  n/a     PLLE4_ADV/CLKFBOUT  n/a            1.071         3.200       2.129      PLL_X0Y1  EXT_TRIGGER/PLL/CLKFBOUT
Max Period  n/a     PLLE4_ADV/CLKFBIN   n/a            14.286        3.200       11.086     PLL_X0Y1  EXT_TRIGGER/PLL/CLKFBIN



---------------------------------------------------------------------------------------------------
From Clock:  ClkDiv
  To Clock:  ClkDiv

Setup :            0  Failing Endpoints,  Worst Slack        0.640ns,  Total Violation        0.000ns
Hold  :            0  Failing Endpoints,  Worst Slack        0.044ns,  Total Violation        0.000ns
PW    :            0  Failing Endpoints,  Worst Slack        0.000ns,  Total Violation        0.000ns
---------------------------------------------------------------------------------------------------


Max Delay Paths
--------------------------------------------------------------------------------------
Slack (MET) :             0.640ns  (required time - arrival time)
  Source:                 EXT_TRIGGER/LoadDelayClkDiv_reg/C
                            (rising edge-triggered cell FDRE clocked by ClkDiv  {rise@0.000ns fall@1.600ns period=3.200ns})
  Destination:            EXT_TRIGGER/PHASE[0].IDELAY/LOAD
                            (rising edge-triggered cell IDELAYE3 clocked by ClkDiv  {rise@0.000ns fall@1.600ns period=3.200ns})
  Path Group:             ClkDiv
  Path Type:              Setup (Max at Slow Process Corner)
  Requirement:            3.200ns  (ClkDiv rise@3.200ns - ClkDiv rise@0.000ns)
  Data Path Delay:        1.766ns  (logic 0.081ns (4.587%)  route 1.685ns (95.413%))
  Logic Levels:           0  
  Clock Path Skew:        -0.085ns (DCD - SCD + CPR)
    Destination Clock Delay (DCD):    5.733ns = ( 8.933 - 3.200 ) 
    Source Clock Delay      (SCD):    6.032ns
    Clock Pessimism Removal (CPR):    0.214ns
  Clock Uncertainty:      0.053ns  ((TSJ^2 + DJ^2)^1/2) / 2 + PE
    Total System Jitter     (TSJ):    0.071ns
    Discrete Jitter          (DJ):    0.080ns
    Phase Error              (PE):    0.000ns
  Clock Net Delay (Source):      1.530ns (routing 0.610ns, distribution 0.920ns)
  Clock Net Delay (Destination): 1.356ns (routing 0.556ns, distribution 0.800ns)

    Location             Delay type                Incr(ns)  Path(ns)    Partition      Netlist Resource(s)
  -------------------------------------------------------------------    ----------------------------------
                         (clock ClkDiv rise edge)     0.000     0.000 r                 
    AG8                                               0.000     0.000 r  static         USRClk_P (IN)
                         net (fo=0)                   0.100     0.100    static         USR_PORT/I
    HPIOBDIFFINBUF_X0Y11 DIFFINBUF (Prop_DIFFINBUF_HPIOBDIFFINBUF_DIFF_IN_P_O)
                                                      0.621     0.721 r  static         USR_PORT/DIFFINBUF_INST/O
                         net (fo=1, routed)           0.050     0.771    static         USR_PORT/OUT
    AG8                  IBUFCTRL (Prop_IBUFCTRL_HPIOB_M_I_O)
                                                      0.000     0.771 r  static         USR_PORT/IBUFCTRL_INST/O
                         net (fo=1, routed)           0.333     1.104    static         USRClk_i
    BUFGCE_X0Y8          BUFGCE (Prop_BUFCE_BUFGCE_I_O)
                                                      0.028     1.132 r  static         USR_BUF/O
                         net (fo=28536, routed)       3.031     4.163    static         EXT_TRIGGER/Clk
    PLL_X0Y1             PLLE4_ADV (Prop_PLL_CLKIN_CLKOUT1)
                                                      0.033     4.196 r  static         EXT_TRIGGER/PLL/CLKOUT1
                         net (fo=1, routed)           0.278     4.474    static         EXT_TRIGGER/ClkDiv
    BUFGCE_X0Y20         BUFGCE (Prop_BUFCE_BUFGCE_I_O)
                                                      0.028     4.502 r  static         EXT_TRIGGER/ClkDiv_BUFG_inst/O
    X2Y0 (CLOCK_ROOT)    net (fo=10, routed)          1.530     6.032    static         EXT_TRIGGER/ClkDiv_BUFGCE
    SLICE_X38Y45         FDRE                                         r  static         EXT_TRIGGER/LoadDelayClkDiv_reg/C
  -------------------------------------------------------------------    ----------------------------------
    SLICE_X38Y45         FDRE (Prop_EFF2_SLICEL_C_Q)
                                                      0.081     6.113 r  static         EXT_TRIGGER/LoadDelayClkDiv_reg/Q
                         net (fo=4, routed)           1.685     7.798    static         EXT_TRIGGER/LOAD
    BITSLICE_RX_TX_X0Y30 IDELAYE3                                     r  static         EXT_TRIGGER/PHASE[0].IDELAY/LOAD
  -------------------------------------------------------------------    ----------------------------------

                         (clock ClkDiv rise edge)     3.200     3.200 r                 
    AG8                                               0.000     3.200 r  static         USRClk_P (IN)
                         net (fo=0)                   0.079     3.279    static         USR_PORT/I
    HPIOBDIFFINBUF_X0Y11 DIFFINBUF (Prop_DIFFINBUF_HPIOBDIFFINBUF_DIFF_IN_P_O)
                                                      0.511     3.790 r  static         USR_PORT/DIFFINBUF_INST/O
                         net (fo=1, routed)           0.040     3.830    static         USR_PORT/OUT
    AG8                  IBUFCTRL (Prop_IBUFCTRL_HPIOB_M_I_O)
                                                      0.000     3.830 r  static         USR_PORT/IBUFCTRL_INST/O
                         net (fo=1, routed)           0.294     4.124    static         USRClk_i
    BUFGCE_X0Y8          BUFGCE (Prop_BUFCE_BUFGCE_I_O)
                                                      0.024     4.148 r  static         USR_BUF/O
                         net (fo=28536, routed)       2.737     6.885    static         EXT_TRIGGER/Clk
    PLL_X0Y1             PLLE4_ADV (Prop_PLL_CLKIN_CLKOUT1)
                                                      0.430     7.315 r  static         EXT_TRIGGER/PLL/CLKOUT1
                         net (fo=1, routed)           0.238     7.553    static         EXT_TRIGGER/ClkDiv
    BUFGCE_X0Y20         BUFGCE (Prop_BUFCE_BUFGCE_I_O)
                                                      0.024     7.577 r  static         EXT_TRIGGER/ClkDiv_BUFG_inst/O
    X2Y0 (CLOCK_ROOT)    net (fo=10, routed)          1.356     8.933    static         EXT_TRIGGER/ClkDiv_BUFGCE
    BITSLICE_RX_TX_X0Y30 IDELAYE3                                     r  static         EXT_TRIGGER/PHASE[0].IDELAY/CLK
                         clock pessimism              0.214     9.147                     
                         clock uncertainty           -0.053     9.093                     
    BITSLICE_RX_TX_X0Y30 IDELAYE3 (Setup_IDELAY_BITSLICE_COMPONENT_RX_TX_CLK_LOAD)
                                                     -0.656     8.437    static           EXT_TRIGGER/PHASE[0].IDELAY
  -------------------------------------------------------------------
                         required time                          8.437                     
                         arrival time                          -7.798                     
  -------------------------------------------------------------------
                         slack                                  0.640                     





Min Delay Paths
--------------------------------------------------------------------------------------
Slack (MET) :             0.044ns  (arrival time - required time)
  Source:                 EXT_TRIGGER/Dly_reg/C
                            (rising edge-triggered cell FDRE clocked by ClkDiv  {rise@0.000ns fall@1.600ns period=3.200ns})
  Destination:            EXT_TRIGGER/LoadDelayClkDiv_reg/D
                            (rising edge-triggered cell FDRE clocked by ClkDiv  {rise@0.000ns fall@1.600ns period=3.200ns})
  Path Group:             ClkDiv
  Path Type:              Hold (Min at Fast Process Corner)
  Requirement:            0.000ns  (ClkDiv rise@0.000ns - ClkDiv rise@0.000ns)
  Data Path Delay:        0.097ns  (logic 0.039ns (40.206%)  route 0.058ns (59.794%))
  Logic Levels:           0  
  Clock Path Skew:        0.006ns (DCD - SCD - CPR)
    Destination Clock Delay (DCD):    3.645ns
    Source Clock Delay      (SCD):    3.314ns
    Clock Pessimism Removal (CPR):    0.325ns
  Clock Net Delay (Source):      0.846ns (routing 0.333ns, distribution 0.513ns)
  Clock Net Delay (Destination): 0.957ns (routing 0.368ns, distribution 0.589ns)

    Location             Delay type                Incr(ns)  Path(ns)    Partition      Netlist Resource(s)
  -------------------------------------------------------------------    ----------------------------------
                         (clock ClkDiv rise edge)     0.000     0.000 r                 
    AG8                                               0.000     0.000 r  static         USRClk_P (IN)
                         net (fo=0)                   0.079     0.079    static         USR_PORT/I
    HPIOBDIFFINBUF_X0Y11 DIFFINBUF (Prop_DIFFINBUF_HPIOBDIFFINBUF_DIFF_IN_P_O)
                                                      0.287     0.366 r  static         USR_PORT/DIFFINBUF_INST/O
                         net (fo=1, routed)           0.040     0.406    static         USR_PORT/OUT
    AG8                  IBUFCTRL (Prop_IBUFCTRL_HPIOB_M_I_O)
                                                      0.000     0.406 r  static         USR_PORT/IBUFCTRL_INST/O
                         net (fo=1, routed)           0.156     0.562    static         USRClk_i
    BUFGCE_X0Y8          BUFGCE (Prop_BUFCE_BUFGCE_I_O)
                                                      0.017     0.579 r  static         USR_BUF/O
                         net (fo=28536, routed)       1.659     2.238    static         EXT_TRIGGER/Clk
    PLL_X0Y1             PLLE4_ADV (Prop_PLL_CLKIN_CLKOUT1)
                                                      0.050     2.288 r  static         EXT_TRIGGER/PLL/CLKOUT1
                         net (fo=1, routed)           0.163     2.451    static         EXT_TRIGGER/ClkDiv
    BUFGCE_X0Y20         BUFGCE (Prop_BUFCE_BUFGCE_I_O)
                                                      0.017     2.468 r  static         EXT_TRIGGER/ClkDiv_BUFG_inst/O
    X2Y0 (CLOCK_ROOT)    net (fo=10, routed)          0.846     3.314    static         EXT_TRIGGER/ClkDiv_BUFGCE
    SLICE_X38Y45         FDRE                                         r  static         EXT_TRIGGER/Dly_reg/C
  -------------------------------------------------------------------    ----------------------------------
    SLICE_X38Y45         FDRE (Prop_EFF_SLICEL_C_Q)
                                                      0.039     3.353 r  static         EXT_TRIGGER/Dly_reg/Q
                         net (fo=1, routed)           0.058     3.411    static         EXT_TRIGGER/Dly
    SLICE_X38Y45         FDRE                                         r  static         EXT_TRIGGER/LoadDelayClkDiv_reg/D
  -------------------------------------------------------------------    ----------------------------------

                         (clock ClkDiv rise edge)     0.000     0.000 r                 
    AG8                                               0.000     0.000 r  static         USRClk_P (IN)
                         net (fo=0)                   0.100     0.100    static         USR_PORT/I
    HPIOBDIFFINBUF_X0Y11 DIFFINBUF (Prop_DIFFINBUF_HPIOBDIFFINBUF_DIFF_IN_P_O)
                                                      0.392     0.492 r  static         USR_PORT/DIFFINBUF_INST/O
                         net (fo=1, routed)           0.050     0.542    static         USR_PORT/OUT
    AG8                  IBUFCTRL (Prop_IBUFCTRL_HPIOB_M_I_O)
                                                      0.000     0.542 r  static         USR_PORT/IBUFCTRL_INST/O
                         net (fo=1, routed)           0.197     0.739    static         USRClk_i
    BUFGCE_X0Y8          BUFGCE (Prop_BUFCE_BUFGCE_I_O)
                                                      0.019     0.758 r  static         USR_BUF/O
                         net (fo=28536, routed)       1.854     2.612    static         EXT_TRIGGER/Clk
    PLL_X0Y1             PLLE4_ADV (Prop_PLL_CLKIN_CLKOUT1)
                                                     -0.130     2.482 r  static         EXT_TRIGGER/PLL/CLKOUT1
                         net (fo=1, routed)           0.187     2.669    static         EXT_TRIGGER/ClkDiv
    BUFGCE_X0Y20         BUFGCE (Prop_BUFCE_BUFGCE_I_O)
                                                      0.019     2.688 r  static         EXT_TRIGGER/ClkDiv_BUFG_inst/O
    X2Y0 (CLOCK_ROOT)    net (fo=10, routed)          0.957     3.645    static         EXT_TRIGGER/ClkDiv_BUFGCE
    SLICE_X38Y45         FDRE                                         r  static         EXT_TRIGGER/LoadDelayClkDiv_reg/C
                         clock pessimism             -0.325     3.320                     
    SLICE_X38Y45         FDRE (Hold_EFF2_SLICEL_C_D)
                                                      0.047     3.367    static           EXT_TRIGGER/LoadDelayClkDiv_reg
  -------------------------------------------------------------------
                         required time                         -3.367                     
                         arrival time                           3.411                     
  -------------------------------------------------------------------
                         slack                                  0.044                     





Pulse Width Checks
--------------------------------------------------------------------------------------
Clock Name:         ClkDiv
Waveform(ns):       { 0.000 1.600 }
Period(ns):         3.200
Sources:            { EXT_TRIGGER/PLL/CLKOUT1 }

Check Type        Corner  Lib Pin           Reference Pin  Required(ns)  Actual(ns)  Slack(ns)  Location              Pin
Min Period        n/a     ISERDESE3/CLKDIV  n/a            3.200         3.200       0.000      BITSLICE_RX_TX_X0Y30  EXT_TRIGGER/PHASE[0].SERDES/CLKDIV
Low Pulse Width   Slow    ISERDESE3/CLKDIV  n/a            1.440         1.600       0.160      BITSLICE_RX_TX_X0Y30  EXT_TRIGGER/PHASE[0].SERDES/CLKDIV
High Pulse Width  Slow    ISERDESE3/CLKDIV  n/a            1.440         1.600       0.160      BITSLICE_RX_TX_X0Y30  EXT_TRIGGER/PHASE[0].SERDES/CLKDIV



---------------------------------------------------------------------------------------------------
From Clock:  GEN_PLL_IN_IP_USP.pll0_clkout0
  To Clock:  GEN_PLL_IN_IP_USP.pll0_clkout0

Setup :            0  Failing Endpoints,  Worst Slack        1.868ns,  Total Violation        0.000ns
Hold  :            0  Failing Endpoints,  Worst Slack        0.067ns,  Total Violation        0.000ns
PW    :            0  Failing Endpoints,  Worst Slack        1.325ns,  Total Violation        0.000ns
---------------------------------------------------------------------------------------------------


Max Delay Paths
--------------------------------------------------------------------------------------
Slack (MET) :             1.868ns  (required time - arrival time)
  Source:                 HIGH_SPEED_ADC/HADC_BANK_65/inst/top_inst/clk_rst_top_inst/rst_scheme_inst/sync_cell_start_fab_cntr_pll0_inst/sync_flop_1_reg[0]/C
                            (rising edge-triggered cell FDRE clocked by GEN_PLL_IN_IP_USP.pll0_clkout0  {rise@0.000ns fall@1.600ns period=3.200ns})
  Destination:            HIGH_SPEED_ADC/HADC_BANK_65/inst/top_inst/clk_rst_top_inst/rst_scheme_inst/pll0_fab_clk_cntr_reg[2]/R
                            (rising edge-triggered cell FDRE clocked by GEN_PLL_IN_IP_USP.pll0_clkout0  {rise@0.000ns fall@1.600ns period=3.200ns})
  Path Group:             GEN_PLL_IN_IP_USP.pll0_clkout0
  Path Type:              Setup (Max at Slow Process Corner)
  Requirement:            3.200ns  (GEN_PLL_IN_IP_USP.pll0_clkout0 rise@3.200ns - GEN_PLL_IN_IP_USP.pll0_clkout0 rise@0.000ns)
  Data Path Delay:        1.128ns  (logic 0.117ns (10.372%)  route 1.011ns (89.628%))
  Logic Levels:           1  (LUT3=1)
  Clock Path Skew:        -0.072ns (DCD - SCD + CPR)
    Destination Clock Delay (DCD):    4.999ns = ( 8.199 - 3.200 ) 
    Source Clock Delay      (SCD):    5.210ns
    Clock Pessimism Removal (CPR):    0.139ns
  Clock Uncertainty:      0.058ns  ((TSJ^2 + DJ^2)^1/2) / 2 + PE
    Total System Jitter     (TSJ):    0.071ns
    Discrete Jitter          (DJ):    0.092ns
    Phase Error              (PE):    0.000ns
  Clock Net Delay (Source):      0.741ns (routing 0.001ns, distribution 0.740ns)
  Clock Net Delay (Destination): 0.651ns (routing 0.001ns, distribution 0.650ns)

    Location             Delay type                Incr(ns)  Path(ns)    Partition      Netlist Resource(s)
  -------------------------------------------------------------------    ----------------------------------
                         (clock GEN_PLL_IN_IP_USP.pll0_clkout0 rise edge)
                                                      0.000     0.000 r                 
    AG8                                               0.000     0.000 r  static         USRClk_P (IN)
                         net (fo=0)                   0.100     0.100    static         USR_PORT/I
    HPIOBDIFFINBUF_X0Y11 DIFFINBUF (Prop_DIFFINBUF_HPIOBDIFFINBUF_DIFF_IN_P_O)
                                                      0.621     0.721 r  static         USR_PORT/DIFFINBUF_INST/O
                         net (fo=1, routed)           0.050     0.771    static         USR_PORT/OUT
    AG8                  IBUFCTRL (Prop_IBUFCTRL_HPIOB_M_I_O)
                                                      0.000     0.771 r  static         USR_PORT/IBUFCTRL_INST/O
                         net (fo=1, routed)           0.333     1.104    static         USRClk_i
    BUFGCE_X0Y8          BUFGCE (Prop_BUFCE_BUFGCE_I_O)
                                                      0.028     1.132 r  static         USR_BUF/O
                         net (fo=28536, routed)       3.006     4.138    static         HIGH_SPEED_ADC/HADC_BANK_65/inst/top_inst/clk_rst_top_inst/clk_scheme_inst/clk
    PLL_X0Y2             PLLE4_ADV (Prop_PLL_CLKIN_CLKOUT0)
                                                      0.033     4.171 r  static         HIGH_SPEED_ADC/HADC_BANK_65/inst/top_inst/clk_rst_top_inst/clk_scheme_inst/GEN_PLL_IN_IP_USP.plle4_adv_pll0_inst/CLKOUT0
                         net (fo=1, routed)           0.270     4.441    static         HIGH_SPEED_ADC/HADC_BANK_65/inst/top_inst/clk_rst_top_inst/clk_scheme_inst/GEN_PLL_IN_IP_USP.pll0_clkout0
    BUFGCE_X0Y26         BUFGCE (Prop_BUFCE_BUFGCE_I_O)
                                                      0.028     4.469 r  static         HIGH_SPEED_ADC/HADC_BANK_65/inst/top_inst/clk_rst_top_inst/clk_scheme_inst/GEN_PLL_IN_IP_USP.pll0_clkout0_buf/O
    X3Y1 (CLOCK_ROOT)    net (fo=10, routed)          0.741     5.210    static         HIGH_SPEED_ADC/HADC_BANK_65/inst/top_inst/clk_rst_top_inst/rst_scheme_inst/sync_cell_start_fab_cntr_pll0_inst/pll0_clkout0_out
    SLICE_X96Y81         FDRE                                         r  static         HIGH_SPEED_ADC/HADC_BANK_65/inst/top_inst/clk_rst_top_inst/rst_scheme_inst/sync_cell_start_fab_cntr_pll0_inst/sync_flop_1_reg[0]/C
  -------------------------------------------------------------------    ----------------------------------
    SLICE_X96Y81         FDRE (Prop_AFF2_SLICEM_C_Q)
                                                      0.080     5.290 f  static         HIGH_SPEED_ADC/HADC_BANK_65/inst/top_inst/clk_rst_top_inst/rst_scheme_inst/sync_cell_start_fab_cntr_pll0_inst/sync_flop_1_reg[0]/Q
                         net (fo=1, routed)           0.650     5.940    static         HIGH_SPEED_ADC/HADC_BANK_65/inst/top_inst/clk_rst_top_inst/rst_scheme_inst/sync_cell_start_fab_cntr_pll0_inst/sync_flop_1
    SLICE_X96Y117        LUT3 (Prop_E6LUT_SLICEM_I0_O)
                                                      0.037     5.977 r  static         HIGH_SPEED_ADC/HADC_BANK_65/inst/top_inst/clk_rst_top_inst/rst_scheme_inst/sync_cell_start_fab_cntr_pll0_inst/pll0_fab_clk_cntr[6]_i_1/O
                         net (fo=7, routed)           0.361     6.338    static         HIGH_SPEED_ADC/HADC_BANK_65/inst/top_inst/clk_rst_top_inst/rst_scheme_inst/sync_cell_start_fab_cntr_pll0_inst_n_0
    SLICE_X96Y119        FDRE                                         r  static         HIGH_SPEED_ADC/HADC_BANK_65/inst/top_inst/clk_rst_top_inst/rst_scheme_inst/pll0_fab_clk_cntr_reg[2]/R
  -------------------------------------------------------------------    ----------------------------------

                         (clock GEN_PLL_IN_IP_USP.pll0_clkout0 rise edge)
                                                      3.200     3.200 r                 
    AG8                                               0.000     3.200 r  static         USRClk_P (IN)
                         net (fo=0)                   0.079     3.279    static         USR_PORT/I
    HPIOBDIFFINBUF_X0Y11 DIFFINBUF (Prop_DIFFINBUF_HPIOBDIFFINBUF_DIFF_IN_P_O)
                                                      0.511     3.790 r  static         USR_PORT/DIFFINBUF_INST/O
                         net (fo=1, routed)           0.040     3.830    static         USR_PORT/OUT
    AG8                  IBUFCTRL (Prop_IBUFCTRL_HPIOB_M_I_O)
                                                      0.000     3.830 r  static         USR_PORT/IBUFCTRL_INST/O
                         net (fo=1, routed)           0.294     4.124    static         USRClk_i
    BUFGCE_X0Y8          BUFGCE (Prop_BUFCE_BUFGCE_I_O)
                                                      0.024     4.148 r  static         USR_BUF/O
                         net (fo=28536, routed)       2.715     6.863    static         HIGH_SPEED_ADC/HADC_BANK_65/inst/top_inst/clk_rst_top_inst/clk_scheme_inst/clk
    PLL_X0Y2             PLLE4_ADV (Prop_PLL_CLKIN_CLKOUT0)
                                                      0.430     7.293 r  static         HIGH_SPEED_ADC/HADC_BANK_65/inst/top_inst/clk_rst_top_inst/clk_scheme_inst/GEN_PLL_IN_IP_USP.plle4_adv_pll0_inst/CLKOUT0
                         net (fo=1, routed)           0.231     7.524    static         HIGH_SPEED_ADC/HADC_BANK_65/inst/top_inst/clk_rst_top_inst/clk_scheme_inst/GEN_PLL_IN_IP_USP.pll0_clkout0
    BUFGCE_X0Y26         BUFGCE (Prop_BUFCE_BUFGCE_I_O)
                                                      0.024     7.548 r  static         HIGH_SPEED_ADC/HADC_BANK_65/inst/top_inst/clk_rst_top_inst/clk_scheme_inst/GEN_PLL_IN_IP_USP.pll0_clkout0_buf/O
    X3Y1 (CLOCK_ROOT)    net (fo=10, routed)          0.651     8.199    static         HIGH_SPEED_ADC/HADC_BANK_65/inst/top_inst/clk_rst_top_inst/rst_scheme_inst/pll0_clkout0_out
    SLICE_X96Y119        FDRE                                         r  static         HIGH_SPEED_ADC/HADC_BANK_65/inst/top_inst/clk_rst_top_inst/rst_scheme_inst/pll0_fab_clk_cntr_reg[2]/C
                         clock pessimism              0.139     8.338                     
                         clock uncertainty           -0.058     8.280                     
    SLICE_X96Y119        FDRE (Setup_CFF_SLICEM_C_R)
                                                     -0.074     8.206    static           HIGH_SPEED_ADC/HADC_BANK_65/inst/top_inst/clk_rst_top_inst/rst_scheme_inst/pll0_fab_clk_cntr_reg[2]
  -------------------------------------------------------------------
                         required time                          8.206                     
                         arrival time                          -6.338                     
  -------------------------------------------------------------------
                         slack                                  1.868                     





Min Delay Paths
--------------------------------------------------------------------------------------
Slack (MET) :             0.067ns  (arrival time - required time)
  Source:                 HIGH_SPEED_ADC/HADC_BANK_65/inst/top_inst/clk_rst_top_inst/rst_scheme_inst/pll0_fab_clk_cntr_reg[0]/C
                            (rising edge-triggered cell FDRE clocked by GEN_PLL_IN_IP_USP.pll0_clkout0  {rise@0.000ns fall@1.600ns period=3.200ns})
  Destination:            HIGH_SPEED_ADC/HADC_BANK_65/inst/top_inst/clk_rst_top_inst/rst_scheme_inst/pll0_fab_clk_cntr_reg[1]/D
                            (rising edge-triggered cell FDRE clocked by GEN_PLL_IN_IP_USP.pll0_clkout0  {rise@0.000ns fall@1.600ns period=3.200ns})
  Path Group:             GEN_PLL_IN_IP_USP.pll0_clkout0
  Path Type:              Hold (Min at Fast Process Corner)
  Requirement:            0.000ns  (GEN_PLL_IN_IP_USP.pll0_clkout0 rise@0.000ns - GEN_PLL_IN_IP_USP.pll0_clkout0 rise@0.000ns)
  Data Path Delay:        0.120ns  (logic 0.061ns (50.968%)  route 0.059ns (49.032%))
  Logic Levels:           1  (LUT2=1)
  Clock Path Skew:        0.006ns (DCD - SCD - CPR)
    Destination Clock Delay (DCD):    3.141ns
    Source Clock Delay      (SCD):    2.868ns
    Clock Pessimism Removal (CPR):    0.267ns
  Clock Net Delay (Source):      0.422ns (routing 0.000ns, distribution 0.422ns)
  Clock Net Delay (Destination): 0.483ns (routing 0.001ns, distribution 0.482ns)

    Location             Delay type                Incr(ns)  Path(ns)    Partition      Netlist Resource(s)
  -------------------------------------------------------------------    ----------------------------------
                         (clock GEN_PLL_IN_IP_USP.pll0_clkout0 rise edge)
                                                      0.000     0.000 r                 
    AG8                                               0.000     0.000 r  static         USRClk_P (IN)
                         net (fo=0)                   0.079     0.079    static         USR_PORT/I
    HPIOBDIFFINBUF_X0Y11 DIFFINBUF (Prop_DIFFINBUF_HPIOBDIFFINBUF_DIFF_IN_P_O)
                                                      0.287     0.366 r  static         USR_PORT/DIFFINBUF_INST/O
                         net (fo=1, routed)           0.040     0.406    static         USR_PORT/OUT
    AG8                  IBUFCTRL (Prop_IBUFCTRL_HPIOB_M_I_O)
                                                      0.000     0.406 r  static         USR_PORT/IBUFCTRL_INST/O
                         net (fo=1, routed)           0.156     0.562    static         USRClk_i
    BUFGCE_X0Y8          BUFGCE (Prop_BUFCE_BUFGCE_I_O)
                                                      0.017     0.579 r  static         USR_BUF/O
                         net (fo=28536, routed)       1.641     2.220    static         HIGH_SPEED_ADC/HADC_BANK_65/inst/top_inst/clk_rst_top_inst/clk_scheme_inst/clk
    PLL_X0Y2             PLLE4_ADV (Prop_PLL_CLKIN_CLKOUT0)
                                                      0.050     2.270 r  static         HIGH_SPEED_ADC/HADC_BANK_65/inst/top_inst/clk_rst_top_inst/clk_scheme_inst/GEN_PLL_IN_IP_USP.plle4_adv_pll0_inst/CLKOUT0
                         net (fo=1, routed)           0.159     2.429    static         HIGH_SPEED_ADC/HADC_BANK_65/inst/top_inst/clk_rst_top_inst/clk_scheme_inst/GEN_PLL_IN_IP_USP.pll0_clkout0
    BUFGCE_X0Y26         BUFGCE (Prop_BUFCE_BUFGCE_I_O)
                                                      0.017     2.446 r  static         HIGH_SPEED_ADC/HADC_BANK_65/inst/top_inst/clk_rst_top_inst/clk_scheme_inst/GEN_PLL_IN_IP_USP.pll0_clkout0_buf/O
    X3Y1 (CLOCK_ROOT)    net (fo=10, routed)          0.422     2.868    static         HIGH_SPEED_ADC/HADC_BANK_65/inst/top_inst/clk_rst_top_inst/rst_scheme_inst/pll0_clkout0_out
    SLICE_X96Y115        FDRE                                         r  static         HIGH_SPEED_ADC/HADC_BANK_65/inst/top_inst/clk_rst_top_inst/rst_scheme_inst/pll0_fab_clk_cntr_reg[0]/C
  -------------------------------------------------------------------    ----------------------------------
    SLICE_X96Y115        FDRE (Prop_CFF_SLICEM_C_Q)
                                                      0.038     2.906 r  static         HIGH_SPEED_ADC/HADC_BANK_65/inst/top_inst/clk_rst_top_inst/rst_scheme_inst/pll0_fab_clk_cntr_reg[0]/Q
                         net (fo=8, routed)           0.051     2.957    static         HIGH_SPEED_ADC/HADC_BANK_65/inst/top_inst/clk_rst_top_inst/rst_scheme_inst/pll0_fab_clk_cntr_reg__0[0]
    SLICE_X96Y115        LUT2 (Prop_C5LUT_SLICEM_I0_O)
                                                      0.023     2.980 r  static         HIGH_SPEED_ADC/HADC_BANK_65/inst/top_inst/clk_rst_top_inst/rst_scheme_inst/pll0_fab_clk_cntr[1]_i_1/O
                         net (fo=1, routed)           0.008     2.988    static         HIGH_SPEED_ADC/HADC_BANK_65/inst/top_inst/clk_rst_top_inst/rst_scheme_inst/p_0_in[1]
    SLICE_X96Y115        FDRE                                         r  static         HIGH_SPEED_ADC/HADC_BANK_65/inst/top_inst/clk_rst_top_inst/rst_scheme_inst/pll0_fab_clk_cntr_reg[1]/D
  -------------------------------------------------------------------    ----------------------------------

                         (clock GEN_PLL_IN_IP_USP.pll0_clkout0 rise edge)
                                                      0.000     0.000 r                 
    AG8                                               0.000     0.000 r  static         USRClk_P (IN)
                         net (fo=0)                   0.100     0.100    static         USR_PORT/I
    HPIOBDIFFINBUF_X0Y11 DIFFINBUF (Prop_DIFFINBUF_HPIOBDIFFINBUF_DIFF_IN_P_O)
                                                      0.392     0.492 r  static         USR_PORT/DIFFINBUF_INST/O
                         net (fo=1, routed)           0.050     0.542    static         USR_PORT/OUT
    AG8                  IBUFCTRL (Prop_IBUFCTRL_HPIOB_M_I_O)
                                                      0.000     0.542 r  static         USR_PORT/IBUFCTRL_INST/O
                         net (fo=1, routed)           0.197     0.739    static         USRClk_i
    BUFGCE_X0Y8          BUFGCE (Prop_BUFCE_BUFGCE_I_O)
                                                      0.019     0.758 r  static         USR_BUF/O
                         net (fo=28536, routed)       1.830     2.588    static         HIGH_SPEED_ADC/HADC_BANK_65/inst/top_inst/clk_rst_top_inst/clk_scheme_inst/clk
    PLL_X0Y2             PLLE4_ADV (Prop_PLL_CLKIN_CLKOUT0)
                                                     -0.130     2.458 r  static         HIGH_SPEED_ADC/HADC_BANK_65/inst/top_inst/clk_rst_top_inst/clk_scheme_inst/GEN_PLL_IN_IP_USP.plle4_adv_pll0_inst/CLKOUT0
                         net (fo=1, routed)           0.181     2.639    static         HIGH_SPEED_ADC/HADC_BANK_65/inst/top_inst/clk_rst_top_inst/clk_scheme_inst/GEN_PLL_IN_IP_USP.pll0_clkout0
    BUFGCE_X0Y26         BUFGCE (Prop_BUFCE_BUFGCE_I_O)
                                                      0.019     2.658 r  static         HIGH_SPEED_ADC/HADC_BANK_65/inst/top_inst/clk_rst_top_inst/clk_scheme_inst/GEN_PLL_IN_IP_USP.pll0_clkout0_buf/O
    X3Y1 (CLOCK_ROOT)    net (fo=10, routed)          0.483     3.141    static         HIGH_SPEED_ADC/HADC_BANK_65/inst/top_inst/clk_rst_top_inst/rst_scheme_inst/pll0_clkout0_out
    SLICE_X96Y115        FDRE                                         r  static         HIGH_SPEED_ADC/HADC_BANK_65/inst/top_inst/clk_rst_top_inst/rst_scheme_inst/pll0_fab_clk_cntr_reg[1]/C
                         clock pessimism             -0.267     2.874                     
    SLICE_X96Y115        FDRE (Hold_CFF2_SLICEM_C_D)
                                                      0.047     2.921    static           HIGH_SPEED_ADC/HADC_BANK_65/inst/top_inst/clk_rst_top_inst/rst_scheme_inst/pll0_fab_clk_cntr_reg[1]
  -------------------------------------------------------------------
                         required time                         -2.921                     
                         arrival time                           2.988                     
  -------------------------------------------------------------------
                         slack                                  0.067                     





Pulse Width Checks
--------------------------------------------------------------------------------------
Clock Name:         GEN_PLL_IN_IP_USP.pll0_clkout0
Waveform(ns):       { 0.000 1.600 }
Period(ns):         3.200
Sources:            { HIGH_SPEED_ADC/HADC_BANK_65/inst/top_inst/clk_rst_top_inst/clk_scheme_inst/GEN_PLL_IN_IP_USP.plle4_adv_pll0_inst/CLKOUT0 }

Check Type        Corner  Lib Pin   Reference Pin  Required(ns)  Actual(ns)  Slack(ns)  Location       Pin
Min Period        n/a     BUFGCE/I  n/a            1.290         3.200       1.910      BUFGCE_X0Y26   HIGH_SPEED_ADC/HADC_BANK_65/inst/top_inst/clk_rst_top_inst/clk_scheme_inst/GEN_PLL_IN_IP_USP.pll0_clkout0_buf/I
Low Pulse Width   Slow    FDRE/C    n/a            0.275         1.600       1.325      SLICE_X96Y115  HIGH_SPEED_ADC/HADC_BANK_65/inst/top_inst/clk_rst_top_inst/rst_scheme_inst/pll0_fab_clk_cntr_reg[0]/C
High Pulse Width  Slow    FDRE/C    n/a            0.275         1.600       1.325      SLICE_X96Y115  HIGH_SPEED_ADC/HADC_BANK_65/inst/top_inst/clk_rst_top_inst/rst_scheme_inst/pll0_fab_clk_cntr_reg[0]/C



---------------------------------------------------------------------------------------------------
From Clock:  GEN_PLL_IN_IP_USP.pll0_clkout0_1
  To Clock:  GEN_PLL_IN_IP_USP.pll0_clkout0_1

Setup :            0  Failing Endpoints,  Worst Slack        2.035ns,  Total Violation        0.000ns
Hold  :            0  Failing Endpoints,  Worst Slack        0.039ns,  Total Violation        0.000ns
PW    :            0  Failing Endpoints,  Worst Slack        1.325ns,  Total Violation        0.000ns
---------------------------------------------------------------------------------------------------


Max Delay Paths
--------------------------------------------------------------------------------------
Slack (MET) :             2.035ns  (required time - arrival time)
  Source:                 HIGH_SPEED_ADC/HADC_BANK_66/inst/top_inst/clk_rst_top_inst/rst_scheme_inst/pll0_fab_clk_cntr_reg[4]/C
                            (rising edge-triggered cell FDRE clocked by GEN_PLL_IN_IP_USP.pll0_clkout0_1  {rise@0.000ns fall@1.600ns period=3.200ns})
  Destination:            HIGH_SPEED_ADC/HADC_BANK_66/inst/top_inst/clk_rst_top_inst/rst_scheme_inst/pll0_fab_clk_cntr_reg[0]/R
                            (rising edge-triggered cell FDRE clocked by GEN_PLL_IN_IP_USP.pll0_clkout0_1  {rise@0.000ns fall@1.600ns period=3.200ns})
  Path Group:             GEN_PLL_IN_IP_USP.pll0_clkout0_1
  Path Type:              Setup (Max at Slow Process Corner)
  Requirement:            3.200ns  (GEN_PLL_IN_IP_USP.pll0_clkout0_1 rise@3.200ns - GEN_PLL_IN_IP_USP.pll0_clkout0_1 rise@0.000ns)
  Data Path Delay:        0.948ns  (logic 0.329ns (34.689%)  route 0.619ns (65.311%))
  Logic Levels:           2  (LUT3=1 LUT6=1)
  Clock Path Skew:        -0.085ns (DCD - SCD + CPR)
    Destination Clock Delay (DCD):    4.972ns = ( 8.172 - 3.200 ) 
    Source Clock Delay      (SCD):    5.190ns
    Clock Pessimism Removal (CPR):    0.133ns
  Clock Uncertainty:      0.058ns  ((TSJ^2 + DJ^2)^1/2) / 2 + PE
    Total System Jitter     (TSJ):    0.071ns
    Discrete Jitter          (DJ):    0.092ns
    Phase Error              (PE):    0.000ns
  Clock Net Delay (Source):      0.743ns (routing 0.001ns, distribution 0.742ns)
  Clock Net Delay (Destination): 0.640ns (routing 0.001ns, distribution 0.639ns)

    Location             Delay type                Incr(ns)  Path(ns)    Partition      Netlist Resource(s)
  -------------------------------------------------------------------    ----------------------------------
                         (clock GEN_PLL_IN_IP_USP.pll0_clkout0_1 rise edge)
                                                      0.000     0.000 r                 
    AG8                                               0.000     0.000 r  static         USRClk_P (IN)
                         net (fo=0)                   0.100     0.100    static         USR_PORT/I
    HPIOBDIFFINBUF_X0Y11 DIFFINBUF (Prop_DIFFINBUF_HPIOBDIFFINBUF_DIFF_IN_P_O)
                                                      0.621     0.721 r  static         USR_PORT/DIFFINBUF_INST/O
                         net (fo=1, routed)           0.050     0.771    static         USR_PORT/OUT
    AG8                  IBUFCTRL (Prop_IBUFCTRL_HPIOB_M_I_O)
                                                      0.000     0.771 r  static         USR_PORT/IBUFCTRL_INST/O
                         net (fo=1, routed)           0.333     1.104    static         USRClk_i
    BUFGCE_X0Y8          BUFGCE (Prop_BUFCE_BUFGCE_I_O)
                                                      0.028     1.132 r  static         USR_BUF/O
                         net (fo=28536, routed)       2.984     4.116    static         HIGH_SPEED_ADC/HADC_BANK_66/inst/top_inst/clk_rst_top_inst/clk_scheme_inst/clk
    PLL_X0Y4             PLLE4_ADV (Prop_PLL_CLKIN_CLKOUT0)
                                                      0.033     4.149 r  static         HIGH_SPEED_ADC/HADC_BANK_66/inst/top_inst/clk_rst_top_inst/clk_scheme_inst/GEN_PLL_IN_IP_USP.plle4_adv_pll0_inst/CLKOUT0
                         net (fo=1, routed)           0.270     4.419    static         HIGH_SPEED_ADC/HADC_BANK_66/inst/top_inst/clk_rst_top_inst/clk_scheme_inst/GEN_PLL_IN_IP_USP.pll0_clkout0
    BUFGCE_X0Y68         BUFGCE (Prop_BUFCE_BUFGCE_I_O)
                                                      0.028     4.447 r  static         HIGH_SPEED_ADC/HADC_BANK_66/inst/top_inst/clk_rst_top_inst/clk_scheme_inst/GEN_PLL_IN_IP_USP.pll0_clkout0_buf/O
    X3Y2 (CLOCK_ROOT)    net (fo=10, routed)          0.743     5.190    static         HIGH_SPEED_ADC/HADC_BANK_66/inst/top_inst/clk_rst_top_inst/rst_scheme_inst/pll0_clkout0_out
    SLICE_X95Y149        FDRE                                         r  static         HIGH_SPEED_ADC/HADC_BANK_66/inst/top_inst/clk_rst_top_inst/rst_scheme_inst/pll0_fab_clk_cntr_reg[4]/C
  -------------------------------------------------------------------    ----------------------------------
    SLICE_X95Y149        FDRE (Prop_DFF2_SLICEL_C_Q)
                                                      0.081     5.271 r  static         HIGH_SPEED_ADC/HADC_BANK_66/inst/top_inst/clk_rst_top_inst/rst_scheme_inst/pll0_fab_clk_cntr_reg[4]/Q
                         net (fo=4, routed)           0.302     5.573    static         HIGH_SPEED_ADC/HADC_BANK_66/inst/top_inst/clk_rst_top_inst/rst_scheme_inst/pll0_fab_clk_cntr_reg__0[4]
    SLICE_X95Y149        LUT6 (Prop_G6LUT_SLICEL_I3_O)
                                                      0.149     5.722 f  static         HIGH_SPEED_ADC/HADC_BANK_66/inst/top_inst/clk_rst_top_inst/rst_scheme_inst/pll0_fab_clk_cntr[6]_i_3/O
                         net (fo=1, routed)           0.046     5.768    static         HIGH_SPEED_ADC/HADC_BANK_66/inst/top_inst/clk_rst_top_inst/rst_scheme_inst/sync_cell_start_fab_cntr_pll0_inst/pll0_fab_clk_cntr_reg[6]
    SLICE_X95Y149        LUT3 (Prop_E6LUT_SLICEL_I2_O)
                                                      0.099     5.867 r  static         HIGH_SPEED_ADC/HADC_BANK_66/inst/top_inst/clk_rst_top_inst/rst_scheme_inst/sync_cell_start_fab_cntr_pll0_inst/pll0_fab_clk_cntr[6]_i_1/O
                         net (fo=7, routed)           0.272     6.139    static         HIGH_SPEED_ADC/HADC_BANK_66/inst/top_inst/clk_rst_top_inst/rst_scheme_inst/sync_cell_start_fab_cntr_pll0_inst_n_0
    SLICE_X96Y149        FDRE                                         r  static         HIGH_SPEED_ADC/HADC_BANK_66/inst/top_inst/clk_rst_top_inst/rst_scheme_inst/pll0_fab_clk_cntr_reg[0]/R
  -------------------------------------------------------------------    ----------------------------------

                         (clock GEN_PLL_IN_IP_USP.pll0_clkout0_1 rise edge)
                                                      3.200     3.200 r                 
    AG8                                               0.000     3.200 r  static         USRClk_P (IN)
                         net (fo=0)                   0.079     3.279    static         USR_PORT/I
    HPIOBDIFFINBUF_X0Y11 DIFFINBUF (Prop_DIFFINBUF_HPIOBDIFFINBUF_DIFF_IN_P_O)
                                                      0.511     3.790 r  static         USR_PORT/DIFFINBUF_INST/O
                         net (fo=1, routed)           0.040     3.830    static         USR_PORT/OUT
    AG8                  IBUFCTRL (Prop_IBUFCTRL_HPIOB_M_I_O)
                                                      0.000     3.830 r  static         USR_PORT/IBUFCTRL_INST/O
                         net (fo=1, routed)           0.294     4.124    static         USRClk_i
    BUFGCE_X0Y8          BUFGCE (Prop_BUFCE_BUFGCE_I_O)
                                                      0.024     4.148 r  static         USR_BUF/O
                         net (fo=28536, routed)       2.699     6.847    static         HIGH_SPEED_ADC/HADC_BANK_66/inst/top_inst/clk_rst_top_inst/clk_scheme_inst/clk
    PLL_X0Y4             PLLE4_ADV (Prop_PLL_CLKIN_CLKOUT0)
                                                      0.430     7.277 r  static         HIGH_SPEED_ADC/HADC_BANK_66/inst/top_inst/clk_rst_top_inst/clk_scheme_inst/GEN_PLL_IN_IP_USP.plle4_adv_pll0_inst/CLKOUT0
                         net (fo=1, routed)           0.231     7.508    static         HIGH_SPEED_ADC/HADC_BANK_66/inst/top_inst/clk_rst_top_inst/clk_scheme_inst/GEN_PLL_IN_IP_USP.pll0_clkout0
    BUFGCE_X0Y68         BUFGCE (Prop_BUFCE_BUFGCE_I_O)
                                                      0.024     7.532 r  static         HIGH_SPEED_ADC/HADC_BANK_66/inst/top_inst/clk_rst_top_inst/clk_scheme_inst/GEN_PLL_IN_IP_USP.pll0_clkout0_buf/O
    X3Y2 (CLOCK_ROOT)    net (fo=10, routed)          0.640     8.172    static         HIGH_SPEED_ADC/HADC_BANK_66/inst/top_inst/clk_rst_top_inst/rst_scheme_inst/pll0_clkout0_out
    SLICE_X96Y149        FDRE                                         r  static         HIGH_SPEED_ADC/HADC_BANK_66/inst/top_inst/clk_rst_top_inst/rst_scheme_inst/pll0_fab_clk_cntr_reg[0]/C
                         clock pessimism              0.133     8.305                     
                         clock uncertainty           -0.058     8.247                     
    SLICE_X96Y149        FDRE (Setup_HFF_SLICEM_C_R)
                                                     -0.074     8.173    static           HIGH_SPEED_ADC/HADC_BANK_66/inst/top_inst/clk_rst_top_inst/rst_scheme_inst/pll0_fab_clk_cntr_reg[0]
  -------------------------------------------------------------------
                         required time                          8.173                     
                         arrival time                          -6.139                     
  -------------------------------------------------------------------
                         slack                                  2.035                     





Min Delay Paths
--------------------------------------------------------------------------------------
Slack (MET) :             0.039ns  (arrival time - required time)
  Source:                 HIGH_SPEED_ADC/HADC_BANK_66/inst/top_inst/clk_rst_top_inst/rst_scheme_inst/pll0_fab_clk_cntr_reg[3]/C
                            (rising edge-triggered cell FDRE clocked by GEN_PLL_IN_IP_USP.pll0_clkout0_1  {rise@0.000ns fall@1.600ns period=3.200ns})
  Destination:            HIGH_SPEED_ADC/HADC_BANK_66/inst/top_inst/clk_rst_top_inst/rst_scheme_inst/pll0_fab_clk_cntr_reg[4]/D
                            (rising edge-triggered cell FDRE clocked by GEN_PLL_IN_IP_USP.pll0_clkout0_1  {rise@0.000ns fall@1.600ns period=3.200ns})
  Path Group:             GEN_PLL_IN_IP_USP.pll0_clkout0_1
  Path Type:              Hold (Min at Fast Process Corner)
  Requirement:            0.000ns  (GEN_PLL_IN_IP_USP.pll0_clkout0_1 rise@0.000ns - GEN_PLL_IN_IP_USP.pll0_clkout0_1 rise@0.000ns)
  Data Path Delay:        0.133ns  (logic 0.072ns (54.076%)  route 0.061ns (45.924%))
  Logic Levels:           1  (LUT5=1)
  Clock Path Skew:        0.047ns (DCD - SCD - CPR)
    Destination Clock Delay (DCD):    3.115ns
    Source Clock Delay      (SCD):    2.848ns
    Clock Pessimism Removal (CPR):    0.220ns
  Clock Net Delay (Source):      0.416ns (routing 0.000ns, distribution 0.416ns)
  Clock Net Delay (Destination): 0.475ns (routing 0.001ns, distribution 0.474ns)

    Location             Delay type                Incr(ns)  Path(ns)    Partition      Netlist Resource(s)
  -------------------------------------------------------------------    ----------------------------------
                         (clock GEN_PLL_IN_IP_USP.pll0_clkout0_1 rise edge)
                                                      0.000     0.000 r                 
    AG8                                               0.000     0.000 r  static         USRClk_P (IN)
                         net (fo=0)                   0.079     0.079    static         USR_PORT/I
    HPIOBDIFFINBUF_X0Y11 DIFFINBUF (Prop_DIFFINBUF_HPIOBDIFFINBUF_DIFF_IN_P_O)
                                                      0.287     0.366 r  static         USR_PORT/DIFFINBUF_INST/O
                         net (fo=1, routed)           0.040     0.406    static         USR_PORT/OUT
    AG8                  IBUFCTRL (Prop_IBUFCTRL_HPIOB_M_I_O)
                                                      0.000     0.406 r  static         USR_PORT/IBUFCTRL_INST/O
                         net (fo=1, routed)           0.156     0.562    static         USRClk_i
    BUFGCE_X0Y8          BUFGCE (Prop_BUFCE_BUFGCE_I_O)
                                                      0.017     0.579 r  static         USR_BUF/O
                         net (fo=28536, routed)       1.627     2.206    static         HIGH_SPEED_ADC/HADC_BANK_66/inst/top_inst/clk_rst_top_inst/clk_scheme_inst/clk
    PLL_X0Y4             PLLE4_ADV (Prop_PLL_CLKIN_CLKOUT0)
                                                      0.050     2.256 r  static         HIGH_SPEED_ADC/HADC_BANK_66/inst/top_inst/clk_rst_top_inst/clk_scheme_inst/GEN_PLL_IN_IP_USP.plle4_adv_pll0_inst/CLKOUT0
                         net (fo=1, routed)           0.159     2.415    static         HIGH_SPEED_ADC/HADC_BANK_66/inst/top_inst/clk_rst_top_inst/clk_scheme_inst/GEN_PLL_IN_IP_USP.pll0_clkout0
    BUFGCE_X0Y68         BUFGCE (Prop_BUFCE_BUFGCE_I_O)
                                                      0.017     2.432 r  static         HIGH_SPEED_ADC/HADC_BANK_66/inst/top_inst/clk_rst_top_inst/clk_scheme_inst/GEN_PLL_IN_IP_USP.pll0_clkout0_buf/O
    X3Y2 (CLOCK_ROOT)    net (fo=10, routed)          0.416     2.848    static         HIGH_SPEED_ADC/HADC_BANK_66/inst/top_inst/clk_rst_top_inst/rst_scheme_inst/pll0_clkout0_out
    SLICE_X96Y149        FDRE                                         r  static         HIGH_SPEED_ADC/HADC_BANK_66/inst/top_inst/clk_rst_top_inst/rst_scheme_inst/pll0_fab_clk_cntr_reg[3]/C
  -------------------------------------------------------------------    ----------------------------------
    SLICE_X96Y149        FDRE (Prop_GFF2_SLICEM_C_Q)
                                                      0.039     2.887 r  static         HIGH_SPEED_ADC/HADC_BANK_66/inst/top_inst/clk_rst_top_inst/rst_scheme_inst/pll0_fab_clk_cntr_reg[3]/Q
                         net (fo=5, routed)           0.055     2.942    static         HIGH_SPEED_ADC/HADC_BANK_66/inst/top_inst/clk_rst_top_inst/rst_scheme_inst/pll0_fab_clk_cntr_reg__0[3]
    SLICE_X95Y149        LUT5 (Prop_D5LUT_SLICEL_I3_O)
                                                      0.033     2.975 r  static         HIGH_SPEED_ADC/HADC_BANK_66/inst/top_inst/clk_rst_top_inst/rst_scheme_inst/pll0_fab_clk_cntr[4]_i_1/O
                         net (fo=1, routed)           0.006     2.981    static         HIGH_SPEED_ADC/HADC_BANK_66/inst/top_inst/clk_rst_top_inst/rst_scheme_inst/p_0_in[4]
    SLICE_X95Y149        FDRE                                         r  static         HIGH_SPEED_ADC/HADC_BANK_66/inst/top_inst/clk_rst_top_inst/rst_scheme_inst/pll0_fab_clk_cntr_reg[4]/D
  -------------------------------------------------------------------    ----------------------------------

                         (clock GEN_PLL_IN_IP_USP.pll0_clkout0_1 rise edge)
                                                      0.000     0.000 r                 
    AG8                                               0.000     0.000 r  static         USRClk_P (IN)
                         net (fo=0)                   0.100     0.100    static         USR_PORT/I
    HPIOBDIFFINBUF_X0Y11 DIFFINBUF (Prop_DIFFINBUF_HPIOBDIFFINBUF_DIFF_IN_P_O)
                                                      0.392     0.492 r  static         USR_PORT/DIFFINBUF_INST/O
                         net (fo=1, routed)           0.050     0.542    static         USR_PORT/OUT
    AG8                  IBUFCTRL (Prop_IBUFCTRL_HPIOB_M_I_O)
                                                      0.000     0.542 r  static         USR_PORT/IBUFCTRL_INST/O
                         net (fo=1, routed)           0.197     0.739    static         USRClk_i
    BUFGCE_X0Y8          BUFGCE (Prop_BUFCE_BUFGCE_I_O)
                                                      0.019     0.758 r  static         USR_BUF/O
                         net (fo=28536, routed)       1.812     2.570    static         HIGH_SPEED_ADC/HADC_BANK_66/inst/top_inst/clk_rst_top_inst/clk_scheme_inst/clk
    PLL_X0Y4             PLLE4_ADV (Prop_PLL_CLKIN_CLKOUT0)
                                                     -0.130     2.440 r  static         HIGH_SPEED_ADC/HADC_BANK_66/inst/top_inst/clk_rst_top_inst/clk_scheme_inst/GEN_PLL_IN_IP_USP.plle4_adv_pll0_inst/CLKOUT0
                         net (fo=1, routed)           0.181     2.621    static         HIGH_SPEED_ADC/HADC_BANK_66/inst/top_inst/clk_rst_top_inst/clk_scheme_inst/GEN_PLL_IN_IP_USP.pll0_clkout0
    BUFGCE_X0Y68         BUFGCE (Prop_BUFCE_BUFGCE_I_O)
                                                      0.019     2.640 r  static         HIGH_SPEED_ADC/HADC_BANK_66/inst/top_inst/clk_rst_top_inst/clk_scheme_inst/GEN_PLL_IN_IP_USP.pll0_clkout0_buf/O
    X3Y2 (CLOCK_ROOT)    net (fo=10, routed)          0.475     3.115    static         HIGH_SPEED_ADC/HADC_BANK_66/inst/top_inst/clk_rst_top_inst/rst_scheme_inst/pll0_clkout0_out
    SLICE_X95Y149        FDRE                                         r  static         HIGH_SPEED_ADC/HADC_BANK_66/inst/top_inst/clk_rst_top_inst/rst_scheme_inst/pll0_fab_clk_cntr_reg[4]/C
                         clock pessimism             -0.220     2.895                     
    SLICE_X95Y149        FDRE (Hold_DFF2_SLICEL_C_D)
                                                      0.047     2.942    static           HIGH_SPEED_ADC/HADC_BANK_66/inst/top_inst/clk_rst_top_inst/rst_scheme_inst/pll0_fab_clk_cntr_reg[4]
  -------------------------------------------------------------------
                         required time                         -2.942                     
                         arrival time                           2.981                     
  -------------------------------------------------------------------
                         slack                                  0.039                     





Pulse Width Checks
--------------------------------------------------------------------------------------
Clock Name:         GEN_PLL_IN_IP_USP.pll0_clkout0_1
Waveform(ns):       { 0.000 1.600 }
Period(ns):         3.200
Sources:            { HIGH_SPEED_ADC/HADC_BANK_66/inst/top_inst/clk_rst_top_inst/clk_scheme_inst/GEN_PLL_IN_IP_USP.plle4_adv_pll0_inst/CLKOUT0 }

Check Type        Corner  Lib Pin   Reference Pin  Required(ns)  Actual(ns)  Slack(ns)  Location       Pin
Min Period        n/a     BUFGCE/I  n/a            1.290         3.200       1.910      BUFGCE_X0Y68   HIGH_SPEED_ADC/HADC_BANK_66/inst/top_inst/clk_rst_top_inst/clk_scheme_inst/GEN_PLL_IN_IP_USP.pll0_clkout0_buf/I
Low Pulse Width   Slow    FDRE/C    n/a            0.275         1.600       1.325      SLICE_X96Y149  HIGH_SPEED_ADC/HADC_BANK_66/inst/top_inst/clk_rst_top_inst/rst_scheme_inst/pll0_fab_clk_cntr_reg[0]/C
High Pulse Width  Slow    FDRE/C    n/a            0.275         1.600       1.325      SLICE_X96Y149  HIGH_SPEED_ADC/HADC_BANK_66/inst/top_inst/clk_rst_top_inst/rst_scheme_inst/pll0_fab_clk_cntr_reg[0]/C



---------------------------------------------------------------------------------------------------
From Clock:  IOClk
  To Clock:  IOClk

Setup :           NA  Failing Endpoints,  Worst Slack           NA  ,  Total Violation           NA
Hold  :           NA  Failing Endpoints,  Worst Slack           NA  ,  Total Violation           NA
PW    :            0  Failing Endpoints,  Worst Slack        0.000ns,  Total Violation        0.000ns
---------------------------------------------------------------------------------------------------


Pulse Width Checks
--------------------------------------------------------------------------------------
Clock Name:         IOClk
Waveform(ns):       { 0.000 0.800 }
Period(ns):         1.600
Sources:            { EXT_TRIGGER/PLL/CLKOUT0 }

Check Type        Corner  Lib Pin        Reference Pin    Required(ns)  Actual(ns)  Slack(ns)  Location              Pin
Min Period        n/a     ISERDESE3/CLK  n/a              1.600         1.600       0.000      BITSLICE_RX_TX_X0Y30  EXT_TRIGGER/PHASE[0].SERDES/CLK
Low Pulse Width   Slow    ISERDESE3/CLK  n/a              0.720         0.800       0.080      BITSLICE_RX_TX_X0Y30  EXT_TRIGGER/PHASE[0].SERDES/CLK
High Pulse Width  Slow    ISERDESE3/CLK  n/a              0.720         0.800       0.080      BITSLICE_RX_TX_X0Y30  EXT_TRIGGER/PHASE[0].SERDES/CLK
Max Skew          Slow    ISERDESE3/CLK  ISERDESE3/CLK_B  0.314         0.055       0.259      BITSLICE_RX_TX_X0Y34  EXT_TRIGGER/PHASE[2].SERDES/CLK



---------------------------------------------------------------------------------------------------
From Clock:  RIUClk
  To Clock:  RIUClk

Setup :            0  Failing Endpoints,  Worst Slack        2.960ns,  Total Violation        0.000ns
Hold  :            0  Failing Endpoints,  Worst Slack        0.041ns,  Total Violation        0.000ns
PW    :            0  Failing Endpoints,  Worst Slack        1.469ns,  Total Violation        0.000ns
---------------------------------------------------------------------------------------------------


Max Delay Paths
--------------------------------------------------------------------------------------
Slack (MET) :             2.960ns  (required time - arrival time)
  Source:                 HIGH_SPEED_ADC/HADC_BANK_66/inst/top_inst/clk_rst_top_inst/rst_scheme_inst/GEN_RIU_NOT_FROM_PLL.bs_dly_rst_reg/C
                            (rising edge-triggered cell FDSE clocked by RIUClk  {rise@0.000ns fall@3.200ns period=6.400ns})
  Destination:            HIGH_SPEED_ADC/HADC_BANK_66/inst/top_inst/clk_rst_top_inst/rst_scheme_inst/bs_rst_gen[47].bs_rst_r_reg[47]/D
                            (rising edge-triggered cell FDRE clocked by RIUClk  {rise@0.000ns fall@3.200ns period=6.400ns})
  Path Group:             RIUClk
  Path Type:              Setup (Max at Slow Process Corner)
  Requirement:            6.400ns  (RIUClk rise@6.400ns - RIUClk rise@0.000ns)
  Data Path Delay:        3.294ns  (logic 0.078ns (2.368%)  route 3.216ns (97.632%))
  Logic Levels:           0  
  Clock Path Skew:        -0.136ns (DCD - SCD + CPR)
    Destination Clock Delay (DCD):    4.212ns = ( 10.612 - 6.400 ) 
    Source Clock Delay      (SCD):    4.736ns
    Clock Pessimism Removal (CPR):    0.388ns
  Clock Uncertainty:      0.035ns  ((TSJ^2 + TIJ^2)^1/2 + DJ) / 2 + PE
    Total System Jitter     (TSJ):    0.071ns
    Total Input Jitter      (TIJ):    0.000ns
    Discrete Jitter          (DJ):    0.000ns
    Phase Error              (PE):    0.000ns
  Clock Net Delay (Source):      2.222ns (routing 0.874ns, distribution 1.348ns)
  Clock Net Delay (Destination): 2.010ns (routing 0.798ns, distribution 1.212ns)

    Location             Delay type                Incr(ns)  Path(ns)    Partition      Netlist Resource(s)
  -------------------------------------------------------------------    ----------------------------------
                         (clock RIUClk rise edge)     0.000     0.000 r                 
    AG8                                               0.000     0.000 r  static         USRClk_P (IN)
                         net (fo=0)                   0.100     0.100    static         USR_PORT/I
    HPIOBDIFFINBUF_X0Y11 DIFFINBUF (Prop_DIFFINBUF_HPIOBDIFFINBUF_DIFF_IN_P_O)
                                                      0.621     0.721 r  static         USR_PORT/DIFFINBUF_INST/O
                         net (fo=1, routed)           0.050     0.771    static         USR_PORT/OUT
    AG8                  IBUFCTRL (Prop_IBUFCTRL_HPIOB_M_I_O)
                                                      0.000     0.771 r  static         USR_PORT/IBUFCTRL_INST/O
                         net (fo=1, routed)           0.333     1.104    static         USRClk_i
    BUFGCE_X0Y8          BUFGCE (Prop_BUFCE_BUFGCE_I_O)
                                                      0.028     1.132 r  static         USR_BUF/O
                         net (fo=28536, routed)       1.231     2.363    static         HIGH_SPEED_ADC/Clk
    BUFGCE_DIV_X0Y5      BUFGCE_DIV (Prop_BUFGCE_DIV_I_O)
                                                      0.151     2.514 r  static         HIGH_SPEED_ADC/RIUClk_BUF/O
    X2Y2 (CLOCK_ROOT)    net (fo=261, routed)         2.222     4.736    static         HIGH_SPEED_ADC/HADC_BANK_66/inst/top_inst/clk_rst_top_inst/rst_scheme_inst/riu_clk
    SLICE_X96Y134        FDSE                                         r  static         HIGH_SPEED_ADC/HADC_BANK_66/inst/top_inst/clk_rst_top_inst/rst_scheme_inst/GEN_RIU_NOT_FROM_PLL.bs_dly_rst_reg/C
  -------------------------------------------------------------------    ----------------------------------
    SLICE_X96Y134        FDSE (Prop_CFF_SLICEM_C_Q)
                                                      0.078     4.814 r  static         HIGH_SPEED_ADC/HADC_BANK_66/inst/top_inst/clk_rst_top_inst/rst_scheme_inst/GEN_RIU_NOT_FROM_PLL.bs_dly_rst_reg/Q
                         net (fo=57, routed)          3.216     8.030    static         HIGH_SPEED_ADC/HADC_BANK_66/inst/top_inst/clk_rst_top_inst/rst_scheme_inst/GEN_RIU_NOT_FROM_PLL.bs_dly_rst_reg_0
    SLICE_X38Y253        FDRE                                         r  static         HIGH_SPEED_ADC/HADC_BANK_66/inst/top_inst/clk_rst_top_inst/rst_scheme_inst/bs_rst_gen[47].bs_rst_r_reg[47]/D
  -------------------------------------------------------------------    ----------------------------------

                         (clock RIUClk rise edge)     6.400     6.400 r                 
    AG8                                               0.000     6.400 r  static         USRClk_P (IN)
                         net (fo=0)                   0.079     6.479    static         USR_PORT/I
    HPIOBDIFFINBUF_X0Y11 DIFFINBUF (Prop_DIFFINBUF_HPIOBDIFFINBUF_DIFF_IN_P_O)
                                                      0.511     6.990 r  static         USR_PORT/DIFFINBUF_INST/O
                         net (fo=1, routed)           0.040     7.030    static         USR_PORT/OUT
    AG8                  IBUFCTRL (Prop_IBUFCTRL_HPIOB_M_I_O)
                                                      0.000     7.030 r  static         USR_PORT/IBUFCTRL_INST/O
                         net (fo=1, routed)           0.294     7.324    static         USRClk_i
    BUFGCE_X0Y8          BUFGCE (Prop_BUFCE_BUFGCE_I_O)
                                                      0.024     7.348 r  static         USR_BUF/O
                         net (fo=28536, routed)       1.123     8.471    static         HIGH_SPEED_ADC/Clk
    BUFGCE_DIV_X0Y5      BUFGCE_DIV (Prop_BUFGCE_DIV_I_O)
                                                      0.131     8.602 r  static         HIGH_SPEED_ADC/RIUClk_BUF/O
    X2Y2 (CLOCK_ROOT)    net (fo=261, routed)         2.010    10.612    static         HIGH_SPEED_ADC/HADC_BANK_66/inst/top_inst/clk_rst_top_inst/rst_scheme_inst/riu_clk
    SLICE_X38Y253        FDRE                                         r  static         HIGH_SPEED_ADC/HADC_BANK_66/inst/top_inst/clk_rst_top_inst/rst_scheme_inst/bs_rst_gen[47].bs_rst_r_reg[47]/C
                         clock pessimism              0.388    11.000                     
                         clock uncertainty           -0.035    10.964                     
    SLICE_X38Y253        FDRE (Setup_FFF_SLICEL_C_D)
                                                      0.025    10.989    static           HIGH_SPEED_ADC/HADC_BANK_66/inst/top_inst/clk_rst_top_inst/rst_scheme_inst/bs_rst_gen[47].bs_rst_r_reg[47]
  -------------------------------------------------------------------
                         required time                         10.989                     
                         arrival time                          -8.030                     
  -------------------------------------------------------------------
                         slack                                  2.960                     





Min Delay Paths
--------------------------------------------------------------------------------------
Slack (MET) :             0.041ns  (arrival time - required time)
  Source:                 HIGH_SPEED_ADC/HADC_BANK_66/inst/top_inst/clk_rst_top_inst/rst_scheme_inst/bs_rst_gen[8].bs_rst_r_reg[8]/C
                            (rising edge-triggered cell FDRE clocked by RIUClk  {rise@0.000ns fall@3.200ns period=6.400ns})
  Destination:            HIGH_SPEED_ADC/HADC_BANK_66/inst/top_inst/clk_rst_top_inst/rst_scheme_inst/bs_rst_int_r_reg[8]/D
                            (rising edge-triggered cell FDSE clocked by RIUClk  {rise@0.000ns fall@3.200ns period=6.400ns})
  Path Group:             RIUClk
  Path Type:              Hold (Min at Fast Process Corner)
  Requirement:            0.000ns  (RIUClk rise@0.000ns - RIUClk rise@0.000ns)
  Data Path Delay:        0.108ns  (logic 0.040ns (37.037%)  route 0.068ns (62.963%))
  Logic Levels:           0  
  Clock Path Skew:        0.020ns (DCD - SCD - CPR)
    Destination Clock Delay (DCD):    2.987ns
    Source Clock Delay      (SCD):    2.576ns
    Clock Pessimism Removal (CPR):    0.391ns
  Clock Net Delay (Source):      1.236ns (routing 0.480ns, distribution 0.756ns)
  Clock Net Delay (Destination): 1.389ns (routing 0.532ns, distribution 0.857ns)

    Location             Delay type                Incr(ns)  Path(ns)    Partition      Netlist Resource(s)
  -------------------------------------------------------------------    ----------------------------------
                         (clock RIUClk rise edge)     0.000     0.000 r                 
    AG8                                               0.000     0.000 r  static         USRClk_P (IN)
                         net (fo=0)                   0.079     0.079    static         USR_PORT/I
    HPIOBDIFFINBUF_X0Y11 DIFFINBUF (Prop_DIFFINBUF_HPIOBDIFFINBUF_DIFF_IN_P_O)
                                                      0.287     0.366 r  static         USR_PORT/DIFFINBUF_INST/O
                         net (fo=1, routed)           0.040     0.406    static         USR_PORT/OUT
    AG8                  IBUFCTRL (Prop_IBUFCTRL_HPIOB_M_I_O)
                                                      0.000     0.406 r  static         USR_PORT/IBUFCTRL_INST/O
                         net (fo=1, routed)           0.156     0.562    static         USRClk_i
    BUFGCE_X0Y8          BUFGCE (Prop_BUFCE_BUFGCE_I_O)
                                                      0.017     0.579 r  static         USR_BUF/O
                         net (fo=28536, routed)       0.672     1.251    static         HIGH_SPEED_ADC/Clk
    BUFGCE_DIV_X0Y5      BUFGCE_DIV (Prop_BUFGCE_DIV_I_O)
                                                      0.089     1.340 r  static         HIGH_SPEED_ADC/RIUClk_BUF/O
    X2Y2 (CLOCK_ROOT)    net (fo=261, routed)         1.236     2.576    static         HIGH_SPEED_ADC/HADC_BANK_66/inst/top_inst/clk_rst_top_inst/rst_scheme_inst/riu_clk
    SLICE_X96Y114        FDRE                                         r  static         HIGH_SPEED_ADC/HADC_BANK_66/inst/top_inst/clk_rst_top_inst/rst_scheme_inst/bs_rst_gen[8].bs_rst_r_reg[8]/C
  -------------------------------------------------------------------    ----------------------------------
    SLICE_X96Y114        FDRE (Prop_FFF2_SLICEM_C_Q)
                                                      0.040     2.616 r  static         HIGH_SPEED_ADC/HADC_BANK_66/inst/top_inst/clk_rst_top_inst/rst_scheme_inst/bs_rst_gen[8].bs_rst_r_reg[8]/Q
                         net (fo=1, routed)           0.068     2.684    static         HIGH_SPEED_ADC/HADC_BANK_66/inst/top_inst/clk_rst_top_inst/rst_scheme_inst/bs_rst_r[8]
    SLICE_X96Y116        FDSE                                         r  static         HIGH_SPEED_ADC/HADC_BANK_66/inst/top_inst/clk_rst_top_inst/rst_scheme_inst/bs_rst_int_r_reg[8]/D
  -------------------------------------------------------------------    ----------------------------------

                         (clock RIUClk rise edge)     0.000     0.000 r                 
    AG8                                               0.000     0.000 r  static         USRClk_P (IN)
                         net (fo=0)                   0.100     0.100    static         USR_PORT/I
    HPIOBDIFFINBUF_X0Y11 DIFFINBUF (Prop_DIFFINBUF_HPIOBDIFFINBUF_DIFF_IN_P_O)
                                                      0.392     0.492 r  static         USR_PORT/DIFFINBUF_INST/O
                         net (fo=1, routed)           0.050     0.542    static         USR_PORT/OUT
    AG8                  IBUFCTRL (Prop_IBUFCTRL_HPIOB_M_I_O)
                                                      0.000     0.542 r  static         USR_PORT/IBUFCTRL_INST/O
                         net (fo=1, routed)           0.197     0.739    static         USRClk_i
    BUFGCE_X0Y8          BUFGCE (Prop_BUFCE_BUFGCE_I_O)
                                                      0.019     0.758 r  static         USR_BUF/O
                         net (fo=28536, routed)       0.740     1.498    static         HIGH_SPEED_ADC/Clk
    BUFGCE_DIV_X0Y5      BUFGCE_DIV (Prop_BUFGCE_DIV_I_O)
                                                      0.100     1.598 r  static         HIGH_SPEED_ADC/RIUClk_BUF/O
    X2Y2 (CLOCK_ROOT)    net (fo=261, routed)         1.389     2.987    static         HIGH_SPEED_ADC/HADC_BANK_66/inst/top_inst/clk_rst_top_inst/rst_scheme_inst/riu_clk
    SLICE_X96Y116        FDSE                                         r  static         HIGH_SPEED_ADC/HADC_BANK_66/inst/top_inst/clk_rst_top_inst/rst_scheme_inst/bs_rst_int_r_reg[8]/C
                         clock pessimism             -0.391     2.596                     
    SLICE_X96Y116        FDSE (Hold_AFF2_SLICEM_C_D)
                                                      0.047     2.643    static           HIGH_SPEED_ADC/HADC_BANK_66/inst/top_inst/clk_rst_top_inst/rst_scheme_inst/bs_rst_int_r_reg[8]
  -------------------------------------------------------------------
                         required time                         -2.643                     
                         arrival time                           2.684                     
  -------------------------------------------------------------------
                         slack                                  0.041                     





Pulse Width Checks
--------------------------------------------------------------------------------------
Clock Name:         RIUClk
Waveform(ns):       { 0.000 3.200 }
Period(ns):         6.400
Sources:            { HIGH_SPEED_ADC/RIUClk_BUF/O }

Check Type        Corner  Lib Pin                   Reference Pin  Required(ns)  Actual(ns)  Slack(ns)  Location               Pin
Min Period        n/a     BITSLICE_CONTROL/RIU_CLK  n/a            3.846         6.400       2.554      BITSLICE_CONTROL_X0Y8  HIGH_SPEED_ADC/HADC_BANK_65/inst/top_inst/bs_ctrl_top_inst/BITSLICE_CTRL[0].bs_ctrl_inst/RIU_CLK
Low Pulse Width   Slow    BITSLICE_CONTROL/RIU_CLK  n/a            1.731         3.200       1.469      BITSLICE_CONTROL_X0Y8  HIGH_SPEED_ADC/HADC_BANK_65/inst/top_inst/bs_ctrl_top_inst/BITSLICE_CTRL[0].bs_ctrl_inst/RIU_CLK
High Pulse Width  Slow    BITSLICE_CONTROL/RIU_CLK  n/a            1.731         3.200       1.469      BITSLICE_CONTROL_X0Y8  HIGH_SPEED_ADC/HADC_BANK_65/inst/top_inst/bs_ctrl_top_inst/BITSLICE_CTRL[0].bs_ctrl_inst/RIU_CLK



---------------------------------------------------------------------------------------------------
From Clock:  shared_pll0_clkoutphy_out
  To Clock:  shared_pll0_clkoutphy_out

Setup :           NA  Failing Endpoints,  Worst Slack           NA  ,  Total Violation           NA
Hold  :           NA  Failing Endpoints,  Worst Slack           NA  ,  Total Violation           NA
PW    :            0  Failing Endpoints,  Worst Slack        0.231ns,  Total Violation        0.000ns
---------------------------------------------------------------------------------------------------


Pulse Width Checks
--------------------------------------------------------------------------------------
Clock Name:         shared_pll0_clkoutphy_out
Waveform(ns):       { 0.000 0.400 }
Period(ns):         0.800
Sources:            { HIGH_SPEED_ADC/HADC_BANK_65/inst/top_inst/clk_rst_top_inst/clk_scheme_inst/GEN_PLL_IN_IP_USP.plle4_adv_pll0_inst/CLKOUTPHY }

Check Type        Corner  Lib Pin                   Reference Pin  Required(ns)  Actual(ns)  Slack(ns)  Location               Pin
Min Period        n/a     BITSLICE_CONTROL/PLL_CLK  n/a            0.375         0.800       0.425      BITSLICE_CONTROL_X0Y8  HIGH_SPEED_ADC/HADC_BANK_65/inst/top_inst/bs_ctrl_top_inst/BITSLICE_CTRL[0].bs_ctrl_inst/PLL_CLK
Low Pulse Width   Slow    BITSLICE_CONTROL/PLL_CLK  n/a            0.169         0.400       0.231      BITSLICE_CONTROL_X0Y8  HIGH_SPEED_ADC/HADC_BANK_65/inst/top_inst/bs_ctrl_top_inst/BITSLICE_CTRL[0].bs_ctrl_inst/PLL_CLK
High Pulse Width  Slow    BITSLICE_CONTROL/PLL_CLK  n/a            0.169         0.400       0.231      BITSLICE_CONTROL_X0Y8  HIGH_SPEED_ADC/HADC_BANK_65/inst/top_inst/bs_ctrl_top_inst/BITSLICE_CTRL[0].bs_ctrl_inst/PLL_CLK



---------------------------------------------------------------------------------------------------
From Clock:  shared_pll0_clkoutphy_out_1
  To Clock:  shared_pll0_clkoutphy_out_1

Setup :           NA  Failing Endpoints,  Worst Slack           NA  ,  Total Violation           NA
Hold  :           NA  Failing Endpoints,  Worst Slack           NA  ,  Total Violation           NA
PW    :            0  Failing Endpoints,  Worst Slack        0.231ns,  Total Violation        0.000ns
---------------------------------------------------------------------------------------------------


Pulse Width Checks
--------------------------------------------------------------------------------------
Clock Name:         shared_pll0_clkoutphy_out_1
Waveform(ns):       { 0.000 0.400 }
Period(ns):         0.800
Sources:            { HIGH_SPEED_ADC/HADC_BANK_66/inst/top_inst/clk_rst_top_inst/clk_scheme_inst/GEN_PLL_IN_IP_USP.plle4_adv_pll0_inst/CLKOUTPHY }

Check Type        Corner  Lib Pin                   Reference Pin  Required(ns)  Actual(ns)  Slack(ns)  Location                Pin
Min Period        n/a     BITSLICE_CONTROL/PLL_CLK  n/a            0.375         0.800       0.425      BITSLICE_CONTROL_X0Y16  HIGH_SPEED_ADC/HADC_BANK_66/inst/top_inst/bs_ctrl_top_inst/BITSLICE_CTRL[0].bs_ctrl_inst/PLL_CLK
Low Pulse Width   Slow    BITSLICE_CONTROL/PLL_CLK  n/a            0.169         0.400       0.231      BITSLICE_CONTROL_X0Y16  HIGH_SPEED_ADC/HADC_BANK_66/inst/top_inst/bs_ctrl_top_inst/BITSLICE_CTRL[0].bs_ctrl_inst/PLL_CLK
High Pulse Width  Slow    BITSLICE_CONTROL/PLL_CLK  n/a            0.169         0.400       0.231      BITSLICE_CONTROL_X0Y16  HIGH_SPEED_ADC/HADC_BANK_66/inst/top_inst/bs_ctrl_top_inst/BITSLICE_CTRL[0].bs_ctrl_inst/PLL_CLK



---------------------------------------------------------------------------------------------------
From Clock:  clk_pl_0
  To Clock:  clk_pl_0

Setup :            0  Failing Endpoints,  Worst Slack        0.034ns,  Total Violation        0.000ns
Hold  :            0  Failing Endpoints,  Worst Slack        0.013ns,  Total Violation        0.000ns
PW    :            0  Failing Endpoints,  Worst Slack        0.166ns,  Total Violation        0.000ns
---------------------------------------------------------------------------------------------------


Max Delay Paths
--------------------------------------------------------------------------------------
Slack (MET) :             0.034ns  (required time - arrival time)
  Source:                 CBUFS[5].CBUF/FSM/Count_reg[0]/C
                            (rising edge-triggered cell FDRE clocked by clk_pl_0  {rise@0.000ns fall@1.666ns period=3.333ns})
  Destination:            CBUFS[5].CBUF/MAXI/XferToken_reg[1]/CE
                            (rising edge-triggered cell FDRE clocked by clk_pl_0  {rise@0.000ns fall@1.666ns period=3.333ns})
  Path Group:             clk_pl_0
  Path Type:              Setup (Max at Slow Process Corner)
  Requirement:            3.333ns  (clk_pl_0 rise@3.333ns - clk_pl_0 rise@0.000ns)
  Data Path Delay:        2.927ns  (logic 0.613ns (20.943%)  route 2.314ns (79.057%))
  Logic Levels:           6  (CARRY8=2 LUT2=2 LUT6=2)
  Clock Path Skew:        -0.209ns (DCD - SCD + CPR)
    Destination Clock Delay (DCD):    1.717ns = ( 5.050 - 3.333 ) 
    Source Clock Delay      (SCD):    1.999ns
    Clock Pessimism Removal (CPR):    0.073ns
  Clock Uncertainty:      0.104ns  ((TSJ^2 + DJ^2)^1/2) / 2 + PE
    Total System Jitter     (TSJ):    0.071ns
    Discrete Jitter          (DJ):    0.195ns
    Phase Error              (PE):    0.000ns
  Clock Net Delay (Source):      1.836ns (routing 0.397ns, distribution 1.439ns)
  Clock Net Delay (Destination): 1.587ns (routing 0.357ns, distribution 1.230ns)

    Location             Delay type                Incr(ns)  Path(ns)    Partition      Netlist Resource(s)
  -------------------------------------------------------------------    ----------------------------------
                         (clock clk_pl_0 rise edge)
                                                      0.000     0.000 r                 
    PS8_X0Y0             PS8                          0.000     0.000 r  static         PROCESSOR/processor_i/PS/U0/PS8_i/PLCLK[0]
                         net (fo=1, routed)           0.135     0.135    static         PROCESSOR/processor_i/PS/U0/pl_clk_unbuffered[0]
    BUFG_PS_X0Y51        BUFG_PS (Prop_BUFG_PS_I_O)
                                                      0.028     0.163 r  static         PROCESSOR/processor_i/PS/U0/buffer_pl_clk_0.PL_CLK_0_BUFG/O
    X1Y3 (CLOCK_ROOT)    net (fo=25989, routed)       1.836     1.999    static         CBUFS[5].CBUF/FSM/Clk
    SLICE_X35Y329        FDRE                                         r  static         CBUFS[5].CBUF/FSM/Count_reg[0]/C
  -------------------------------------------------------------------    ----------------------------------
    SLICE_X35Y329        FDRE (Prop_CFF2_SLICEM_C_Q)
                                                      0.077     2.076 f  static         CBUFS[5].CBUF/FSM/Count_reg[0]/Q
                         net (fo=5, routed)           0.430     2.506    static         CBUFS[5].CBUF/FSM/Count[0]
    SLICE_X36Y317        LUT2 (Prop_A6LUT_SLICEL_I0_O)
                                                      0.090     2.596 r  static         CBUFS[5].CBUF/FSM/Burst_INST_0_i_35/O
                         net (fo=1, routed)           0.009     2.605    static         CBUFS[5].CBUF/FSM/Burst_INST_0_i_35_n_0
    SLICE_X36Y317        CARRY8 (Prop_CARRY8_SLICEL_S[0]_CO[7])
                                                      0.190     2.795 r  static         CBUFS[5].CBUF/FSM/Burst_INST_0_i_4/CO[7]
                         net (fo=1, routed)           0.026     2.821    static         CBUFS[5].CBUF/FSM/Burst_INST_0_i_4_n_0
    SLICE_X36Y318        CARRY8 (Prop_CARRY8_SLICEL_CI_CO[7])
                                                      0.022     2.843 r  static         CBUFS[5].CBUF/FSM/Burst_INST_0_i_3/CO[7]
                         net (fo=1, routed)           0.313     3.156    static         CBUFS[5].CBUF/FSM/Burst2
    SLICE_X36Y310        LUT6 (Prop_E6LUT_SLICEL_I3_O)
                                                      0.147     3.303 r  static         CBUFS[5].CBUF/FSM/Burst_INST_0/O
                         net (fo=8, routed)           0.625     3.928    static         CBUFS[5].CBUF/MAXI/Burst
    SLICE_X36Y258        LUT6 (Prop_H6LUT_SLICEL_I2_O)
                                                      0.036     3.964 r  static         CBUFS[5].CBUF/MAXI/AddressReg[28]_i_1/O
                         net (fo=41, routed)          0.521     4.485    static         CBUFS[5].CBUF/MAXI/AddressReg0
    SLICE_X36Y222        LUT2 (Prop_H6LUT_SLICEL_I0_O)
                                                      0.051     4.536 r  static         CBUFS[5].CBUF/MAXI/XferToken[2]_i_1/O
                         net (fo=3, routed)           0.390     4.926    static         CBUFS[5].CBUF/MAXI/XferToken[2]_i_1_n_0
    SLICE_X36Y206        FDRE                                         r  static         CBUFS[5].CBUF/MAXI/XferToken_reg[1]/CE
  -------------------------------------------------------------------    ----------------------------------

                         (clock clk_pl_0 rise edge)
                                                      3.333     3.333 r                 
    PS8_X0Y0             PS8                          0.000     3.333 r  static         PROCESSOR/processor_i/PS/U0/PS8_i/PLCLK[0]
                         net (fo=1, routed)           0.105     3.438    static         PROCESSOR/processor_i/PS/U0/pl_clk_unbuffered[0]
    BUFG_PS_X0Y51        BUFG_PS (Prop_BUFG_PS_I_O)
                                                      0.025     3.463 r  static         PROCESSOR/processor_i/PS/U0/buffer_pl_clk_0.PL_CLK_0_BUFG/O
    X1Y3 (CLOCK_ROOT)    net (fo=25989, routed)       1.587     5.050    static         CBUFS[5].CBUF/MAXI/Clk
    SLICE_X36Y206        FDRE                                         r  static         CBUFS[5].CBUF/MAXI/XferToken_reg[1]/C
                         clock pessimism              0.073     5.123                     
                         clock uncertainty           -0.104     5.019                     
    SLICE_X36Y206        FDRE (Setup_DFF_SLICEL_C_CE)
                                                     -0.060     4.959    static           CBUFS[5].CBUF/MAXI/XferToken_reg[1]
  -------------------------------------------------------------------
                         required time                          4.959                     
                         arrival time                          -4.926                     
  -------------------------------------------------------------------
                         slack                                  0.034                     





Min Delay Paths
--------------------------------------------------------------------------------------
Slack (MET) :             0.013ns  (arrival time - required time)
  Source:                 PROCESSOR/processor_i/axi_crossbar_1/inst/gen_samd.crossbar_samd/gen_decerr_slave.decerr_slave_inst/gen_axi.s_axi_bid_i_reg[1]/C
                            (rising edge-triggered cell FDRE clocked by clk_pl_0  {rise@0.000ns fall@1.666ns period=3.333ns})
  Destination:            PROCESSOR/processor_i/axi_crossbar_1/inst/gen_samd.crossbar_samd/gen_master_slots[1].reg_slice_mi/b.b_pipe/m_payload_i_reg[3]/D
                            (rising edge-triggered cell FDRE clocked by clk_pl_0  {rise@0.000ns fall@1.666ns period=3.333ns})
  Path Group:             clk_pl_0
  Path Type:              Hold (Min at Slow Process Corner)
  Requirement:            0.000ns  (clk_pl_0 rise@0.000ns - clk_pl_0 rise@0.000ns)
  Data Path Delay:        0.181ns  (logic 0.061ns (33.702%)  route 0.120ns (66.298%))
  Logic Levels:           0  
  Clock Path Skew:        0.108ns (DCD - SCD - CPR)
    Destination Clock Delay (DCD):    1.968ns
    Source Clock Delay      (SCD):    1.708ns
    Clock Pessimism Removal (CPR):    0.151ns
  Clock Net Delay (Source):      1.578ns (routing 0.357ns, distribution 1.221ns)
  Clock Net Delay (Destination): 1.805ns (routing 0.397ns, distribution 1.408ns)

    Location             Delay type                Incr(ns)  Path(ns)    Partition      Netlist Resource(s)
  -------------------------------------------------------------------    ----------------------------------
                         (clock clk_pl_0 rise edge)
                                                      0.000     0.000 r                 
    PS8_X0Y0             PS8                          0.000     0.000 r  static         PROCESSOR/processor_i/PS/U0/PS8_i/PLCLK[0]
                         net (fo=1, routed)           0.105     0.105    static         PROCESSOR/processor_i/PS/U0/pl_clk_unbuffered[0]
    BUFG_PS_X0Y51        BUFG_PS (Prop_BUFG_PS_I_O)
                                                      0.025     0.130 r  static         PROCESSOR/processor_i/PS/U0/buffer_pl_clk_0.PL_CLK_0_BUFG/O
    X1Y3 (CLOCK_ROOT)    net (fo=25989, routed)       1.578     1.708    static         PROCESSOR/processor_i/axi_crossbar_1/inst/gen_samd.crossbar_samd/gen_decerr_slave.decerr_slave_inst/aclk
    SLICE_X42Y127        FDRE                                         r  static         PROCESSOR/processor_i/axi_crossbar_1/inst/gen_samd.crossbar_samd/gen_decerr_slave.decerr_slave_inst/gen_axi.s_axi_bid_i_reg[1]/C
  -------------------------------------------------------------------    ----------------------------------
    SLICE_X42Y127        FDRE (Prop_DFF2_SLICEL_C_Q)
                                                      0.061     1.769 r  static         PROCESSOR/processor_i/axi_crossbar_1/inst/gen_samd.crossbar_samd/gen_decerr_slave.decerr_slave_inst/gen_axi.s_axi_bid_i_reg[1]/Q
                         net (fo=1, routed)           0.120     1.889    static         PROCESSOR/processor_i/axi_crossbar_1/inst/gen_samd.crossbar_samd/gen_master_slots[1].reg_slice_mi/b.b_pipe/m_axi_bid[1]
    SLICE_X44Y127        FDRE                                         r  static         PROCESSOR/processor_i/axi_crossbar_1/inst/gen_samd.crossbar_samd/gen_master_slots[1].reg_slice_mi/b.b_pipe/m_payload_i_reg[3]/D
  -------------------------------------------------------------------    ----------------------------------

                         (clock clk_pl_0 rise edge)
                                                      0.000     0.000 r                 
    PS8_X0Y0             PS8                          0.000     0.000 r  static         PROCESSOR/processor_i/PS/U0/PS8_i/PLCLK[0]
                         net (fo=1, routed)           0.135     0.135    static         PROCESSOR/processor_i/PS/U0/pl_clk_unbuffered[0]
    BUFG_PS_X0Y51        BUFG_PS (Prop_BUFG_PS_I_O)
                                                      0.028     0.163 r  static         PROCESSOR/processor_i/PS/U0/buffer_pl_clk_0.PL_CLK_0_BUFG/O
    X1Y3 (CLOCK_ROOT)    net (fo=25989, routed)       1.805     1.968    static         PROCESSOR/processor_i/axi_crossbar_1/inst/gen_samd.crossbar_samd/gen_master_slots[1].reg_slice_mi/b.b_pipe/aclk
    SLICE_X44Y127        FDRE                                         r  static         PROCESSOR/processor_i/axi_crossbar_1/inst/gen_samd.crossbar_samd/gen_master_slots[1].reg_slice_mi/b.b_pipe/m_payload_i_reg[3]/C
                         clock pessimism             -0.151     1.817                     
    SLICE_X44Y127        FDRE (Hold_HFF_SLICEM_C_D)
                                                      0.060     1.877    static           PROCESSOR/processor_i/axi_crossbar_1/inst/gen_samd.crossbar_samd/gen_master_slots[1].reg_slice_mi/b.b_pipe/m_payload_i_reg[3]
  -------------------------------------------------------------------
                         required time                         -1.877                     
                         arrival time                           1.889                     
  -------------------------------------------------------------------
                         slack                                  0.013                     





Pulse Width Checks
--------------------------------------------------------------------------------------
Clock Name:         clk_pl_0
Waveform(ns):       { 0.000 1.666 }
Period(ns):         3.333
Sources:            { PROCESSOR/processor_i/PS/U0/PS8_i/PLCLK[0] }

Check Type        Corner  Lib Pin          Reference Pin  Required(ns)  Actual(ns)  Slack(ns)  Location  Pin
Min Period        n/a     PS8/SAXIGP2RCLK  n/a            3.000         3.333       0.333      PS8_X0Y0  PROCESSOR/processor_i/PS/U0/PS8_i/SAXIGP2RCLK
Low Pulse Width   Slow    PS8/SAXIGP2RCLK  n/a            1.500         1.666       0.166      PS8_X0Y0  PROCESSOR/processor_i/PS/U0/PS8_i/SAXIGP2RCLK
High Pulse Width  Slow    PS8/SAXIGP2RCLK  n/a            1.500         1.667       0.167      PS8_X0Y0  PROCESSOR/processor_i/PS/U0/PS8_i/SAXIGP2RCLK



---------------------------------------------------------------------------------------------------
From Clock:  clk_pl_1
  To Clock:  clk_pl_1

Setup :            0  Failing Endpoints,  Worst Slack        2.505ns,  Total Violation        0.000ns
Hold  :            0  Failing Endpoints,  Worst Slack        0.014ns,  Total Violation        0.000ns
PW    :            0  Failing Endpoints,  Worst Slack        1.000ns,  Total Violation        0.000ns
---------------------------------------------------------------------------------------------------


Max Delay Paths
--------------------------------------------------------------------------------------
Slack (MET) :             2.505ns  (required time - arrival time)
  Source:                 PROCESSOR/processor_i/AXI_INTER/s00_couplers/auto_ds/inst/gen_downsizer.gen_simple_downsizer.axi_downsizer_inst/USE_WRITE.write_addr_inst/cmd_queue/inst/fifo_gen_inst/inst_fifo_gen/gconvfifo.rf/grf.rf/gntv_or_sync_fifo.mem/goreg_dm.dout_i_reg[23]/C
                            (rising edge-triggered cell FDRE clocked by clk_pl_1  {rise@0.000ns fall@5.000ns period=10.000ns})
  Destination:            PROCESSOR/processor_i/AXI_INTER/m01_couplers/auto_cc/inst/gen_clock_conv.gen_async_lite_conv.clock_conv_lite_fwd_w/handshake/src_hsdata_ff_reg[18]/D
                            (rising edge-triggered cell FDRE clocked by clk_pl_1  {rise@0.000ns fall@5.000ns period=10.000ns})
  Path Group:             clk_pl_1
  Path Type:              Setup (Max at Slow Process Corner)
  Requirement:            10.000ns  (clk_pl_1 rise@10.000ns - clk_pl_1 rise@0.000ns)
  Data Path Delay:        7.225ns  (logic 0.297ns (4.111%)  route 6.928ns (95.889%))
  Logic Levels:           4  (LUT4=1 LUT5=1 LUT6=2)
  Clock Path Skew:        -0.165ns (DCD - SCD + CPR)
    Destination Clock Delay (DCD):    1.846ns = ( 11.846 - 10.000 ) 
    Source Clock Delay      (SCD):    2.091ns
    Clock Pessimism Removal (CPR):    0.080ns
  Clock Uncertainty:      0.130ns  ((TSJ^2 + DJ^2)^1/2) / 2 + PE
    Total System Jitter     (TSJ):    0.071ns
    Discrete Jitter          (DJ):    0.250ns
    Phase Error              (PE):    0.000ns
  Clock Net Delay (Source):      1.928ns (routing 0.492ns, distribution 1.436ns)
  Clock Net Delay (Destination): 1.714ns (routing 0.443ns, distribution 1.271ns)

    Location             Delay type                Incr(ns)  Path(ns)    Partition      Netlist Resource(s)
  -------------------------------------------------------------------    ----------------------------------
                         (clock clk_pl_1 rise edge)
                                                      0.000     0.000 r                 
    PS8_X0Y0             PS8                          0.000     0.000 r  static         PROCESSOR/processor_i/PS/U0/PS8_i/PLCLK[1]
                         net (fo=1, routed)           0.135     0.135    static         PROCESSOR/processor_i/PS/U0/pl_clk_unbuffered[1]
    BUFG_PS_X0Y62        BUFG_PS (Prop_BUFG_PS_I_O)
                                                      0.028     0.163 r  static         PROCESSOR/processor_i/PS/U0/buffer_pl_clk_1.PL_CLK_1_BUFG/O
    X1Y3 (CLOCK_ROOT)    net (fo=4937, routed)        1.928     2.091    static         PROCESSOR/processor_i/AXI_INTER/s00_couplers/auto_ds/inst/gen_downsizer.gen_simple_downsizer.axi_downsizer_inst/USE_WRITE.write_addr_inst/cmd_queue/inst/fifo_gen_inst/inst_fifo_gen/gconvfifo.rf/grf.rf/gntv_or_sync_fifo.mem/clk
    SLICE_X37Y46         FDRE                                         r  static         PROCESSOR/processor_i/AXI_INTER/s00_couplers/auto_ds/inst/gen_downsizer.gen_simple_downsizer.axi_downsizer_inst/USE_WRITE.write_addr_inst/cmd_queue/inst/fifo_gen_inst/inst_fifo_gen/gconvfifo.rf/grf.rf/gntv_or_sync_fifo.mem/goreg_dm.dout_i_reg[23]/C
  -------------------------------------------------------------------    ----------------------------------
    SLICE_X37Y46         FDRE (Prop_HFF_SLICEM_C_Q)
                                                      0.079     2.170 f  static         PROCESSOR/processor_i/AXI_INTER/s00_couplers/auto_ds/inst/gen_downsizer.gen_simple_downsizer.axi_downsizer_inst/USE_WRITE.write_addr_inst/cmd_queue/inst/fifo_gen_inst/inst_fifo_gen/gconvfifo.rf/grf.rf/gntv_or_sync_fifo.mem/goreg_dm.dout_i_reg[23]/Q
                         net (fo=1, routed)           0.777     2.947    static         PROCESSOR/processor_i/AXI_INTER/s00_couplers/auto_ds/inst/gen_downsizer.gen_simple_downsizer.axi_downsizer_inst/USE_WRITE.write_data_inst/current_word_1_reg[1]_1[12]
    SLICE_X39Y117        LUT4 (Prop_F6LUT_SLICEL_I3_O)
                                                      0.035     2.982 f  static         PROCESSOR/processor_i/AXI_INTER/s00_couplers/auto_ds/inst/gen_downsizer.gen_simple_downsizer.axi_downsizer_inst/USE_WRITE.write_data_inst/current_word_1[1]_i_2/O
                         net (fo=4, routed)           0.632     3.614    static         PROCESSOR/processor_i/AXI_INTER/s00_couplers/auto_ds/inst/gen_downsizer.gen_simple_downsizer.axi_downsizer_inst/USE_WRITE.write_addr_inst/cmd_queue/inst/current_word_1_reg[1]
    SLICE_X38Y82         LUT6 (Prop_G6LUT_SLICEL_I5_O)
                                                      0.035     3.649 r  static         PROCESSOR/processor_i/AXI_INTER/s00_couplers/auto_ds/inst/gen_downsizer.gen_simple_downsizer.axi_downsizer_inst/USE_WRITE.write_addr_inst/cmd_queue/inst/m_axi_wdata[31]_INST_0_i_3/O
                         net (fo=2, routed)           0.050     3.699    static         PROCESSOR/processor_i/AXI_INTER/s00_couplers/auto_ds/inst/gen_downsizer.gen_simple_downsizer.axi_downsizer_inst/USE_WRITE.write_addr_inst/cmd_queue/inst/m_axi_wdata[31]_INST_0_i_3_n_0
    SLICE_X38Y82         LUT5 (Prop_F6LUT_SLICEL_I0_O)
                                                      0.097     3.796 r  static         PROCESSOR/processor_i/AXI_INTER/s00_couplers/auto_ds/inst/gen_downsizer.gen_simple_downsizer.axi_downsizer_inst/USE_WRITE.write_addr_inst/cmd_queue/inst/m_axi_wdata[31]_INST_0_i_1/O
                         net (fo=36, routed)          0.783     4.579    static         PROCESSOR/processor_i/AXI_INTER/s00_couplers/auto_ds/inst/gen_downsizer.gen_simple_downsizer.axi_downsizer_inst/USE_WRITE.write_addr_inst/cmd_queue/inst/m_axi_wdata[31]_INST_0_i_1_n_0
    SLICE_X36Y43         LUT6 (Prop_H6LUT_SLICEL_I4_O)
                                                      0.051     4.630 r  static         PROCESSOR/processor_i/AXI_INTER/s00_couplers/auto_ds/inst/gen_downsizer.gen_simple_downsizer.axi_downsizer_inst/USE_WRITE.write_addr_inst/cmd_queue/inst/m_axi_wdata[18]_INST_0/O
                         net (fo=25, routed)          4.686     9.316    static         PROCESSOR/processor_i/AXI_INTER/m01_couplers/auto_cc/inst/gen_clock_conv.gen_async_lite_conv.clock_conv_lite_fwd_w/handshake/src_in[18]
    SLICE_X29Y340        FDRE                                         r  static         PROCESSOR/processor_i/AXI_INTER/m01_couplers/auto_cc/inst/gen_clock_conv.gen_async_lite_conv.clock_conv_lite_fwd_w/handshake/src_hsdata_ff_reg[18]/D
  -------------------------------------------------------------------    ----------------------------------

                         (clock clk_pl_1 rise edge)
                                                     10.000    10.000 r                 
    PS8_X0Y0             PS8                          0.000    10.000 r  static         PROCESSOR/processor_i/PS/U0/PS8_i/PLCLK[1]
                         net (fo=1, routed)           0.107    10.107    static         PROCESSOR/processor_i/PS/U0/pl_clk_unbuffered[1]
    BUFG_PS_X0Y62        BUFG_PS (Prop_BUFG_PS_I_O)
                                                      0.025    10.132 r  static         PROCESSOR/processor_i/PS/U0/buffer_pl_clk_1.PL_CLK_1_BUFG/O
    X1Y3 (CLOCK_ROOT)    net (fo=4937, routed)        1.714    11.846    static         PROCESSOR/processor_i/AXI_INTER/m01_couplers/auto_cc/inst/gen_clock_conv.gen_async_lite_conv.clock_conv_lite_fwd_w/handshake/src_clk
    SLICE_X29Y340        FDRE                                         r  static         PROCESSOR/processor_i/AXI_INTER/m01_couplers/auto_cc/inst/gen_clock_conv.gen_async_lite_conv.clock_conv_lite_fwd_w/handshake/src_hsdata_ff_reg[18]/C
                         clock pessimism              0.080    11.926                     
                         clock uncertainty           -0.130    11.796                     
    SLICE_X29Y340        FDRE (Setup_EFF2_SLICEM_C_D)
                                                      0.025    11.821    static           PROCESSOR/processor_i/AXI_INTER/m01_couplers/auto_cc/inst/gen_clock_conv.gen_async_lite_conv.clock_conv_lite_fwd_w/handshake/src_hsdata_ff_reg[18]
  -------------------------------------------------------------------
                         required time                         11.821                     
                         arrival time                          -9.316                     
  -------------------------------------------------------------------
                         slack                                  2.505                     





Min Delay Paths
--------------------------------------------------------------------------------------
Slack (MET) :             0.014ns  (arrival time - required time)
  Source:                 DACs/DAC_JESD_PHY/inst/jesd204_phy_block_i/gtwiz_reset_block_i/reset_synchronizer_gtwiz_reset_tx_pll_and_datapath_inst/rst_in_out_reg/C
                            (rising edge-triggered cell FDPE clocked by clk_pl_1  {rise@0.000ns fall@5.000ns period=10.000ns})
  Destination:            DACs/DAC_JESD_PHY/inst/jesd204_phy_block_i/gtwiz_reset_block_i/bit_synchronizer_gtwiz_reset_tx_pll_and_datapath_dly_inst/i_in_meta_reg/D
                            (rising edge-triggered cell FDRE clocked by clk_pl_1  {rise@0.000ns fall@5.000ns period=10.000ns})
  Path Group:             clk_pl_1
  Path Type:              Hold (Min at Slow Process Corner)
  Requirement:            0.000ns  (clk_pl_1 rise@0.000ns - clk_pl_1 rise@0.000ns)
  Data Path Delay:        0.172ns  (logic 0.058ns (33.721%)  route 0.114ns (66.279%))
  Logic Levels:           0  
  Clock Path Skew:        0.096ns (DCD - SCD - CPR)
    Destination Clock Delay (DCD):    2.142ns
    Source Clock Delay      (SCD):    1.879ns
    Clock Pessimism Removal (CPR):    0.167ns
  Clock Net Delay (Source):      1.747ns (routing 0.443ns, distribution 1.304ns)
  Clock Net Delay (Destination): 1.979ns (routing 0.492ns, distribution 1.487ns)

    Location             Delay type                Incr(ns)  Path(ns)    Partition      Netlist Resource(s)
  -------------------------------------------------------------------    ----------------------------------
                         (clock clk_pl_1 rise edge)
                                                      0.000     0.000 r                 
    PS8_X0Y0             PS8                          0.000     0.000 r  static         PROCESSOR/processor_i/PS/U0/PS8_i/PLCLK[1]
                         net (fo=1, routed)           0.107     0.107    static         PROCESSOR/processor_i/PS/U0/pl_clk_unbuffered[1]
    BUFG_PS_X0Y62        BUFG_PS (Prop_BUFG_PS_I_O)
                                                      0.025     0.132 r  static         PROCESSOR/processor_i/PS/U0/buffer_pl_clk_1.PL_CLK_1_BUFG/O
    X1Y3 (CLOCK_ROOT)    net (fo=4937, routed)        1.747     1.879    static         DACs/DAC_JESD_PHY/inst/jesd204_phy_block_i/gtwiz_reset_block_i/reset_synchronizer_gtwiz_reset_tx_pll_and_datapath_inst/drpclk
    SLICE_X35Y419        FDPE                                         r  static         DACs/DAC_JESD_PHY/inst/jesd204_phy_block_i/gtwiz_reset_block_i/reset_synchronizer_gtwiz_reset_tx_pll_and_datapath_inst/rst_in_out_reg/C
  -------------------------------------------------------------------    ----------------------------------
    SLICE_X35Y419        FDPE (Prop_EFF_SLICEM_C_Q)
                                                      0.058     1.937 r  static         DACs/DAC_JESD_PHY/inst/jesd204_phy_block_i/gtwiz_reset_block_i/reset_synchronizer_gtwiz_reset_tx_pll_and_datapath_inst/rst_in_out_reg/Q
                         net (fo=1, routed)           0.114     2.051    static         DACs/DAC_JESD_PHY/inst/jesd204_phy_block_i/gtwiz_reset_block_i/bit_synchronizer_gtwiz_reset_tx_pll_and_datapath_dly_inst/in0
    SLICE_X38Y419        FDRE                                         r  static         DACs/DAC_JESD_PHY/inst/jesd204_phy_block_i/gtwiz_reset_block_i/bit_synchronizer_gtwiz_reset_tx_pll_and_datapath_dly_inst/i_in_meta_reg/D
  -------------------------------------------------------------------    ----------------------------------

                         (clock clk_pl_1 rise edge)
                                                      0.000     0.000 r                 
    PS8_X0Y0             PS8                          0.000     0.000 r  static         PROCESSOR/processor_i/PS/U0/PS8_i/PLCLK[1]
                         net (fo=1, routed)           0.135     0.135    static         PROCESSOR/processor_i/PS/U0/pl_clk_unbuffered[1]
    BUFG_PS_X0Y62        BUFG_PS (Prop_BUFG_PS_I_O)
                                                      0.028     0.163 r  static         PROCESSOR/processor_i/PS/U0/buffer_pl_clk_1.PL_CLK_1_BUFG/O
    X1Y3 (CLOCK_ROOT)    net (fo=4937, routed)        1.979     2.142    static         DACs/DAC_JESD_PHY/inst/jesd204_phy_block_i/gtwiz_reset_block_i/bit_synchronizer_gtwiz_reset_tx_pll_and_datapath_dly_inst/drpclk
    SLICE_X38Y419        FDRE                                         r  static         DACs/DAC_JESD_PHY/inst/jesd204_phy_block_i/gtwiz_reset_block_i/bit_synchronizer_gtwiz_reset_tx_pll_and_datapath_dly_inst/i_in_meta_reg/C
                         clock pessimism             -0.167     1.975                     
    SLICE_X38Y419        FDRE (Hold_HFF2_SLICEL_C_D)
                                                      0.062     2.037    static           DACs/DAC_JESD_PHY/inst/jesd204_phy_block_i/gtwiz_reset_block_i/bit_synchronizer_gtwiz_reset_tx_pll_and_datapath_dly_inst/i_in_meta_reg
  -------------------------------------------------------------------
                         required time                         -2.037                     
                         arrival time                           2.051                     
  -------------------------------------------------------------------
                         slack                                  0.014                     





Pulse Width Checks
--------------------------------------------------------------------------------------
Clock Name:         clk_pl_1
Waveform(ns):       { 0.000 5.000 }
Period(ns):         10.000
Sources:            { PROCESSOR/processor_i/PS/U0/PS8_i/PLCLK[1] }

Check Type        Corner  Lib Pin  Reference Pin  Required(ns)  Actual(ns)  Slack(ns)  Location           Pin
Min Period        n/a     FDRE/C   n/a            8.000         10.000      2.000      HDIOLOGIC_S_X0Y24  PROCESSOR/processor_i/axi_spi_0/U0/NO_DUAL_QUAD_MODE.QSPI_NORMAL/IO1_I_REG/C
Low Pulse Width   Slow    FDRE/C   n/a            4.000         5.000       1.000      HDIOLOGIC_S_X0Y24  PROCESSOR/processor_i/axi_spi_0/U0/NO_DUAL_QUAD_MODE.QSPI_NORMAL/IO1_I_REG/C
High Pulse Width  Slow    FDRE/C   n/a            4.000         5.000       1.000      HDIOLOGIC_S_X0Y24  PROCESSOR/processor_i/axi_spi_0/U0/NO_DUAL_QUAD_MODE.QSPI_NORMAL/IO1_I_REG/C



---------------------------------------------------------------------------------------------------
From Clock:  clk_pl_0
  To Clock:  USRClk

Setup :            0  Failing Endpoints,  Worst Slack        1.772ns,  Total Violation        0.000ns
Hold  :           NA  Failing Endpoints,  Worst Slack           NA  ,  Total Violation           NA
---------------------------------------------------------------------------------------------------


Max Delay Paths
--------------------------------------------------------------------------------------
Slack (MET) :             1.772ns  (required time - arrival time)
  Source:                 CBUFS[12].CBUF/FIFO/U0/inst_fifo_gen/gconvfifo.rf/grf.rf/gntv_or_sync_fifo.gcx.clkx/rd_pntr_cdc_inst/src_gray_ff_reg[0]/C
                            (rising edge-triggered cell FDRE clocked by clk_pl_0  {rise@0.000ns fall@1.666ns period=3.333ns})
  Destination:            CBUFS[12].CBUF/FIFO/U0/inst_fifo_gen/gconvfifo.rf/grf.rf/gntv_or_sync_fifo.gcx.clkx/rd_pntr_cdc_inst/dest_graysync_ff_reg[0][0]/D
                            (rising edge-triggered cell FDRE clocked by USRClk  {rise@0.000ns fall@1.600ns period=3.200ns})
  Path Group:             USRClk
  Path Type:              Setup (Max at Slow Process Corner)
  Requirement:            3.333ns  (MaxDelay Path 3.333ns)
  Data Path Delay:        1.586ns  (logic 0.079ns (4.981%)  route 1.507ns (95.019%))
  Logic Levels:           0  
  Timing Exception:       MaxDelay Path 3.333ns -datapath_only

    Location             Delay type                Incr(ns)  Path(ns)    Partition      Netlist Resource(s)
  -------------------------------------------------------------------    ----------------------------------
    SLICE_X80Y133                                     0.000     0.000 r  static         CBUFS[12].CBUF/FIFO/U0/inst_fifo_gen/gconvfifo.rf/grf.rf/gntv_or_sync_fifo.gcx.clkx/rd_pntr_cdc_inst/src_gray_ff_reg[0]/C
    SLICE_X80Y133        FDRE (Prop_BFF_SLICEL_C_Q)
                                                      0.079     0.079 r  static         CBUFS[12].CBUF/FIFO/U0/inst_fifo_gen/gconvfifo.rf/grf.rf/gntv_or_sync_fifo.gcx.clkx/rd_pntr_cdc_inst/src_gray_ff_reg[0]/Q
                         net (fo=1, routed)           1.507     1.586    static         CBUFS[12].CBUF/FIFO/U0/inst_fifo_gen/gconvfifo.rf/grf.rf/gntv_or_sync_fifo.gcx.clkx/rd_pntr_cdc_inst/async_path[0]
    SLICE_X96Y42         FDRE                                         r  static         CBUFS[12].CBUF/FIFO/U0/inst_fifo_gen/gconvfifo.rf/grf.rf/gntv_or_sync_fifo.gcx.clkx/rd_pntr_cdc_inst/dest_graysync_ff_reg[0][0]/D
  -------------------------------------------------------------------    ----------------------------------

                         max delay                    3.333     3.333                   
    SLICE_X96Y42         FDRE (Setup_DFF2_SLICEM_C_D)
                                                      0.025     3.358    static           CBUFS[12].CBUF/FIFO/U0/inst_fifo_gen/gconvfifo.rf/grf.rf/gntv_or_sync_fifo.gcx.clkx/rd_pntr_cdc_inst/dest_graysync_ff_reg[0][0]
  -------------------------------------------------------------------
                         required time                          3.358                     
                         arrival time                          -1.586                     
  -------------------------------------------------------------------
                         slack                                  1.772                     





---------------------------------------------------------------------------------------------------
From Clock:  USRClk
  To Clock:  clk_pl_0

Setup :            0  Failing Endpoints,  Worst Slack        2.050ns,  Total Violation        0.000ns
Hold  :           NA  Failing Endpoints,  Worst Slack           NA  ,  Total Violation           NA
---------------------------------------------------------------------------------------------------


Max Delay Paths
--------------------------------------------------------------------------------------
Slack (MET) :             2.050ns  (required time - arrival time)
  Source:                 CBUFS[3].CBUF/FIFO/U0/inst_fifo_gen/gconvfifo.rf/grf.rf/gntv_or_sync_fifo.gcx.clkx/wr_pntr_cdc_inst/src_gray_ff_reg[0]/C
                            (rising edge-triggered cell FDRE clocked by USRClk  {rise@0.000ns fall@1.600ns period=3.200ns})
  Destination:            CBUFS[3].CBUF/FIFO/U0/inst_fifo_gen/gconvfifo.rf/grf.rf/gntv_or_sync_fifo.gcx.clkx/wr_pntr_cdc_inst/dest_graysync_ff_reg[0][0]/D
                            (rising edge-triggered cell FDRE clocked by clk_pl_0  {rise@0.000ns fall@1.666ns period=3.333ns})
  Path Group:             clk_pl_0
  Path Type:              Setup (Max at Slow Process Corner)
  Requirement:            3.200ns  (MaxDelay Path 3.200ns)
  Data Path Delay:        1.175ns  (logic 0.079ns (6.723%)  route 1.096ns (93.277%))
  Logic Levels:           0  
  Timing Exception:       MaxDelay Path 3.200ns -datapath_only

    Location             Delay type                Incr(ns)  Path(ns)    Partition      Netlist Resource(s)
  -------------------------------------------------------------------    ----------------------------------
    SLICE_X26Y339                                     0.000     0.000 r  static         CBUFS[3].CBUF/FIFO/U0/inst_fifo_gen/gconvfifo.rf/grf.rf/gntv_or_sync_fifo.gcx.clkx/wr_pntr_cdc_inst/src_gray_ff_reg[0]/C
    SLICE_X26Y339        FDRE (Prop_HFF_SLICEM_C_Q)
                                                      0.079     0.079 r  static         CBUFS[3].CBUF/FIFO/U0/inst_fifo_gen/gconvfifo.rf/grf.rf/gntv_or_sync_fifo.gcx.clkx/wr_pntr_cdc_inst/src_gray_ff_reg[0]/Q
                         net (fo=1, routed)           1.096     1.175    static         CBUFS[3].CBUF/FIFO/U0/inst_fifo_gen/gconvfifo.rf/grf.rf/gntv_or_sync_fifo.gcx.clkx/wr_pntr_cdc_inst/async_path[0]
    SLICE_X26Y340        FDRE                                         r  static         CBUFS[3].CBUF/FIFO/U0/inst_fifo_gen/gconvfifo.rf/grf.rf/gntv_or_sync_fifo.gcx.clkx/wr_pntr_cdc_inst/dest_graysync_ff_reg[0][0]/D
  -------------------------------------------------------------------    ----------------------------------

                         max delay                    3.200     3.200                   
    SLICE_X26Y340        FDRE (Setup_DFF2_SLICEM_C_D)
                                                      0.025     3.225    static           CBUFS[3].CBUF/FIFO/U0/inst_fifo_gen/gconvfifo.rf/grf.rf/gntv_or_sync_fifo.gcx.clkx/wr_pntr_cdc_inst/dest_graysync_ff_reg[0][0]
  -------------------------------------------------------------------
                         required time                          3.225                     
                         arrival time                          -1.175                     
  -------------------------------------------------------------------
                         slack                                  2.050                     





---------------------------------------------------------------------------------------------------
From Clock:  clk_pl_1
  To Clock:  clk_pl_0

Setup :            0  Failing Endpoints,  Worst Slack        8.927ns,  Total Violation        0.000ns
Hold  :           NA  Failing Endpoints,  Worst Slack           NA  ,  Total Violation           NA
---------------------------------------------------------------------------------------------------


Max Delay Paths
--------------------------------------------------------------------------------------
Slack (MET) :             8.927ns  (required time - arrival time)
  Source:                 PROCESSOR/processor_i/AXI_INTER/m01_couplers/auto_cc/inst/gen_clock_conv.gen_async_lite_conv.clock_conv_lite_fwd_aw/handshake/src_hsdata_ff_reg[3]/C
                            (rising edge-triggered cell FDRE clocked by clk_pl_1  {rise@0.000ns fall@5.000ns period=10.000ns})
  Destination:            PROCESSOR/processor_i/AXI_INTER/m01_couplers/auto_cc/inst/gen_clock_conv.gen_async_lite_conv.clock_conv_lite_fwd_aw/handshake/dest_hsdata_ff_reg[3]/D
                            (rising edge-triggered cell FDRE clocked by clk_pl_0  {rise@0.000ns fall@1.666ns period=3.333ns})
  Path Group:             clk_pl_0
  Path Type:              Setup (Max at Slow Process Corner)
  Requirement:            9.999ns  (MaxDelay Path 9.999ns)
  Data Path Delay:        1.097ns  (logic 0.077ns (7.019%)  route 1.020ns (92.981%))
  Logic Levels:           0  
  Timing Exception:       MaxDelay Path 9.999ns -datapath_only

    Location             Delay type                Incr(ns)  Path(ns)    Partition      Netlist Resource(s)
  -------------------------------------------------------------------    ----------------------------------
    SLICE_X35Y218                                     0.000     0.000 r  static         PROCESSOR/processor_i/AXI_INTER/m01_couplers/auto_cc/inst/gen_clock_conv.gen_async_lite_conv.clock_conv_lite_fwd_aw/handshake/src_hsdata_ff_reg[3]/C
    SLICE_X35Y218        FDRE (Prop_CFF2_SLICEM_C_Q)
                                                      0.077     0.077 r  static         PROCESSOR/processor_i/AXI_INTER/m01_couplers/auto_cc/inst/gen_clock_conv.gen_async_lite_conv.clock_conv_lite_fwd_aw/handshake/src_hsdata_ff_reg[3]/Q
                         net (fo=1, routed)           1.020     1.097    static         PROCESSOR/processor_i/AXI_INTER/m01_couplers/auto_cc/inst/gen_clock_conv.gen_async_lite_conv.clock_conv_lite_fwd_aw/handshake/src_hsdata_ff[3]
    SLICE_X35Y218        FDRE                                         r  static         PROCESSOR/processor_i/AXI_INTER/m01_couplers/auto_cc/inst/gen_clock_conv.gen_async_lite_conv.clock_conv_lite_fwd_aw/handshake/dest_hsdata_ff_reg[3]/D
  -------------------------------------------------------------------    ----------------------------------

                         max delay                    9.999     9.999                   
    SLICE_X35Y218        FDRE (Setup_GFF2_SLICEM_C_D)
                                                      0.025    10.024    static           PROCESSOR/processor_i/AXI_INTER/m01_couplers/auto_cc/inst/gen_clock_conv.gen_async_lite_conv.clock_conv_lite_fwd_aw/handshake/dest_hsdata_ff_reg[3]
  -------------------------------------------------------------------
                         required time                         10.024                     
                         arrival time                          -1.097                     
  -------------------------------------------------------------------
                         slack                                  8.927                     





---------------------------------------------------------------------------------------------------
From Clock:  clk_pl_0
  To Clock:  clk_pl_1

Setup :            0  Failing Endpoints,  Worst Slack       28.680ns,  Total Violation        0.000ns
Hold  :           NA  Failing Endpoints,  Worst Slack           NA  ,  Total Violation           NA
---------------------------------------------------------------------------------------------------


Max Delay Paths
--------------------------------------------------------------------------------------
Slack (MET) :             28.680ns  (required time - arrival time)
  Source:                 PROCESSOR/processor_i/AXI_INTER/m01_couplers/auto_cc/inst/gen_clock_conv.gen_async_lite_conv.clock_conv_lite_resp_r/handshake/src_hsdata_ff_reg[31]/C
                            (rising edge-triggered cell FDRE clocked by clk_pl_0  {rise@0.000ns fall@1.666ns period=3.333ns})
  Destination:            PROCESSOR/processor_i/AXI_INTER/m01_couplers/auto_cc/inst/gen_clock_conv.gen_async_lite_conv.clock_conv_lite_resp_r/handshake/dest_hsdata_ff_reg[31]/D
                            (rising edge-triggered cell FDRE clocked by clk_pl_1  {rise@0.000ns fall@5.000ns period=10.000ns})
  Path Group:             clk_pl_1
  Path Type:              Setup (Max at Slow Process Corner)
  Requirement:            30.000ns  (MaxDelay Path 30.000ns)
  Data Path Delay:        1.345ns  (logic 0.079ns (5.874%)  route 1.266ns (94.126%))
  Logic Levels:           0  
  Timing Exception:       MaxDelay Path 30.000ns -datapath_only

    Location             Delay type                Incr(ns)  Path(ns)    Partition      Netlist Resource(s)
  -------------------------------------------------------------------    ----------------------------------
    SLICE_X84Y167                                     0.000     0.000 r  static         PROCESSOR/processor_i/AXI_INTER/m01_couplers/auto_cc/inst/gen_clock_conv.gen_async_lite_conv.clock_conv_lite_resp_r/handshake/src_hsdata_ff_reg[31]/C
    SLICE_X84Y167        FDRE (Prop_HFF_SLICEL_C_Q)
                                                      0.079     0.079 r  static         PROCESSOR/processor_i/AXI_INTER/m01_couplers/auto_cc/inst/gen_clock_conv.gen_async_lite_conv.clock_conv_lite_resp_r/handshake/src_hsdata_ff_reg[31]/Q
                         net (fo=1, routed)           1.266     1.345    static         PROCESSOR/processor_i/AXI_INTER/m01_couplers/auto_cc/inst/gen_clock_conv.gen_async_lite_conv.clock_conv_lite_resp_r/handshake/src_hsdata_ff[31]
    SLICE_X85Y165        FDRE                                         r  static         PROCESSOR/processor_i/AXI_INTER/m01_couplers/auto_cc/inst/gen_clock_conv.gen_async_lite_conv.clock_conv_lite_resp_r/handshake/dest_hsdata_ff_reg[31]/D
  -------------------------------------------------------------------    ----------------------------------

                         max delay                   30.000    30.000                   
    SLICE_X85Y165        FDRE (Setup_AFF2_SLICEM_C_D)
                                                      0.025    30.025    static           PROCESSOR/processor_i/AXI_INTER/m01_couplers/auto_cc/inst/gen_clock_conv.gen_async_lite_conv.clock_conv_lite_resp_r/handshake/dest_hsdata_ff_reg[31]
  -------------------------------------------------------------------
                         required time                         30.025                     
                         arrival time                          -1.345                     
  -------------------------------------------------------------------
                         slack                                 28.680                     





---------------------------------------------------------------------------------------------------
Path Group:  **async_default**
From Clock:  clk_pl_1
  To Clock:  clk_pl_1

Setup :            0  Failing Endpoints,  Worst Slack        8.049ns,  Total Violation        0.000ns
Hold  :            0  Failing Endpoints,  Worst Slack        0.176ns,  Total Violation        0.000ns
---------------------------------------------------------------------------------------------------


Max Delay Paths
--------------------------------------------------------------------------------------
Slack (MET) :             8.049ns  (required time - arrival time)
  Source:                 DACs/DAC_JESD_PHY/inst/jesd204_phy_block_i/tx_pll_lock_reg/C
                            (rising edge-triggered cell FDRE clocked by clk_pl_1  {rise@0.000ns fall@5.000ns period=10.000ns})
  Destination:            DACs/DAC_JESD_PHY/inst/jesd204_phy_block_i/gtwiz_reset_block_i/reset_synchronizer_txprogdivreset_inst/rst_in_meta_reg/PRE
                            (recovery check against rising-edge clock clk_pl_1  {rise@0.000ns fall@5.000ns period=10.000ns})
  Path Group:             **async_default**
  Path Type:              Recovery (Max at Slow Process Corner)
  Requirement:            10.000ns  (clk_pl_1 rise@10.000ns - clk_pl_1 rise@0.000ns)
  Data Path Delay:        1.361ns  (logic 0.080ns (5.877%)  route 1.281ns (94.123%))
  Logic Levels:           0  
  Clock Path Skew:        -0.394ns (DCD - SCD + CPR)
    Destination Clock Delay (DCD):    1.788ns = ( 11.788 - 10.000 ) 
    Source Clock Delay      (SCD):    2.262ns
    Clock Pessimism Removal (CPR):    0.080ns
  Clock Uncertainty:      0.130ns  ((TSJ^2 + DJ^2)^1/2) / 2 + PE
    Total System Jitter     (TSJ):    0.071ns
    Discrete Jitter          (DJ):    0.250ns
    Phase Error              (PE):    0.000ns
  Clock Net Delay (Source):      2.099ns (routing 0.492ns, distribution 1.607ns)
  Clock Net Delay (Destination): 1.656ns (routing 0.443ns, distribution 1.213ns)

    Location             Delay type                Incr(ns)  Path(ns)    Partition      Netlist Resource(s)
  -------------------------------------------------------------------    ----------------------------------
                         (clock clk_pl_1 rise edge)
                                                      0.000     0.000 r                 
    PS8_X0Y0             PS8                          0.000     0.000 r  static         PROCESSOR/processor_i/PS/U0/PS8_i/PLCLK[1]
                         net (fo=1, routed)           0.135     0.135    static         PROCESSOR/processor_i/PS/U0/pl_clk_unbuffered[1]
    BUFG_PS_X0Y62        BUFG_PS (Prop_BUFG_PS_I_O)
                                                      0.028     0.163 r  static         PROCESSOR/processor_i/PS/U0/buffer_pl_clk_1.PL_CLK_1_BUFG/O
    X1Y3 (CLOCK_ROOT)    net (fo=4937, routed)        2.099     2.262    static         DACs/DAC_JESD_PHY/inst/jesd204_phy_block_i/drpclk
    SLICE_X85Y243        FDRE                                         r  static         DACs/DAC_JESD_PHY/inst/jesd204_phy_block_i/tx_pll_lock_reg/C
  -------------------------------------------------------------------    ----------------------------------
    SLICE_X85Y243        FDRE (Prop_DFF2_SLICEM_C_Q)
                                                      0.080     2.342 r  static         DACs/DAC_JESD_PHY/inst/jesd204_phy_block_i/tx_pll_lock_reg/Q
                         net (fo=7, routed)           1.281     3.623    static         DACs/DAC_JESD_PHY/inst/jesd204_phy_block_i/gtwiz_reset_block_i/reset_synchronizer_txprogdivreset_inst/rst_in_out_reg_0
    SLICE_X37Y239        FDPE                                         f  static         DACs/DAC_JESD_PHY/inst/jesd204_phy_block_i/gtwiz_reset_block_i/reset_synchronizer_txprogdivreset_inst/rst_in_meta_reg/PRE  (IS_INVERTED)
  -------------------------------------------------------------------    ----------------------------------

                         (clock clk_pl_1 rise edge)
                                                     10.000    10.000 r                 
    PS8_X0Y0             PS8                          0.000    10.000 r  static         PROCESSOR/processor_i/PS/U0/PS8_i/PLCLK[1]
                         net (fo=1, routed)           0.107    10.107    static         PROCESSOR/processor_i/PS/U0/pl_clk_unbuffered[1]
    BUFG_PS_X0Y62        BUFG_PS (Prop_BUFG_PS_I_O)
                                                      0.025    10.132 r  static         PROCESSOR/processor_i/PS/U0/buffer_pl_clk_1.PL_CLK_1_BUFG/O
    X1Y3 (CLOCK_ROOT)    net (fo=4937, routed)        1.656    11.788    static         DACs/DAC_JESD_PHY/inst/jesd204_phy_block_i/gtwiz_reset_block_i/reset_synchronizer_txprogdivreset_inst/drpclk
    SLICE_X37Y239        FDPE                                         r  static         DACs/DAC_JESD_PHY/inst/jesd204_phy_block_i/gtwiz_reset_block_i/reset_synchronizer_txprogdivreset_inst/rst_in_meta_reg/C
                         clock pessimism              0.080    11.868                     
                         clock uncertainty           -0.130    11.738                     
    SLICE_X37Y239        FDPE (Recov_DFF2_SLICEM_C_PRE)
                                                     -0.066    11.672    static           DACs/DAC_JESD_PHY/inst/jesd204_phy_block_i/gtwiz_reset_block_i/reset_synchronizer_txprogdivreset_inst/rst_in_meta_reg
  -------------------------------------------------------------------
                         required time                         11.672                     
                         arrival time                          -3.623                     
  -------------------------------------------------------------------
                         slack                                  8.049                     





Min Delay Paths
--------------------------------------------------------------------------------------
Slack (MET) :             0.176ns  (arrival time - required time)
  Source:                 DACs/DAC_JESD_PHY/inst/jesd204_phy_block_i/jesd204_phy_reset_control_i/tx_rst_data_reg/C
                            (rising edge-triggered cell FDRE clocked by clk_pl_1  {rise@0.000ns fall@5.000ns period=10.000ns})
  Destination:            DACs/DAC_JESD_PHY/inst/jesd204_phy_block_i/gtwiz_reset_block_i/reset_synchronizer_gtwiz_reset_tx_datapath_inst/rst_in_out_reg/PRE
                            (removal check against rising-edge clock clk_pl_1  {rise@0.000ns fall@5.000ns period=10.000ns})
  Path Group:             **async_default**
  Path Type:              Removal (Min at Fast Process Corner)
  Requirement:            0.000ns  (clk_pl_1 rise@0.000ns - clk_pl_1 rise@0.000ns)
  Data Path Delay:        0.204ns  (logic 0.078ns (38.259%)  route 0.126ns (61.741%))
  Logic Levels:           1  (LUT2=1)
  Clock Path Skew:        0.048ns (DCD - SCD - CPR)
    Destination Clock Delay (DCD):    1.337ns
    Source Clock Delay      (SCD):    1.172ns
    Clock Pessimism Removal (CPR):    0.118ns
  Clock Net Delay (Source):      1.079ns (routing 0.267ns, distribution 0.812ns)
  Clock Net Delay (Destination): 1.221ns (routing 0.302ns, distribution 0.919ns)

    Location             Delay type                Incr(ns)  Path(ns)    Partition      Netlist Resource(s)
  -------------------------------------------------------------------    ----------------------------------
                         (clock clk_pl_1 rise edge)
                                                      0.000     0.000 r                 
    PS8_X0Y0             PS8                          0.000     0.000 r  static         PROCESSOR/processor_i/PS/U0/PS8_i/PLCLK[1]
                         net (fo=1, routed)           0.076     0.076    static         PROCESSOR/processor_i/PS/U0/pl_clk_unbuffered[1]
    BUFG_PS_X0Y62        BUFG_PS (Prop_BUFG_PS_I_O)
                                                      0.017     0.093 r  static         PROCESSOR/processor_i/PS/U0/buffer_pl_clk_1.PL_CLK_1_BUFG/O
    X1Y3 (CLOCK_ROOT)    net (fo=4937, routed)        1.079     1.172    static         DACs/DAC_JESD_PHY/inst/jesd204_phy_block_i/jesd204_phy_reset_control_i/drpclk
    SLICE_X34Y415        FDRE                                         r  static         DACs/DAC_JESD_PHY/inst/jesd204_phy_block_i/jesd204_phy_reset_control_i/tx_rst_data_reg/C
  -------------------------------------------------------------------    ----------------------------------
    SLICE_X34Y415        FDRE (Prop_AFF_SLICEM_C_Q)
                                                      0.038     1.210 f  static         DACs/DAC_JESD_PHY/inst/jesd204_phy_block_i/jesd204_phy_reset_control_i/tx_rst_data_reg/Q
                         net (fo=3, routed)           0.032     1.241    static         DACs/DAC_JESD_PHY/inst/jesd204_phy_block_i/jesd204_phy_reset_control_i/tx_rst_data
    SLICE_X34Y415        LUT2 (Prop_G6LUT_SLICEM_I1_O)
                                                      0.040     1.281 f  static         DACs/DAC_JESD_PHY/inst/jesd204_phy_block_i/jesd204_phy_reset_control_i/rst_in_meta_i_1__4/O
                         net (fo=5, routed)           0.094     1.375    static         DACs/DAC_JESD_PHY/inst/jesd204_phy_block_i/gtwiz_reset_block_i/reset_synchronizer_gtwiz_reset_tx_datapath_inst/txreset_good
    SLICE_X33Y415        FDPE                                         f  static         DACs/DAC_JESD_PHY/inst/jesd204_phy_block_i/gtwiz_reset_block_i/reset_synchronizer_gtwiz_reset_tx_datapath_inst/rst_in_out_reg/PRE
  -------------------------------------------------------------------    ----------------------------------

                         (clock clk_pl_1 rise edge)
                                                      0.000     0.000 r                 
    PS8_X0Y0             PS8                          0.000     0.000 r  static         PROCESSOR/processor_i/PS/U0/PS8_i/PLCLK[1]
                         net (fo=1, routed)           0.098     0.098    static         PROCESSOR/processor_i/PS/U0/pl_clk_unbuffered[1]
    BUFG_PS_X0Y62        BUFG_PS (Prop_BUFG_PS_I_O)
                                                      0.018     0.116 r  static         PROCESSOR/processor_i/PS/U0/buffer_pl_clk_1.PL_CLK_1_BUFG/O
    X1Y3 (CLOCK_ROOT)    net (fo=4937, routed)        1.221     1.337    static         DACs/DAC_JESD_PHY/inst/jesd204_phy_block_i/gtwiz_reset_block_i/reset_synchronizer_gtwiz_reset_tx_datapath_inst/drpclk
    SLICE_X33Y415        FDPE                                         r  static         DACs/DAC_JESD_PHY/inst/jesd204_phy_block_i/gtwiz_reset_block_i/reset_synchronizer_gtwiz_reset_tx_datapath_inst/rst_in_out_reg/C
                         clock pessimism             -0.118     1.219                     
    SLICE_X33Y415        FDPE (Remov_EFF_SLICEL_C_PRE)
                                                     -0.020     1.199    static           DACs/DAC_JESD_PHY/inst/jesd204_phy_block_i/gtwiz_reset_block_i/reset_synchronizer_gtwiz_reset_tx_datapath_inst/rst_in_out_reg
  -------------------------------------------------------------------
                         required time                         -1.199                     
                         arrival time                           1.375                     
  -------------------------------------------------------------------
                         slack                                  0.176                     





