#-----------------------------------------------------------
# Vivado v2022.2_AR000035739_AR000034905 (64-bit)
# SW Build 3671981 on Fri Oct 14 04:59:54 MDT 2022
# IP Build 3669848 on Fri Oct 14 08:30:02 MDT 2022
# Start of session at: Fri Aug 14 17:35:40 2026
# Process ID: 3696090
# Current directory: /workspace/04b3d1b6-d294-4996-a5a3-364edbbc29c5/output
# Command line: vivado -log route.log -nojournal -mode batch -source /deps/compile/scripts/tcl/route.tcl -tclargs /deps/compile /deps/checkpoints/601/mokupro_4.dcp
# Log file: /workspace/04b3d1b6-d294-4996-a5a3-364edbbc29c5/output/route.log
# Journal file: 
# Running On: mcc-workers-74d68884bd-cxrrf, OS: Linux, CPU Frequency: 3393.622 MHz, CPU Physical cores: 28, Host memory: 118146 MB
#-----------------------------------------------------------
source /deps/compile/scripts/tcl/route.tcl
# set TOP_DIR [lindex $argv 0]
# set PLATFORM [lindex $argv 1]
# open_checkpoint $PLATFORM
Command: open_checkpoint /deps/checkpoints/601/mokupro_4.dcp

Starting open_checkpoint Task

Time (s): cpu = 00:00:00.02 ; elapsed = 00:00:00.03 . Memory (MB): peak = 1620.371 ; gain = 5.938 ; free physical = 27212 ; free virtual = 154059
INFO: [Device 21-403] Loading part xczu9eg-ffvc900-2-e
Netlist sorting complete. Time (s): cpu = 00:00:00.66 ; elapsed = 00:00:00.66 . Memory (MB): peak = 2751.918 ; gain = 0.000 ; free physical = 25916 ; free virtual = 152924
INFO: [Netlist 29-17] Analyzing 6797 Unisim elements for replacement
INFO: [Netlist 29-28] Unisim Transformation completed in 7 CPU seconds
INFO: [Project 1-479] Netlist was created with Vivado 2022.2_AR000035739
INFO: [Project 1-570] Preparing netlist for logic optimization
INFO: [Constraints 18-5247] Cannot read binary constraint data, data and current software version are not compatible. Checkpoint version: '2022.2_AR000035739', software version: '2022.2_AR000035739_AR000034905'.
Parsing XDC File [/deps/checkpoints/601/mokupro_4/mercury_platform_mokupro_board.xdc]
Finished Parsing XDC File [/deps/checkpoints/601/mokupro_4/mercury_platform_mokupro_board.xdc]
Parsing XDC File [/deps/checkpoints/601/mokupro_4/mercury_platform_mokupro_early.xdc]
WARNING: [Vivado_Tcl 4-920] Waiver ID 'CDC-1' -to list has >10000 objects! [/home/benc/instruments/build/mokupro/ip/dac_jesd/synth/dac_jesd.xdc:93]
WARNING: [Vivado_Tcl 4-920] Waiver ID 'CDC-2' -to list has >10000 objects! [/home/benc/instruments/build/mokupro/ip/dac_jesd/synth/dac_jesd.xdc:109]
WARNING: [Vivado_Tcl 4-920] Waiver ID 'CDC-10' -to list has >10000 objects! [/home/benc/instruments/build/mokupro/ip/dac_jesd/synth/dac_jesd.xdc:127]
WARNING: [Vivado_Tcl 4-920] Waiver ID 'CDC-11' -to list has >10000 objects! [/home/benc/instruments/build/mokupro/ip/dac_jesd/synth/dac_jesd.xdc:136]
WARNING: [Vivado_Tcl 4-920] Waiver ID 'CDC-13' -to list has >10000 objects! [/home/benc/instruments/build/mokupro/ip/dac_jesd/synth/dac_jesd.xdc:145]
Finished Parsing XDC File [/deps/checkpoints/601/mokupro_4/mercury_platform_mokupro_early.xdc]
Parsing XDC File [/deps/checkpoints/601/mokupro_4/mercury_platform_mokupro.xdc]
Finished Parsing XDC File [/deps/checkpoints/601/mokupro_4/mercury_platform_mokupro.xdc]
Parsing XDC File [/deps/checkpoints/601/mokupro_4/mercury_platform_mokupro_late.xdc]
INFO: [Timing 38-35] Done setting XDC timing constraints. [/opt/Xilinx/Vivado/2022.2/data/ip/xpm/xpm_fifo/tcl/xpm_fifo_rst.tcl:2]
INFO: [Timing 38-2] Deriving generated clocks [/opt/Xilinx/Vivado/2022.2/data/ip/xpm/xpm_fifo/tcl/xpm_fifo_rst.tcl:2]
INFO: [Constraints 18-4422] SNAPPING_MODE is set so implementation will use the DERIVED_RANGES which may be different then the GRID_RANGES. [/home/benc/instruments/board/mokupro/floorplan_4.xdc:1]
Finished Parsing XDC File [/deps/checkpoints/601/mokupro_4/mercury_platform_mokupro_late.xdc]
Reading XDEF placement.
Reading placer database...
Reading XDEF routing.
Read XDEF Files: Time (s): cpu = 00:00:05 ; elapsed = 00:00:05 . Memory (MB): peak = 3745.930 ; gain = 149.961 ; free physical = 25167 ; free virtual = 152175
Restored from archive | CPU: 5.050000 secs | Memory: 105.590797 MB |
Finished XDEF File Restore: Time (s): cpu = 00:00:05 ; elapsed = 00:00:05 . Memory (MB): peak = 3745.930 ; gain = 149.961 ; free physical = 25167 ; free virtual = 152175
WARNING: [Constraints 18-4434] Global Clock Buffer 'EXT_TRIGGER/ClkDiv_BUFG_inst' is LOCed to site 'BUFGCE_X0Y20'. Using a LOC constraint to assign the placement of a Global Clock Buffer can result in sub-optimal placement results.
Resolution: Remove the LOC constraint and use the CLOCK_REGION constraint to assign a Global Clock Buffer to a CLOCK_REGION.
WARNING: [Constraints 18-4434] Global Clock Buffer 'EXT_TRIGGER/IOClk_BUFG_inst' is LOCed to site 'BUFGCE_X0Y2'. Using a LOC constraint to assign the placement of a Global Clock Buffer can result in sub-optimal placement results.
Resolution: Remove the LOC constraint and use the CLOCK_REGION constraint to assign a Global Clock Buffer to a CLOCK_REGION.
WARNING: [Constraints 18-4434] Global Clock Buffer 'HIGH_SPEED_ADC/HADC_BANK_65/inst/top_inst/clk_rst_top_inst/clk_scheme_inst/GEN_PLL_IN_IP_USP.pll0_clkout0_buf' is LOCed to site 'BUFGCE_X0Y26'. Using a LOC constraint to assign the placement of a Global Clock Buffer can result in sub-optimal placement results.
Resolution: Remove the LOC constraint and use the CLOCK_REGION constraint to assign a Global Clock Buffer to a CLOCK_REGION.
WARNING: [Constraints 18-4434] Global Clock Buffer 'HIGH_SPEED_ADC/HADC_BANK_66/inst/top_inst/clk_rst_top_inst/clk_scheme_inst/GEN_PLL_IN_IP_USP.pll0_clkout0_buf' is LOCed to site 'BUFGCE_X0Y68'. Using a LOC constraint to assign the placement of a Global Clock Buffer can result in sub-optimal placement results.
Resolution: Remove the LOC constraint and use the CLOCK_REGION constraint to assign a Global Clock Buffer to a CLOCK_REGION.
WARNING: [Constraints 18-4434] Global Clock Buffer 'HIGH_SPEED_ADC/RIUClk_BUF' is LOCed to site 'BUFGCE_DIV_X0Y5'. Using a LOC constraint to assign the placement of a Global Clock Buffer can result in sub-optimal placement results.
Resolution: Remove the LOC constraint and use the CLOCK_REGION constraint to assign a Global Clock Buffer to a CLOCK_REGION.
WARNING: [Constraints 18-4434] Global Clock Buffer 'PROCESSOR/processor_i/PS/U0/buffer_pl_clk_0.PL_CLK_0_BUFG' is LOCed to site 'BUFG_PS_X0Y51'. Using a LOC constraint to assign the placement of a Global Clock Buffer can result in sub-optimal placement results.
Resolution: Remove the LOC constraint and use the CLOCK_REGION constraint to assign a Global Clock Buffer to a CLOCK_REGION.
WARNING: [Constraints 18-4434] Global Clock Buffer 'PROCESSOR/processor_i/PS/U0/buffer_pl_clk_1.PL_CLK_1_BUFG' is LOCed to site 'BUFG_PS_X0Y62'. Using a LOC constraint to assign the placement of a Global Clock Buffer can result in sub-optimal placement results.
Resolution: Remove the LOC constraint and use the CLOCK_REGION constraint to assign a Global Clock Buffer to a CLOCK_REGION.
WARNING: [Constraints 18-4434] Global Clock Buffer 'USR_BUF' is LOCed to site 'BUFGCE_X0Y8'. Using a LOC constraint to assign the placement of a Global Clock Buffer can result in sub-optimal placement results.
Resolution: Remove the LOC constraint and use the CLOCK_REGION constraint to assign a Global Clock Buffer to a CLOCK_REGION.
INFO: [Opt 31-138] Pushed 0 inverter(s) to 0 load pin(s).
INFO: [Project 1-486] Could not resolve non-primitive black box cell 'Instrument_bootbit__1_bb' instantiated as 'INSTRS[0].INSTR_BLK.INSTR' [/home/benc/instruments/src/vhdl/mercury_platform_mokupro.vhd:453]
INFO: [Project 1-486] Could not resolve non-primitive black box cell 'Instrument_bootbit__2_bb' instantiated as 'INSTRS[1].INSTR_BLK.INSTR' [/home/benc/instruments/src/vhdl/mercury_platform_mokupro.vhd:453]
INFO: [Project 1-486] Could not resolve non-primitive black box cell 'Instrument_bootbit__3_bb' instantiated as 'INSTRS[2].INSTR_BLK.INSTR' [/home/benc/instruments/src/vhdl/mercury_platform_mokupro.vhd:453]
INFO: [Project 1-486] Could not resolve non-primitive black box cell 'Instrument_bootbit_bb' instantiated as 'INSTRS[3].INSTR_BLK.INSTR' [/home/benc/instruments/src/vhdl/mercury_platform_mokupro.vhd:453]
Netlist sorting complete. Time (s): cpu = 00:00:00 ; elapsed = 00:00:00.01 . Memory (MB): peak = 4139.086 ; gain = 0.000 ; free physical = 24891 ; free virtual = 151900
INFO: [Project 1-111] Unisim Transformation Summary:
  A total of 199 instances were transformed.
  DSP48E1 => DSP48E2 (DSP_ALU, DSP_A_B_DATA, DSP_C_DATA, DSP_MULTIPLIER, DSP_M_DATA, DSP_OUTPUT, DSP_PREADD, DSP_PREADD_DATA): 20 instances
  DSP48E2 => DSP48E2 (DSP_ALU, DSP_A_B_DATA, DSP_C_DATA, DSP_MULTIPLIER, DSP_M_DATA, DSP_OUTPUT, DSP_PREADD, DSP_PREADD_DATA): 68 instances
  IBUF => IBUF (IBUFCTRL, INBUF): 7 instances
  IBUFDS => IBUFDS (DIFFINBUF, IBUFCTRL): 58 instances
  IBUFGDS => IBUFDS (DIFFINBUF, IBUFCTRL): 1 instance 
  RAM32M16 => RAM32M16 (RAMD32(x14), RAMS32(x2)): 11 instances
  RAM32X1D => RAM32X1D (RAMD32(x2)): 2 instances
  SRLC32E => SRL16E: 32 instances

INFO: [Project 1-604] Checkpoint was created with Vivado v2022.2_AR000035739 (64-bit) build 3671981
OpenCheckpoint Checksum | Checksum: f2a352a0
----- Checksum: PlaceDB: 7232f795 ShapeSum: 3a55a9cc RouteDB: 461ab13f 
open_checkpoint: Time (s): cpu = 00:00:53 ; elapsed = 00:00:52 . Memory (MB): peak = 4139.086 ; gain = 2528.621 ; free physical = 24893 ; free virtual = 151902
# set cells [get_property NAME [get_cells -hierarchical "*INSTR" ]]
# update_design -cells $cells -from_file custom.edf
Parsing EDIF File [custom.edf]
Finished Parsing EDIF File [custom.edf]
INFO: [Netlist 29-17] Analyzing 31 Unisim elements for replacement
INFO: [Netlist 29-28] Unisim Transformation completed in 0 CPU seconds
update_design: Time (s): cpu = 00:00:34 ; elapsed = 00:00:30 . Memory (MB): peak = 4195.113 ; gain = 56.027 ; free physical = 24771 ; free virtual = 151782
# read_xdc -cells $cells $TOP_DIR/lib/constraints/Instrument.xdc
Parsing XDC File [/deps/compile/lib/constraints/Instrument.xdc] for cell 'INSTRS[0].INSTR_BLK.INSTR'
Finished Parsing XDC File [/deps/compile/lib/constraints/Instrument.xdc] for cell 'INSTRS[0].INSTR_BLK.INSTR'
Parsing XDC File [/deps/compile/lib/constraints/Instrument.xdc] for cell 'INSTRS[1].INSTR_BLK.INSTR'
Finished Parsing XDC File [/deps/compile/lib/constraints/Instrument.xdc] for cell 'INSTRS[1].INSTR_BLK.INSTR'
Parsing XDC File [/deps/compile/lib/constraints/Instrument.xdc] for cell 'INSTRS[2].INSTR_BLK.INSTR'
Finished Parsing XDC File [/deps/compile/lib/constraints/Instrument.xdc] for cell 'INSTRS[2].INSTR_BLK.INSTR'
Parsing XDC File [/deps/compile/lib/constraints/Instrument.xdc] for cell 'INSTRS[3].INSTR_BLK.INSTR'
Finished Parsing XDC File [/deps/compile/lib/constraints/Instrument.xdc] for cell 'INSTRS[3].INSTR_BLK.INSTR'
# opt_design
Command: opt_design
Attempting to get a license for feature 'Implementation' and/or device 'xczu9eg'
INFO: [Common 17-349] Got license for feature 'Implementation' and/or device 'xczu9eg'
INFO: [Common 17-1540] The version limit for your license is '2022.10' and has expired for new software. A version limit expiration means that, although you may be able to continue to use the current version of tools or IP with this license, you will not be eligible for new releases.
Running DRC as a precondition to command opt_design

Starting DRC Task
INFO: [DRC 23-27] Running DRC with 8 threads
INFO: [Project 1-461] DRC finished with 0 Errors
INFO: [Project 1-462] Please refer to the DRC report (report_drc) for more information.

Time (s): cpu = 00:00:06 ; elapsed = 00:00:03 . Memory (MB): peak = 4259.145 ; gain = 64.031 ; free physical = 24782 ; free virtual = 151793

Starting Cache Timing Information Task
INFO: [Timing 38-35] Done setting XDC timing constraints.
Ending Cache Timing Information Task | Checksum: 298603aee

Time (s): cpu = 00:00:14 ; elapsed = 00:00:05 . Memory (MB): peak = 4396.785 ; gain = 137.641 ; free physical = 24601 ; free virtual = 151612

Starting Logic Optimization Task

Phase 1 Retarget
INFO: [Opt 31-138] Pushed 0 inverter(s) to 0 load pin(s).
INFO: [Opt 31-49] Retargeted 0 cell(s).
Phase 1 Retarget | Checksum: 2cac34505

Time (s): cpu = 00:00:19 ; elapsed = 00:00:11 . Memory (MB): peak = 4768.875 ; gain = 92.324 ; free physical = 24518 ; free virtual = 151529
INFO: [Opt 31-389] Phase Retarget created 0 cells and removed 0 cells
INFO: [Opt 31-1021] In phase Retarget, 12599 netlist objects are constrained preventing optimization. Please run opt_design with -debug_log to get more detail. 

Phase 2 Constant propagation
INFO: [Opt 31-138] Pushed 0 inverter(s) to 0 load pin(s).
Phase 2 Constant propagation | Checksum: 1ff769b80

Time (s): cpu = 00:00:21 ; elapsed = 00:00:13 . Memory (MB): peak = 4768.875 ; gain = 92.324 ; free physical = 24519 ; free virtual = 151530
INFO: [Opt 31-389] Phase Constant propagation created 112 cells and removed 224 cells
INFO: [Opt 31-1021] In phase Constant propagation, 5529 netlist objects are constrained preventing optimization. Please run opt_design with -debug_log to get more detail. 

Phase 3 Sweep
Phase 3 Sweep | Checksum: 1f4f7e117

Time (s): cpu = 00:00:25 ; elapsed = 00:00:18 . Memory (MB): peak = 4768.875 ; gain = 92.324 ; free physical = 24435 ; free virtual = 151446
INFO: [Opt 31-389] Phase Sweep created 0 cells and removed 0 cells
INFO: [Opt 31-1021] In phase Sweep, 518263 netlist objects are constrained preventing optimization. Please run opt_design with -debug_log to get more detail. 

Phase 4 BUFG optimization
INFO: [Opt 31-1077] Phase BUFG optimization inserted 0 global clock buffer(s) for CLOCK_LOW_FANOUT.
Phase 4 BUFG optimization | Checksum: 1f4f7e117

Time (s): cpu = 00:00:28 ; elapsed = 00:00:20 . Memory (MB): peak = 4768.875 ; gain = 92.324 ; free physical = 24506 ; free virtual = 151517
INFO: [Opt 31-662] Phase BUFG optimization created 0 cells of which 0 are BUFGs and removed 0 cells.
INFO: [Opt 31-1021] In phase BUFG optimization, 6 netlist objects are constrained preventing optimization. Please run opt_design with -debug_log to get more detail. 

Phase 5 Shift Register Optimization
INFO: [Opt 31-1064] SRL Remap converted 0 SRLs to 0 registers and converted 0 registers of register chains to 0 SRLs
Phase 5 Shift Register Optimization | Checksum: 1f4f7e117

Time (s): cpu = 00:00:30 ; elapsed = 00:00:22 . Memory (MB): peak = 4768.875 ; gain = 92.324 ; free physical = 24506 ; free virtual = 151517
INFO: [Opt 31-389] Phase Shift Register Optimization created 0 cells and removed 0 cells

Phase 6 Post Processing Netlist
Phase 6 Post Processing Netlist | Checksum: 1f4f7e117

Time (s): cpu = 00:00:32 ; elapsed = 00:00:24 . Memory (MB): peak = 4768.875 ; gain = 92.324 ; free physical = 24505 ; free virtual = 151516
INFO: [Opt 31-389] Phase Post Processing Netlist created 0 cells and removed 0 cells
INFO: [Opt 31-1021] In phase Post Processing Netlist, 5659 netlist objects are constrained preventing optimization. Please run opt_design with -debug_log to get more detail. 
Opt_design Change Summary
=========================


-------------------------------------------------------------------------------------------------------------------------
|  Phase                        |  #Cells created  |  #Cells Removed  |  #Constrained objects preventing optimizations  |
-------------------------------------------------------------------------------------------------------------------------
|  Retarget                     |               0  |               0  |                                          12599  |
|  Constant propagation         |             112  |             224  |                                           5529  |
|  Sweep                        |               0  |               0  |                                         518263  |
|  BUFG optimization            |               0  |               0  |                                              6  |
|  Shift Register Optimization  |               0  |               0  |                                              0  |
|  Post Processing Netlist      |               0  |               0  |                                           5659  |
-------------------------------------------------------------------------------------------------------------------------



Starting Connectivity Check Task

Time (s): cpu = 00:00:00.12 ; elapsed = 00:00:00.13 . Memory (MB): peak = 4768.875 ; gain = 0.000 ; free physical = 24505 ; free virtual = 151516
Ending Logic Optimization Task | Checksum: 238653682

Time (s): cpu = 00:00:35 ; elapsed = 00:00:27 . Memory (MB): peak = 4768.875 ; gain = 92.324 ; free physical = 24503 ; free virtual = 151514

Starting Power Optimization Task
INFO: [Pwropt 34-132] Skipping clock gating for clocks with a period < 2.00 ns.
INFO: [Pwropt 34-232] Skipping BRAM gating because all BRAMs are in high frequency (i.e. period < 3.12 ns) clock domains.
INFO: [Pwropt 34-162] WRITE_MODE attribute of 0 BRAM(s) out of a total of 272 has been updated to save power. Run report_power_opt to get a complete listing of the BRAMs updated.
Ending Power Optimization Task | Checksum: 238653682

Time (s): cpu = 00:00:03 ; elapsed = 00:00:03 . Memory (MB): peak = 4936.863 ; gain = 167.988 ; free physical = 24489 ; free virtual = 151500

Starting Final Cleanup Task
Ending Final Cleanup Task | Checksum: 238653682

Time (s): cpu = 00:00:01 ; elapsed = 00:00:01 . Memory (MB): peak = 4936.863 ; gain = 0.000 ; free physical = 24489 ; free virtual = 151500

Starting Netlist Obfuscation Task
Netlist sorting complete. Time (s): cpu = 00:00:00.01 ; elapsed = 00:00:00 . Memory (MB): peak = 4936.863 ; gain = 0.000 ; free physical = 24489 ; free virtual = 151500
Ending Netlist Obfuscation Task | Checksum: 238653682

Time (s): cpu = 00:00:01 ; elapsed = 00:00:01 . Memory (MB): peak = 4936.863 ; gain = 0.000 ; free physical = 24489 ; free virtual = 151501
INFO: [Common 17-83] Releasing license: Implementation
26 Infos, 0 Warnings, 0 Critical Warnings and 0 Errors encountered.
opt_design completed successfully
opt_design: Time (s): cpu = 00:01:02 ; elapsed = 00:00:41 . Memory (MB): peak = 4936.863 ; gain = 741.750 ; free physical = 24489 ; free virtual = 151501
# place_design
Command: place_design
Attempting to get a license for feature 'Implementation' and/or device 'xczu9eg'
INFO: [Common 17-349] Got license for feature 'Implementation' and/or device 'xczu9eg'
INFO: [Common 17-1540] The version limit for your license is '2022.10' and has expired for new software. A version limit expiration means that, although you may be able to continue to use the current version of tools or IP with this license, you will not be eligible for new releases.
INFO: [DRC 23-27] Running DRC with 8 threads
INFO: [Vivado_Tcl 4-198] DRC finished with 0 Errors
INFO: [Vivado_Tcl 4-199] Please refer to the DRC report (report_drc) for more information.
Running DRC as a precondition to command place_design
INFO: [DRC 23-27] Running DRC with 8 threads
INFO: [Vivado_Tcl 4-198] DRC finished with 0 Errors, 1 Warnings
INFO: [Vivado_Tcl 4-199] Please refer to the DRC report (report_drc) for more information.

Starting Placer Task
INFO: [Place 30-611] Multithreading enabled for place_design using a maximum of 8 CPUs

Phase 1 Placer Initialization

Phase 1.1 Placer Initialization Netlist Sorting
Netlist sorting complete. Time (s): cpu = 00:00:00.01 ; elapsed = 00:00:00.01 . Memory (MB): peak = 4968.879 ; gain = 0.000 ; free physical = 24380 ; free virtual = 151391
Phase 1.1 Placer Initialization Netlist Sorting | Checksum: 125f95fbb

Time (s): cpu = 00:00:00.52 ; elapsed = 00:00:00.54 . Memory (MB): peak = 4968.879 ; gain = 0.000 ; free physical = 24380 ; free virtual = 151391
Netlist sorting complete. Time (s): cpu = 00:00:00 ; elapsed = 00:00:00.01 . Memory (MB): peak = 4968.879 ; gain = 0.000 ; free physical = 24374 ; free virtual = 151385
WARNING: [Constraints 18-5648] For reconfigurable module INSTRS[1].INSTR_BLK.INSTR, the top/bottom edges of its PBLOCK pblock_INSTR1 are aligned with clock regions. With this type of floorplan, it has limited routability at PBLOCK top/bottom edges due to routing containment requirement. The edge tiles (only listed 10) are CLEM_X27Y300 CLEM_X28Y300 CLEL_R_X28Y300 CLEM_X29Y300 CLEM_X30Y300 CLEL_R_X30Y300 CLEM_X31Y300 CLEL_R_X31Y300 CLEL_R_X32Y300 CLEM_X33Y300 : . Tool will infer PROHIBIT on those tiles to enhancement routability at the edges of PBLOCK. You may also make the PBLOCK not aligned to clock region at top/bottom edges as a solution. Please refer 'Design Consideration' in UG909 for guidelines. 
WARNING: [Constraints 18-5648] For reconfigurable module INSTRS[2].INSTR_BLK.INSTR, the top/bottom edges of its PBLOCK pblock_INSTR2 are aligned with clock regions. With this type of floorplan, it has limited routability at PBLOCK top/bottom edges due to routing containment requirement. The edge tiles (only listed 10) are CLEM_X27Y299 CLEM_X28Y299 CLEL_R_X28Y299 CLEM_X29Y299 CLEM_X30Y299 CLEL_R_X30Y299 CLEM_X31Y299 CLEL_R_X31Y299 CLEL_R_X32Y299 CLEM_X33Y299 : . Tool will infer PROHIBIT on those tiles to enhancement routability at the edges of PBLOCK. You may also make the PBLOCK not aligned to clock region at top/bottom edges as a solution. Please refer 'Design Consideration' in UG909 for guidelines. 
WARNING: [Constraints 18-5648] For reconfigurable module INSTRS[3].INSTR_BLK.INSTR, the top/bottom edges of its PBLOCK pblock_INSTR3 are aligned with clock regions. With this type of floorplan, it has limited routability at PBLOCK top/bottom edges due to routing containment requirement. The edge tiles (only listed 10) are CLEM_X27Y119 CLEM_X28Y119 CLEL_R_X28Y119 CLEM_X29Y119 CLEM_X30Y119 CLEL_R_X30Y119 CLEM_X31Y119 CLEL_R_X31Y119 CLEL_R_X32Y119 CLEM_X33Y119 : . Tool will infer PROHIBIT on those tiles to enhancement routability at the edges of PBLOCK. You may also make the PBLOCK not aligned to clock region at top/bottom edges as a solution. Please refer 'Design Consideration' in UG909 for guidelines. 

Phase 1.2 IO Placement/ Clock Placement/ Build Placer Device
CRITICAL WARNING: [Place 30-73] Invalid constraint on register 'PROCESSOR/processor_i/spi_instr/U0/NO_DUAL_QUAD_MODE.QSPI_NORMAL/IO1_I_REG'. It has the property IOB=TRUE, but it is not driving or driven by any IO element.
CRITICAL WARNING: [Place 30-73] Invalid constraint on register 'PROCESSOR/processor_i/spi_instr/U0/NO_DUAL_QUAD_MODE.QSPI_NORMAL/QSPI_LEGACY_MD_GEN.QSPI_CORE_INTERFACE_I/LOGIC_FOR_MD_0_GEN.SPI_MODULE_I/RATIO_NOT_EQUAL_4_GENERATE.SCK_O_NQ_4_NO_STARTUP_USED.SCK_O_NE_4_FDRE_INST'. It has the property IOB=TRUE, but it is not driving or driven by any IO element.
INFO: [Timing 38-35] Done setting XDC timing constraints.
Phase 1.2 IO Placement/ Clock Placement/ Build Placer Device | Checksum: 1430bb8a0

Time (s): cpu = 00:01:56 ; elapsed = 00:01:49 . Memory (MB): peak = 5550.707 ; gain = 581.828 ; free physical = 23761 ; free virtual = 150772

Phase 1.3 Build Placer Netlist Model
Phase 1.3 Build Placer Netlist Model | Checksum: 235641cc3

Time (s): cpu = 00:02:41 ; elapsed = 00:02:07 . Memory (MB): peak = 5769.172 ; gain = 800.293 ; free physical = 23492 ; free virtual = 150503

Phase 1.4 Constrain Clocks/Macros
Phase 1.4 Constrain Clocks/Macros | Checksum: 235641cc3

Time (s): cpu = 00:02:41 ; elapsed = 00:02:07 . Memory (MB): peak = 5769.172 ; gain = 800.293 ; free physical = 23492 ; free virtual = 150503
Phase 1 Placer Initialization | Checksum: 235641cc3

Time (s): cpu = 00:02:51 ; elapsed = 00:02:14 . Memory (MB): peak = 5793.184 ; gain = 824.305 ; free physical = 23482 ; free virtual = 150493

Phase 2 Global Placement

Phase 2.1 Floorplanning

Phase 2.1.1 Partition Driven Placement

Phase 2.1.1.1 PBP: Partition Driven Placement
Phase 2.1.1.1 PBP: Partition Driven Placement | Checksum: 18956982f

Time (s): cpu = 00:03:12 ; elapsed = 00:02:20 . Memory (MB): peak = 5849.211 ; gain = 880.332 ; free physical = 23393 ; free virtual = 150404

Phase 2.1.1.2 PBP: Clock Region Placement
Phase 2.1.1.2 PBP: Clock Region Placement | Checksum: 20075d919

Time (s): cpu = 00:03:14 ; elapsed = 00:02:22 . Memory (MB): peak = 5849.211 ; gain = 880.332 ; free physical = 23374 ; free virtual = 150385

Phase 2.1.1.3 PBP: Compute Congestion
Phase 2.1.1.3 PBP: Compute Congestion | Checksum: 20075d919

Time (s): cpu = 00:03:17 ; elapsed = 00:02:23 . Memory (MB): peak = 5938.574 ; gain = 969.695 ; free physical = 23319 ; free virtual = 150330

Phase 2.1.1.4 PBP: UpdateTiming
Phase 2.1.1.4 PBP: UpdateTiming | Checksum: 1e13167e4

Time (s): cpu = 00:03:32 ; elapsed = 00:02:27 . Memory (MB): peak = 5970.590 ; gain = 1001.711 ; free physical = 23284 ; free virtual = 150295

Phase 2.1.1.5 PBP: Add part constraints
Phase 2.1.1.5 PBP: Add part constraints | Checksum: 1e13167e4

Time (s): cpu = 00:03:33 ; elapsed = 00:02:27 . Memory (MB): peak = 5970.590 ; gain = 1001.711 ; free physical = 23282 ; free virtual = 150293
Phase 2.1.1 Partition Driven Placement | Checksum: 1e13167e4

Time (s): cpu = 00:03:33 ; elapsed = 00:02:27 . Memory (MB): peak = 5970.590 ; gain = 1001.711 ; free physical = 23301 ; free virtual = 150312
Phase 2.1 Floorplanning | Checksum: 1e13167e4

Time (s): cpu = 00:03:34 ; elapsed = 00:02:28 . Memory (MB): peak = 5970.590 ; gain = 1001.711 ; free physical = 23312 ; free virtual = 150324

Phase 2.2 Update Timing before SLR Path Opt
Phase 2.2 Update Timing before SLR Path Opt | Checksum: 20863b372

Time (s): cpu = 00:03:34 ; elapsed = 00:02:28 . Memory (MB): peak = 5970.590 ; gain = 1001.711 ; free physical = 23318 ; free virtual = 150330

Phase 2.3 Post-Processing in Floorplanning
Phase 2.3 Post-Processing in Floorplanning | Checksum: 20863b372

Time (s): cpu = 00:03:35 ; elapsed = 00:02:29 . Memory (MB): peak = 5970.590 ; gain = 1001.711 ; free physical = 23319 ; free virtual = 150330

Phase 2.4 Global Placement Core

Phase 2.4.1 UpdateTiming Before Physical Synthesis
Phase 2.4.1 UpdateTiming Before Physical Synthesis | Checksum: 1d73ea0d9

Time (s): cpu = 00:05:13 ; elapsed = 00:03:02 . Memory (MB): peak = 6145.625 ; gain = 1176.746 ; free physical = 23283 ; free virtual = 150294

Phase 2.4.2 Physical Synthesis In Placer
INFO: [Physopt 32-1035] Found 10 LUTNM shape to break, 85 LUT instances to create LUTNM shape
INFO: [Physopt 32-1044] Break lutnm for timing: one critical 6, two critical 4, total 10, new lutff created 4
INFO: [Physopt 32-1138] End 1 Pass. Optimized 47 nets or LUTs. Breaked 10 LUTs, combined 37 existing LUTs and moved 0 existing LUT
INFO: [Physopt 32-69] No nets found for rewiring optimization.
INFO: [Physopt 32-661] Optimized 0 net.  Re-placed 0 instance.
INFO: [Physopt 32-775] End 1 Pass. Optimized 0 net or cell. Created 0 new cell, deleted 0 existing cell and moved 0 existing cell
INFO: [Physopt 32-65] No nets found for high-fanout optimization.
INFO: [Physopt 32-232] Optimized 0 net. Created 0 new instance.
INFO: [Physopt 32-775] End 1 Pass. Optimized 0 net or cell. Created 0 new cell, deleted 0 existing cell and moved 0 existing cell
INFO: [Physopt 32-896] DSP BLENDING.BLEND/GEN_BLENDING_CHANNELS[0].BLEND/ERROR_SIGNAL_FILTER/FeedForwardSum0 is not considered for optimization due to don't touch constraint
INFO: [Physopt 32-896] DSP BLENDING.BLEND/GEN_BLENDING_CHANNELS[0].BLEND/ERROR_SIGNAL_FILTER/FeedbackSum1_reg is not considered for optimization due to don't touch constraint
INFO: [Physopt 32-896] DSP BLENDING.BLEND/GEN_BLENDING_CHANNELS[0].BLEND/ERROR_SIGNAL_FILTER/FeedbackSum20 is not considered for optimization due to don't touch constraint
INFO: [Physopt 32-896] DSP BLENDING.BLEND/GEN_BLENDING_CHANNELS[0].BLEND/ERROR_SIGNAL_FILTER/NONSYMMETRIC.FEEDFORWARD.B0X_reg is not considered for optimization due to don't touch constraint
INFO: [Physopt 32-896] DSP BLENDING.BLEND/GEN_BLENDING_CHANNELS[0].BLEND/ERROR_SIGNAL_FILTER/NONSYMMETRIC.FEEDFORWARD.B2X_reg is not considered for optimization due to don't touch constraint
INFO: [Physopt 32-896] DSP BLENDING.BLEND/GEN_BLENDING_CHANNELS[0].BLEND/HADC_MATCH_FILTER_1/ARG is not considered for optimization due to don't touch constraint
INFO: [Physopt 32-896] DSP BLENDING.BLEND/GEN_BLENDING_CHANNELS[0].BLEND/HADC_MATCH_FILTER_1/ARG__0 is not considered for optimization due to don't touch constraint
INFO: [Physopt 32-896] DSP BLENDING.BLEND/GEN_BLENDING_CHANNELS[0].BLEND/HADC_MATCH_FILTER_1/MultA1_reg[DataIn] is not considered for optimization due to don't touch constraint
INFO: [Physopt 32-896] DSP BLENDING.BLEND/GEN_BLENDING_CHANNELS[0].BLEND/HADC_MATCH_FILTER_1/MultA1_reg[DataIn]0 is not considered for optimization due to don't touch constraint
INFO: [Physopt 32-896] DSP BLENDING.BLEND/GEN_BLENDING_CHANNELS[0].BLEND/HADC_MATCH_FILTER_1/MultA2_reg[DataIn] is not considered for optimization due to don't touch constraint
INFO: [Physopt 32-896] DSP BLENDING.BLEND/GEN_BLENDING_CHANNELS[0].BLEND/HADC_MATCH_FILTER_1/MultA2_reg[DataIn]0 is not considered for optimization due to don't touch constraint
INFO: [Physopt 32-896] DSP BLENDING.BLEND/GEN_BLENDING_CHANNELS[0].BLEND/HADC_MATCH_FILTER_2/ARG is not considered for optimization due to don't touch constraint
INFO: [Physopt 32-896] DSP BLENDING.BLEND/GEN_BLENDING_CHANNELS[0].BLEND/HADC_MATCH_FILTER_2/ARG__0 is not considered for optimization due to don't touch constraint
INFO: [Physopt 32-896] DSP BLENDING.BLEND/GEN_BLENDING_CHANNELS[0].BLEND/HADC_MATCH_FILTER_2/MultA1_reg[DataIn] is not considered for optimization due to don't touch constraint
INFO: [Physopt 32-896] DSP BLENDING.BLEND/GEN_BLENDING_CHANNELS[0].BLEND/HADC_MATCH_FILTER_2/MultA1_reg[DataIn]0 is not considered for optimization due to don't touch constraint
INFO: [Physopt 32-896] DSP BLENDING.BLEND/GEN_BLENDING_CHANNELS[0].BLEND/HADC_MATCH_FILTER_2/MultA2_reg[DataIn] is not considered for optimization due to don't touch constraint
INFO: [Physopt 32-896] DSP BLENDING.BLEND/GEN_BLENDING_CHANNELS[0].BLEND/HADC_MATCH_FILTER_2/MultA2_reg[DataIn]0 is not considered for optimization due to don't touch constraint
INFO: [Physopt 32-896] DSP BLENDING.BLEND/GEN_BLENDING_CHANNELS[1].BLEND/ERROR_SIGNAL_FILTER/FeedForwardSum0 is not considered for optimization due to don't touch constraint
INFO: [Physopt 32-896] DSP BLENDING.BLEND/GEN_BLENDING_CHANNELS[1].BLEND/ERROR_SIGNAL_FILTER/FeedbackSum1_reg is not considered for optimization due to don't touch constraint
INFO: [Physopt 32-896] DSP BLENDING.BLEND/GEN_BLENDING_CHANNELS[1].BLEND/ERROR_SIGNAL_FILTER/FeedbackSum20 is not considered for optimization due to don't touch constraint
INFO: [Physopt 32-896] DSP BLENDING.BLEND/GEN_BLENDING_CHANNELS[1].BLEND/ERROR_SIGNAL_FILTER/NONSYMMETRIC.FEEDFORWARD.B0X_reg is not considered for optimization due to don't touch constraint
INFO: [Physopt 32-896] DSP BLENDING.BLEND/GEN_BLENDING_CHANNELS[1].BLEND/ERROR_SIGNAL_FILTER/NONSYMMETRIC.FEEDFORWARD.B2X_reg is not considered for optimization due to don't touch constraint
INFO: [Physopt 32-896] DSP BLENDING.BLEND/GEN_BLENDING_CHANNELS[1].BLEND/HADC_MATCH_FILTER_1/ARG is not considered for optimization due to don't touch constraint
INFO: [Physopt 32-896] DSP BLENDING.BLEND/GEN_BLENDING_CHANNELS[1].BLEND/HADC_MATCH_FILTER_1/ARG__0 is not considered for optimization due to don't touch constraint
INFO: [Physopt 32-896] DSP BLENDING.BLEND/GEN_BLENDING_CHANNELS[1].BLEND/HADC_MATCH_FILTER_1/MultA1_reg[DataIn] is not considered for optimization due to don't touch constraint
INFO: [Physopt 32-896] DSP BLENDING.BLEND/GEN_BLENDING_CHANNELS[1].BLEND/HADC_MATCH_FILTER_1/MultA1_reg[DataIn]0 is not considered for optimization due to don't touch constraint
INFO: [Physopt 32-896] DSP BLENDING.BLEND/GEN_BLENDING_CHANNELS[1].BLEND/HADC_MATCH_FILTER_1/MultA2_reg[DataIn] is not considered for optimization due to don't touch constraint
INFO: [Physopt 32-896] DSP BLENDING.BLEND/GEN_BLENDING_CHANNELS[1].BLEND/HADC_MATCH_FILTER_1/MultA2_reg[DataIn]0 is not considered for optimization due to don't touch constraint
INFO: [Physopt 32-896] DSP BLENDING.BLEND/GEN_BLENDING_CHANNELS[1].BLEND/HADC_MATCH_FILTER_2/ARG is not considered for optimization due to don't touch constraint
INFO: [Physopt 32-896] DSP BLENDING.BLEND/GEN_BLENDING_CHANNELS[1].BLEND/HADC_MATCH_FILTER_2/ARG__0 is not considered for optimization due to don't touch constraint
INFO: [Physopt 32-896] DSP BLENDING.BLEND/GEN_BLENDING_CHANNELS[1].BLEND/HADC_MATCH_FILTER_2/MultA1_reg[DataIn] is not considered for optimization due to don't touch constraint
INFO: [Physopt 32-896] DSP BLENDING.BLEND/GEN_BLENDING_CHANNELS[1].BLEND/HADC_MATCH_FILTER_2/MultA1_reg[DataIn]0 is not considered for optimization due to don't touch constraint
INFO: [Physopt 32-896] DSP BLENDING.BLEND/GEN_BLENDING_CHANNELS[1].BLEND/HADC_MATCH_FILTER_2/MultA2_reg[DataIn] is not considered for optimization due to don't touch constraint
INFO: [Physopt 32-896] DSP BLENDING.BLEND/GEN_BLENDING_CHANNELS[1].BLEND/HADC_MATCH_FILTER_2/MultA2_reg[DataIn]0 is not considered for optimization due to don't touch constraint
INFO: [Physopt 32-896] DSP BLENDING.BLEND/GEN_BLENDING_CHANNELS[2].BLEND/ERROR_SIGNAL_FILTER/FeedForwardSum0 is not considered for optimization due to don't touch constraint
INFO: [Physopt 32-896] DSP BLENDING.BLEND/GEN_BLENDING_CHANNELS[2].BLEND/ERROR_SIGNAL_FILTER/FeedbackSum1_reg is not considered for optimization due to don't touch constraint
INFO: [Physopt 32-896] DSP BLENDING.BLEND/GEN_BLENDING_CHANNELS[2].BLEND/ERROR_SIGNAL_FILTER/FeedbackSum20 is not considered for optimization due to don't touch constraint
INFO: [Physopt 32-896] DSP BLENDING.BLEND/GEN_BLENDING_CHANNELS[2].BLEND/ERROR_SIGNAL_FILTER/NONSYMMETRIC.FEEDFORWARD.B0X_reg is not considered for optimization due to don't touch constraint
INFO: [Physopt 32-896] DSP BLENDING.BLEND/GEN_BLENDING_CHANNELS[2].BLEND/ERROR_SIGNAL_FILTER/NONSYMMETRIC.FEEDFORWARD.B2X_reg is not considered for optimization due to don't touch constraint
INFO: [Physopt 32-896] DSP BLENDING.BLEND/GEN_BLENDING_CHANNELS[2].BLEND/HADC_MATCH_FILTER_1/ARG is not considered for optimization due to don't touch constraint
INFO: [Physopt 32-896] DSP BLENDING.BLEND/GEN_BLENDING_CHANNELS[2].BLEND/HADC_MATCH_FILTER_1/ARG__0 is not considered for optimization due to don't touch constraint
INFO: [Physopt 32-896] DSP BLENDING.BLEND/GEN_BLENDING_CHANNELS[2].BLEND/HADC_MATCH_FILTER_1/MultA1_reg[DataIn] is not considered for optimization due to don't touch constraint
INFO: [Physopt 32-896] DSP BLENDING.BLEND/GEN_BLENDING_CHANNELS[2].BLEND/HADC_MATCH_FILTER_1/MultA1_reg[DataIn]0 is not considered for optimization due to don't touch constraint
INFO: [Physopt 32-896] DSP BLENDING.BLEND/GEN_BLENDING_CHANNELS[2].BLEND/HADC_MATCH_FILTER_1/MultA2_reg[DataIn] is not considered for optimization due to don't touch constraint
INFO: [Physopt 32-896] DSP BLENDING.BLEND/GEN_BLENDING_CHANNELS[2].BLEND/HADC_MATCH_FILTER_1/MultA2_reg[DataIn]0 is not considered for optimization due to don't touch constraint
INFO: [Physopt 32-896] DSP BLENDING.BLEND/GEN_BLENDING_CHANNELS[2].BLEND/HADC_MATCH_FILTER_2/ARG is not considered for optimization due to don't touch constraint
INFO: [Physopt 32-896] DSP BLENDING.BLEND/GEN_BLENDING_CHANNELS[2].BLEND/HADC_MATCH_FILTER_2/ARG__0 is not considered for optimization due to don't touch constraint
INFO: [Physopt 32-896] DSP BLENDING.BLEND/GEN_BLENDING_CHANNELS[2].BLEND/HADC_MATCH_FILTER_2/MultA1_reg[DataIn] is not considered for optimization due to don't touch constraint
INFO: [Physopt 32-896] DSP BLENDING.BLEND/GEN_BLENDING_CHANNELS[2].BLEND/HADC_MATCH_FILTER_2/MultA1_reg[DataIn]0 is not considered for optimization due to don't touch constraint
INFO: [Physopt 32-896] DSP BLENDING.BLEND/GEN_BLENDING_CHANNELS[2].BLEND/HADC_MATCH_FILTER_2/MultA2_reg[DataIn] is not considered for optimization due to don't touch constraint
INFO: [Physopt 32-896] DSP BLENDING.BLEND/GEN_BLENDING_CHANNELS[2].BLEND/HADC_MATCH_FILTER_2/MultA2_reg[DataIn]0 is not considered for optimization due to don't touch constraint
INFO: [Physopt 32-896] DSP BLENDING.BLEND/GEN_BLENDING_CHANNELS[3].BLEND/ERROR_SIGNAL_FILTER/FeedForwardSum0 is not considered for optimization due to don't touch constraint
INFO: [Physopt 32-896] DSP BLENDING.BLEND/GEN_BLENDING_CHANNELS[3].BLEND/ERROR_SIGNAL_FILTER/FeedbackSum1_reg is not considered for optimization due to don't touch constraint
INFO: [Physopt 32-896] DSP BLENDING.BLEND/GEN_BLENDING_CHANNELS[3].BLEND/ERROR_SIGNAL_FILTER/FeedbackSum20 is not considered for optimization due to don't touch constraint
INFO: [Physopt 32-896] DSP BLENDING.BLEND/GEN_BLENDING_CHANNELS[3].BLEND/ERROR_SIGNAL_FILTER/NONSYMMETRIC.FEEDFORWARD.B0X_reg is not considered for optimization due to don't touch constraint
INFO: [Physopt 32-896] DSP BLENDING.BLEND/GEN_BLENDING_CHANNELS[3].BLEND/ERROR_SIGNAL_FILTER/NONSYMMETRIC.FEEDFORWARD.B2X_reg is not considered for optimization due to don't touch constraint
INFO: [Physopt 32-896] DSP BLENDING.BLEND/GEN_BLENDING_CHANNELS[3].BLEND/HADC_MATCH_FILTER_1/ARG is not considered for optimization due to don't touch constraint
INFO: [Physopt 32-896] DSP BLENDING.BLEND/GEN_BLENDING_CHANNELS[3].BLEND/HADC_MATCH_FILTER_1/ARG__0 is not considered for optimization due to don't touch constraint
INFO: [Physopt 32-896] DSP BLENDING.BLEND/GEN_BLENDING_CHANNELS[3].BLEND/HADC_MATCH_FILTER_1/MultA1_reg[DataIn] is not considered for optimization due to don't touch constraint
INFO: [Physopt 32-896] DSP BLENDING.BLEND/GEN_BLENDING_CHANNELS[3].BLEND/HADC_MATCH_FILTER_1/MultA1_reg[DataIn]0 is not considered for optimization due to don't touch constraint
INFO: [Physopt 32-896] DSP BLENDING.BLEND/GEN_BLENDING_CHANNELS[3].BLEND/HADC_MATCH_FILTER_1/MultA2_reg[DataIn] is not considered for optimization due to don't touch constraint
INFO: [Physopt 32-896] DSP BLENDING.BLEND/GEN_BLENDING_CHANNELS[3].BLEND/HADC_MATCH_FILTER_1/MultA2_reg[DataIn]0 is not considered for optimization due to don't touch constraint
INFO: [Physopt 32-896] DSP BLENDING.BLEND/GEN_BLENDING_CHANNELS[3].BLEND/HADC_MATCH_FILTER_2/ARG is not considered for optimization due to don't touch constraint
INFO: [Physopt 32-896] DSP BLENDING.BLEND/GEN_BLENDING_CHANNELS[3].BLEND/HADC_MATCH_FILTER_2/ARG__0 is not considered for optimization due to don't touch constraint
INFO: [Physopt 32-896] DSP BLENDING.BLEND/GEN_BLENDING_CHANNELS[3].BLEND/HADC_MATCH_FILTER_2/MultA1_reg[DataIn] is not considered for optimization due to don't touch constraint
INFO: [Physopt 32-896] DSP BLENDING.BLEND/GEN_BLENDING_CHANNELS[3].BLEND/HADC_MATCH_FILTER_2/MultA1_reg[DataIn]0 is not considered for optimization due to don't touch constraint
INFO: [Physopt 32-896] DSP BLENDING.BLEND/GEN_BLENDING_CHANNELS[3].BLEND/HADC_MATCH_FILTER_2/MultA2_reg[DataIn] is not considered for optimization due to don't touch constraint
INFO: [Physopt 32-896] DSP BLENDING.BLEND/GEN_BLENDING_CHANNELS[3].BLEND/HADC_MATCH_FILTER_2/MultA2_reg[DataIn]0 is not considered for optimization due to don't touch constraint
INFO: [Physopt 32-896] DSP HIGH_SPEED_ADC/CHANNELS[0].SAMPLES[0].SAMPLE_SCALING.SCALING/SO/DSP is not considered for optimization due to don't touch constraint
INFO: [Physopt 32-896] DSP HIGH_SPEED_ADC/CHANNELS[0].SAMPLES[1].SAMPLE_SCALING.SCALING/SO/DSP is not considered for optimization due to don't touch constraint
INFO: [Physopt 32-896] DSP HIGH_SPEED_ADC/CHANNELS[0].SAMPLES[2].SAMPLE_SCALING.SCALING/SO/DSP is not considered for optimization due to don't touch constraint
INFO: [Physopt 32-896] DSP HIGH_SPEED_ADC/CHANNELS[0].SAMPLES[3].SAMPLE_SCALING.SCALING/SO/DSP is not considered for optimization due to don't touch constraint
INFO: [Physopt 32-896] DSP HIGH_SPEED_ADC/CHANNELS[1].SAMPLES[0].SAMPLE_SCALING.SCALING/SO/DSP is not considered for optimization due to don't touch constraint
INFO: [Physopt 32-896] DSP HIGH_SPEED_ADC/CHANNELS[1].SAMPLES[1].SAMPLE_SCALING.SCALING/SO/DSP is not considered for optimization due to don't touch constraint
INFO: [Physopt 32-896] DSP HIGH_SPEED_ADC/CHANNELS[1].SAMPLES[2].SAMPLE_SCALING.SCALING/SO/DSP is not considered for optimization due to don't touch constraint
INFO: [Physopt 32-896] DSP HIGH_SPEED_ADC/CHANNELS[1].SAMPLES[3].SAMPLE_SCALING.SCALING/SO/DSP is not considered for optimization due to don't touch constraint
INFO: [Physopt 32-896] DSP HIGH_SPEED_ADC/CHANNELS[2].SAMPLES[0].SAMPLE_SCALING.SCALING/SO/DSP is not considered for optimization due to don't touch constraint
INFO: [Physopt 32-896] DSP HIGH_SPEED_ADC/CHANNELS[2].SAMPLES[1].SAMPLE_SCALING.SCALING/SO/DSP is not considered for optimization due to don't touch constraint
INFO: [Physopt 32-896] DSP HIGH_SPEED_ADC/CHANNELS[2].SAMPLES[2].SAMPLE_SCALING.SCALING/SO/DSP is not considered for optimization due to don't touch constraint
INFO: [Physopt 32-896] DSP HIGH_SPEED_ADC/CHANNELS[2].SAMPLES[3].SAMPLE_SCALING.SCALING/SO/DSP is not considered for optimization due to don't touch constraint
INFO: [Physopt 32-896] DSP HIGH_SPEED_ADC/CHANNELS[3].SAMPLES[0].SAMPLE_SCALING.SCALING/SO/DSP is not considered for optimization due to don't touch constraint
INFO: [Physopt 32-896] DSP HIGH_SPEED_ADC/CHANNELS[3].SAMPLES[1].SAMPLE_SCALING.SCALING/SO/DSP is not considered for optimization due to don't touch constraint
INFO: [Physopt 32-896] DSP HIGH_SPEED_ADC/CHANNELS[3].SAMPLES[2].SAMPLE_SCALING.SCALING/SO/DSP is not considered for optimization due to don't touch constraint
INFO: [Physopt 32-896] DSP HIGH_SPEED_ADC/CHANNELS[3].SAMPLES[3].SAMPLE_SCALING.SCALING/SO/DSP is not considered for optimization due to don't touch constraint
INFO: [Physopt 32-896] DSP LOW_SPEED_ADC/LADCS[0].SCALING/SO/DSP is not considered for optimization due to don't touch constraint
INFO: [Physopt 32-896] DSP LOW_SPEED_ADC/LADCS[1].SCALING/SO/DSP is not considered for optimization due to don't touch constraint
INFO: [Physopt 32-896] DSP LOW_SPEED_ADC/LADCS[2].SCALING/SO/DSP is not considered for optimization due to don't touch constraint
INFO: [Physopt 32-896] DSP LOW_SPEED_ADC/LADCS[3].SCALING/SO/DSP is not considered for optimization due to don't touch constraint
INFO: [Physopt 32-457] Pass 1. Identified 4 candidate cells for DSP register optimization.
INFO: [Physopt 32-665] Processed cell INSTRS[2].INSTR_BLK.INSTR/DUT/U_NCO/v_frequency_reg_reg. 29 registers were pushed out.
INFO: [Physopt 32-665] Processed cell INSTRS[3].INSTR_BLK.INSTR/DUT/U_NCO/v_frequency_reg_reg. 29 registers were pushed out.
INFO: [Physopt 32-665] Processed cell INSTRS[0].INSTR_BLK.INSTR/DUT/U_NCO/v_frequency_reg_reg. 29 registers were pushed out.
INFO: [Physopt 32-665] Processed cell INSTRS[1].INSTR_BLK.INSTR/DUT/U_NCO/v_frequency_reg_reg. 29 registers were pushed out.
INFO: [Physopt 32-896] DSP BLENDING.BLEND/GEN_BLENDING_CHANNELS[0].BLEND/ERROR_SIGNAL_FILTER/FeedForwardSum0 is not considered for optimization due to don't touch constraint
INFO: [Physopt 32-896] DSP BLENDING.BLEND/GEN_BLENDING_CHANNELS[0].BLEND/ERROR_SIGNAL_FILTER/FeedbackSum1_reg is not considered for optimization due to don't touch constraint
INFO: [Physopt 32-896] DSP BLENDING.BLEND/GEN_BLENDING_CHANNELS[0].BLEND/ERROR_SIGNAL_FILTER/FeedbackSum20 is not considered for optimization due to don't touch constraint
INFO: [Physopt 32-896] DSP BLENDING.BLEND/GEN_BLENDING_CHANNELS[0].BLEND/ERROR_SIGNAL_FILTER/NONSYMMETRIC.FEEDFORWARD.B0X_reg is not considered for optimization due to don't touch constraint
INFO: [Physopt 32-896] DSP BLENDING.BLEND/GEN_BLENDING_CHANNELS[0].BLEND/ERROR_SIGNAL_FILTER/NONSYMMETRIC.FEEDFORWARD.B2X_reg is not considered for optimization due to don't touch constraint
INFO: [Physopt 32-896] DSP BLENDING.BLEND/GEN_BLENDING_CHANNELS[0].BLEND/HADC_MATCH_FILTER_1/ARG is not considered for optimization due to don't touch constraint
INFO: [Physopt 32-896] DSP BLENDING.BLEND/GEN_BLENDING_CHANNELS[0].BLEND/HADC_MATCH_FILTER_1/ARG__0 is not considered for optimization due to don't touch constraint
INFO: [Physopt 32-896] DSP BLENDING.BLEND/GEN_BLENDING_CHANNELS[0].BLEND/HADC_MATCH_FILTER_1/MultA1_reg[DataIn] is not considered for optimization due to don't touch constraint
INFO: [Physopt 32-896] DSP BLENDING.BLEND/GEN_BLENDING_CHANNELS[0].BLEND/HADC_MATCH_FILTER_1/MultA1_reg[DataIn]0 is not considered for optimization due to don't touch constraint
INFO: [Physopt 32-896] DSP BLENDING.BLEND/GEN_BLENDING_CHANNELS[0].BLEND/HADC_MATCH_FILTER_1/MultA2_reg[DataIn] is not considered for optimization due to don't touch constraint
INFO: [Physopt 32-896] DSP BLENDING.BLEND/GEN_BLENDING_CHANNELS[0].BLEND/HADC_MATCH_FILTER_1/MultA2_reg[DataIn]0 is not considered for optimization due to don't touch constraint
INFO: [Physopt 32-896] DSP BLENDING.BLEND/GEN_BLENDING_CHANNELS[0].BLEND/HADC_MATCH_FILTER_2/ARG is not considered for optimization due to don't touch constraint
INFO: [Common 17-14] Message 'Physopt 32-896' appears 100 times and further instances of the messages will be disabled. Use the Tcl command set_msg_config to change the current settings.
INFO: [Physopt 32-457] Pass 2. Identified 2 candidate cells for DSP register optimization.
INFO: [Physopt 32-665] Processed cell INSTRS[1].INSTR_BLK.INSTR/DUT/U_NCO/r_pmod_accumulator1. 16 registers were pushed out.
INFO: [Physopt 32-665] Processed cell INSTRS[1].INSTR_BLK.INSTR/DUT/U_NCO/r_pmod_accumulator1. 16 registers were pushed out.
INFO: [Physopt 32-775] End 2 Pass. Optimized 6 nets or cells. Created 148 new cells, deleted 0 existing cell and moved 0 existing cell
Netlist sorting complete. Time (s): cpu = 00:00:00.06 ; elapsed = 00:00:00.07 . Memory (MB): peak = 6145.625 ; gain = 0.000 ; free physical = 23273 ; free virtual = 150284
INFO: [Physopt 32-1123] No candidate cells found for Shift Register to Pipeline optimization
INFO: [Physopt 32-775] End 2 Pass. Optimized 0 net or cell. Created 0 new cell, deleted 0 existing cell and moved 0 existing cell
INFO: [Physopt 32-677] No candidate cells for Shift Register optimization found in the design
INFO: [Physopt 32-775] End 1 Pass. Optimized 0 net or cell. Created 0 new cell, deleted 0 existing cell and moved 0 existing cell
INFO: [Physopt 32-526] No candidate cells for BRAM register optimization found in the design
INFO: [Physopt 32-775] End 1 Pass. Optimized 0 net or cell. Created 0 new cell, deleted 0 existing cell and moved 0 existing cell
INFO: [Physopt 32-846] No candidate cells for URAM register optimization found in the design
INFO: [Physopt 32-775] End 2 Pass. Optimized 0 net or cell. Created 0 new cell, deleted 0 existing cell and moved 0 existing cell
INFO: [Physopt 32-949] No candidate nets found for dynamic/static region interface net replication
INFO: [Physopt 32-775] End 1 Pass. Optimized 0 net or cell. Created 0 new cell, deleted 0 existing cell and moved 0 existing cell
Netlist sorting complete. Time (s): cpu = 00:00:00.01 ; elapsed = 00:00:00.01 . Memory (MB): peak = 6145.625 ; gain = 0.000 ; free physical = 23274 ; free virtual = 150285

Summary of Physical Synthesis Optimizations
============================================


-----------------------------------------------------------------------------------------------------------------------------------------------------------
|  Optimization                                     |  Added Cells  |  Removed Cells  |  Optimized Cells/Nets  |  Dont Touch  |  Iterations  |  Elapsed   |
-----------------------------------------------------------------------------------------------------------------------------------------------------------
|  LUT Combining                                    |           10  |             37  |                    47  |           0  |           1  |  00:00:00  |
|  Retime                                           |            0  |              0  |                     0  |           0  |           1  |  00:00:00  |
|  Equivalent Driver Rewiring                       |            0  |              0  |                     0  |           0  |           1  |  00:00:00  |
|  Very High Fanout                                 |            0  |              0  |                     0  |           0  |           1  |  00:00:00  |
|  DSP Register                                     |          148  |              0  |                     6  |         176  |           1  |  00:00:01  |
|  Shift Register to Pipeline                       |            0  |              0  |                     0  |           0  |           1  |  00:00:00  |
|  Shift Register                                   |            0  |              0  |                     0  |           0  |           1  |  00:00:00  |
|  BRAM Register                                    |            0  |              0  |                     0  |         144  |           1  |  00:00:00  |
|  URAM Register                                    |            0  |              0  |                     0  |           0  |           1  |  00:00:00  |
|  Dynamic/Static Region Interface Net Replication  |            0  |              0  |                     0  |           0  |           1  |  00:00:00  |
|  Total                                            |          158  |             37  |                    53  |         320  |          10  |  00:00:02  |
-----------------------------------------------------------------------------------------------------------------------------------------------------------


Phase 2.4.2 Physical Synthesis In Placer | Checksum: 182d03800

Time (s): cpu = 00:05:33 ; elapsed = 00:03:11 . Memory (MB): peak = 6145.625 ; gain = 1176.746 ; free physical = 23263 ; free virtual = 150274
Phase 2.4 Global Placement Core | Checksum: 136a0ea18

Time (s): cpu = 00:05:47 ; elapsed = 00:03:17 . Memory (MB): peak = 6145.625 ; gain = 1176.746 ; free physical = 23259 ; free virtual = 150270
Phase 2 Global Placement | Checksum: 136a0ea18

Time (s): cpu = 00:05:47 ; elapsed = 00:03:17 . Memory (MB): peak = 6145.625 ; gain = 1176.746 ; free physical = 23294 ; free virtual = 150305

Phase 3 Detail Placement

Phase 3.1 Commit Multi Column Macros
Phase 3.1 Commit Multi Column Macros | Checksum: 1604cba5d

Time (s): cpu = 00:05:55 ; elapsed = 00:03:21 . Memory (MB): peak = 6145.625 ; gain = 1176.746 ; free physical = 23278 ; free virtual = 150290

Phase 3.2 Commit Most Macros & LUTRAMs
Phase 3.2 Commit Most Macros & LUTRAMs | Checksum: 19fa0d6d4

Time (s): cpu = 00:05:57 ; elapsed = 00:03:22 . Memory (MB): peak = 6145.625 ; gain = 1176.746 ; free physical = 23270 ; free virtual = 150282

Phase 3.3 Small Shape DP

Phase 3.3.1 Small Shape Clustering
Phase 3.3.1 Small Shape Clustering | Checksum: 1addb0aab

Time (s): cpu = 00:06:27 ; elapsed = 00:03:29 . Memory (MB): peak = 6145.625 ; gain = 1176.746 ; free physical = 23239 ; free virtual = 150250

Phase 3.3.2 Flow Legalize Slice Clusters
Phase 3.3.2 Flow Legalize Slice Clusters | Checksum: 1b027ad9c

Time (s): cpu = 00:06:28 ; elapsed = 00:03:30 . Memory (MB): peak = 6145.625 ; gain = 1176.746 ; free physical = 23233 ; free virtual = 150244

Phase 3.3.3 Slice Area Swap

Phase 3.3.3.1 Slice Area Swap Initial
Phase 3.3.3.1 Slice Area Swap Initial | Checksum: 1b182befd

Time (s): cpu = 00:06:30 ; elapsed = 00:03:32 . Memory (MB): peak = 6145.625 ; gain = 1176.746 ; free physical = 23206 ; free virtual = 150218
Phase 3.3.3 Slice Area Swap | Checksum: 1b182befd

Time (s): cpu = 00:06:30 ; elapsed = 00:03:32 . Memory (MB): peak = 6145.625 ; gain = 1176.746 ; free physical = 23204 ; free virtual = 150216
Phase 3.3 Small Shape DP | Checksum: 1859808f7

Time (s): cpu = 00:06:34 ; elapsed = 00:03:35 . Memory (MB): peak = 6145.625 ; gain = 1176.746 ; free physical = 23222 ; free virtual = 150234

Phase 3.4 Place Remaining
Phase 3.4 Place Remaining | Checksum: 1859808f7

Time (s): cpu = 00:06:35 ; elapsed = 00:03:35 . Memory (MB): peak = 6145.625 ; gain = 1176.746 ; free physical = 23222 ; free virtual = 150233

Phase 3.5 Re-assign LUT pins
Phase 3.5 Re-assign LUT pins | Checksum: bc841d7e

Time (s): cpu = 00:06:37 ; elapsed = 00:03:36 . Memory (MB): peak = 6145.625 ; gain = 1176.746 ; free physical = 23224 ; free virtual = 150236

Phase 3.6 Pipeline Register Optimization
Phase 3.6 Pipeline Register Optimization | Checksum: bc841d7e

Time (s): cpu = 00:06:37 ; elapsed = 00:03:37 . Memory (MB): peak = 6145.625 ; gain = 1176.746 ; free physical = 23228 ; free virtual = 150239

Phase 3.7 Fast Optimization
Phase 3.7 Fast Optimization | Checksum: 187245de7

Time (s): cpu = 00:07:05 ; elapsed = 00:03:43 . Memory (MB): peak = 6145.625 ; gain = 1176.746 ; free physical = 23230 ; free virtual = 150241
Phase 3 Detail Placement | Checksum: 187245de7

Time (s): cpu = 00:07:06 ; elapsed = 00:03:43 . Memory (MB): peak = 6145.625 ; gain = 1176.746 ; free physical = 23230 ; free virtual = 150241

Phase 4 Post Placement Optimization and Clean-Up

Phase 4.1 Post Commit Optimization
INFO: [Timing 38-35] Done setting XDC timing constraints.

Phase 4.1.1 Post Placement Optimization
Post Placement Optimization Initialization | Checksum: 1e322472d

Phase 4.1.1.1 BUFG Insertion

Starting Physical Synthesis Task

Phase 1 Physical Synthesis Initialization
INFO: [Physopt 32-721] Multithreading enabled for phys_opt_design using a maximum of 8 CPUs
INFO: [Physopt 32-619] Estimated Timing Summary | WNS=-0.005 | TNS=-0.027 |
Phase 1 Physical Synthesis Initialization | Checksum: 208550f63

Time (s): cpu = 00:00:04 ; elapsed = 00:00:00.99 . Memory (MB): peak = 6145.625 ; gain = 0.000 ; free physical = 23200 ; free virtual = 150211
INFO: [Place 46-56] BUFG insertion identified 0 candidate nets. Inserted BUFG: 0, Replicated BUFG Driver: 0, Skipped due to Placement/Routing Conflicts: 0, Skipped due to Timing Degradation: 0, Skipped due to Illegal Netlist: 0.
Ending Physical Synthesis Task | Checksum: 2e194da27

Time (s): cpu = 00:00:06 ; elapsed = 00:00:03 . Memory (MB): peak = 6145.625 ; gain = 0.000 ; free physical = 23191 ; free virtual = 150202
Phase 4.1.1.1 BUFG Insertion | Checksum: 1e322472d

Time (s): cpu = 00:08:03 ; elapsed = 00:04:02 . Memory (MB): peak = 6145.625 ; gain = 1176.746 ; free physical = 23195 ; free virtual = 150207

Phase 4.1.1.2 Post Placement Timing Optimization
INFO: [Place 30-746] Post Placement Timing Summary WNS=-0.005. For the most accurate timing information please run report_timing.
Phase 4.1.1.2 Post Placement Timing Optimization | Checksum: 1432088e0

Time (s): cpu = 00:08:20 ; elapsed = 00:04:17 . Memory (MB): peak = 6145.625 ; gain = 1176.746 ; free physical = 23191 ; free virtual = 150202

Time (s): cpu = 00:08:20 ; elapsed = 00:04:17 . Memory (MB): peak = 6145.625 ; gain = 1176.746 ; free physical = 23191 ; free virtual = 150202
Phase 4.1 Post Commit Optimization | Checksum: 1432088e0

Time (s): cpu = 00:08:20 ; elapsed = 00:04:17 . Memory (MB): peak = 6145.625 ; gain = 1176.746 ; free physical = 23198 ; free virtual = 150209
Netlist sorting complete. Time (s): cpu = 00:00:00.01 ; elapsed = 00:00:00.01 . Memory (MB): peak = 6265.617 ; gain = 0.000 ; free physical = 23181 ; free virtual = 150192

Phase 4.2 Post Placement Cleanup
Phase 4.2 Post Placement Cleanup | Checksum: 183f5e2b2

Time (s): cpu = 00:08:42 ; elapsed = 00:04:31 . Memory (MB): peak = 6265.617 ; gain = 1296.738 ; free physical = 23203 ; free virtual = 150214

Phase 4.3 Placer Reporting

Phase 4.3.1 Print Estimated Congestion
INFO: [Place 30-612] Post-Placement Estimated Congestion 
 ________________________________________________________________________
|           | Global Congestion | Long Congestion   | Short Congestion  |
| Direction | Region Size       | Region Size       | Region Size       |
|___________|___________________|___________________|___________________|
|      North|              16x16|              32x32|              32x32|
|___________|___________________|___________________|___________________|
|      South|              16x16|              16x16|                8x8|
|___________|___________________|___________________|___________________|
|       East|                8x8|              16x16|              32x32|
|___________|___________________|___________________|___________________|
|       West|              32x32|              16x16|              64x64|
|___________|___________________|___________________|___________________|

Phase 4.3.1 Print Estimated Congestion | Checksum: 183f5e2b2

Time (s): cpu = 00:08:44 ; elapsed = 00:04:33 . Memory (MB): peak = 6265.617 ; gain = 1296.738 ; free physical = 23206 ; free virtual = 150217
Phase 4.3 Placer Reporting | Checksum: 183f5e2b2

Time (s): cpu = 00:08:46 ; elapsed = 00:04:35 . Memory (MB): peak = 6265.617 ; gain = 1296.738 ; free physical = 23206 ; free virtual = 150217

Phase 4.4 Final Placement Cleanup
Netlist sorting complete. Time (s): cpu = 00:00:00.01 ; elapsed = 00:00:00.01 . Memory (MB): peak = 6265.617 ; gain = 0.000 ; free physical = 23206 ; free virtual = 150217

Time (s): cpu = 00:08:46 ; elapsed = 00:04:35 . Memory (MB): peak = 6265.617 ; gain = 1296.738 ; free physical = 23206 ; free virtual = 150217
Phase 4 Post Placement Optimization and Clean-Up | Checksum: 1fc43ada1

Time (s): cpu = 00:08:47 ; elapsed = 00:04:36 . Memory (MB): peak = 6265.617 ; gain = 1296.738 ; free physical = 23205 ; free virtual = 150217
Ending Placer Task | Checksum: 1d3ffb598

Time (s): cpu = 00:08:49 ; elapsed = 00:04:38 . Memory (MB): peak = 6265.617 ; gain = 1296.738 ; free physical = 23231 ; free virtual = 150243
INFO: [Common 17-83] Releasing license: Implementation
146 Infos, 3 Warnings, 2 Critical Warnings and 0 Errors encountered.
place_design completed successfully
place_design: Time (s): cpu = 00:09:02 ; elapsed = 00:04:43 . Memory (MB): peak = 6265.617 ; gain = 1328.754 ; free physical = 23575 ; free virtual = 150586
# route_design
Command: route_design
Attempting to get a license for feature 'Implementation' and/or device 'xczu9eg'
INFO: [Common 17-349] Got license for feature 'Implementation' and/or device 'xczu9eg'
INFO: [Common 17-1540] The version limit for your license is '2022.10' and has expired for new software. A version limit expiration means that, although you may be able to continue to use the current version of tools or IP with this license, you will not be eligible for new releases.
Running DRC as a precondition to command route_design
INFO: [DRC 23-27] Running DRC with 8 threads
INFO: [Vivado_Tcl 4-198] DRC finished with 0 Errors, 2 Warnings
INFO: [Vivado_Tcl 4-199] Please refer to the DRC report (report_drc) for more information.


Starting Routing Task
INFO: [Route 35-254] Multithreading enabled for route_design using a maximum of 8 CPUs

Phase 1 Build RT Design
Checksum: PlaceDB: cf1da0f9 ConstDB: 0 ShapeSum: c40cbacd RouteDB: 40d559d2
Nodegraph reading from file.  Time (s): cpu = 00:00:00.43 ; elapsed = 00:00:00.5 . Memory (MB): peak = 6265.617 ; gain = 0.000 ; free physical = 23436 ; free virtual = 150448
Post Restoration Checksum: NetGraph: ee374601 NumContArr: 161cef4d Constraints: f97b4bef Timing: 0
Phase 1 Build RT Design | Checksum: 1fdcf813d

Time (s): cpu = 00:00:47 ; elapsed = 00:00:18 . Memory (MB): peak = 6265.617 ; gain = 0.000 ; free physical = 23344 ; free virtual = 150355

Phase 2 Router Initialization

Phase 2.1 Fix Topology Constraints
Phase 2.1 Fix Topology Constraints | Checksum: 1fdcf813d

Time (s): cpu = 00:00:47 ; elapsed = 00:00:19 . Memory (MB): peak = 6265.617 ; gain = 0.000 ; free physical = 23227 ; free virtual = 150239

Phase 2.2 Pre Route Cleanup
Phase 2.2 Pre Route Cleanup | Checksum: 1fdcf813d

Time (s): cpu = 00:00:48 ; elapsed = 00:00:19 . Memory (MB): peak = 6265.617 ; gain = 0.000 ; free physical = 23231 ; free virtual = 150243

Phase 2.3 Global Clock Net Routing
 Number of Nodes with overlaps = 0
Phase 2.3 Global Clock Net Routing | Checksum: 1390e790f

Time (s): cpu = 00:00:52 ; elapsed = 00:00:21 . Memory (MB): peak = 6265.617 ; gain = 0.000 ; free physical = 23233 ; free virtual = 150244

Phase 2.4 Update Timing
Phase 2.4 Update Timing | Checksum: 1c354cfb0

Time (s): cpu = 00:01:14 ; elapsed = 00:00:29 . Memory (MB): peak = 6265.617 ; gain = 0.000 ; free physical = 23176 ; free virtual = 150188
INFO: [Route 35-416] Intermediate Timing Summary | WNS=0.000  | TNS=0.000  | WHS=-0.025 | THS=-0.078 |


Phase 2.5 Update Timing for Bus Skew

Phase 2.5.1 Update Timing
Phase 2.5.1 Update Timing | Checksum: 1c2ceca6c

Time (s): cpu = 00:01:56 ; elapsed = 00:00:41 . Memory (MB): peak = 6265.617 ; gain = 0.000 ; free physical = 23173 ; free virtual = 150184
INFO: [Route 35-416] Intermediate Timing Summary | WNS=0.000  | TNS=0.000  | WHS=N/A    | THS=N/A    |

Phase 2.5 Update Timing for Bus Skew | Checksum: 19f6b39c5

Time (s): cpu = 00:01:57 ; elapsed = 00:00:42 . Memory (MB): peak = 6265.617 ; gain = 0.000 ; free physical = 23171 ; free virtual = 150182

Router Utilization Summary
  Global Vertical Routing Utilization    = 0 %
  Global Horizontal Routing Utilization  = 0 %
  Routable Net Status*
  *Does not include unroutable nets such as driverless and loadless.
  Run report_route_status for detailed report.
  Number of Failed Nets               = 14446
    (Failed Nets is the sum of unrouted and partially routed nets)
  Number of Unrouted Nets             = 8360
  Number of Partially Routed Nets     = 6086
  Number of Node Overlaps             = 0

Phase 2 Router Initialization | Checksum: 234f77d58

Time (s): cpu = 00:02:00 ; elapsed = 00:00:43 . Memory (MB): peak = 6265.617 ; gain = 0.000 ; free physical = 23165 ; free virtual = 150176

Phase 3 Initial Routing

Phase 3.1 Global Routing
Phase 3.1 Global Routing | Checksum: 234f77d58

Time (s): cpu = 00:02:00 ; elapsed = 00:00:44 . Memory (MB): peak = 6265.617 ; gain = 0.000 ; free physical = 23165 ; free virtual = 150176
WARNING: [Route 35-3387] High violations detected on bus-skew constraints. This can potentially cause WNS degradation and routing congestion.
Resolution: Please review the set_bus_skew constraints.
Phase 3 Initial Routing | Checksum: 2d8fc3fa4

Time (s): cpu = 00:02:10 ; elapsed = 00:00:48 . Memory (MB): peak = 6265.617 ; gain = 0.000 ; free physical = 23117 ; free virtual = 150128

Phase 4 Rip-up And Reroute

Phase 4.1 Global Iteration 0
 Number of Nodes with overlaps = 1663
 Number of Nodes with overlaps = 300
 Number of Nodes with overlaps = 93
 Number of Nodes with overlaps = 34
 Number of Nodes with overlaps = 15
 Number of Nodes with overlaps = 6
 Number of Nodes with overlaps = 4
 Number of Nodes with overlaps = 2
 Number of Nodes with overlaps = 1
 Number of Nodes with overlaps = 1
 Number of Nodes with overlaps = 1
 Number of Nodes with overlaps = 1
 Number of Nodes with overlaps = 1
 Number of Nodes with overlaps = 2
 Number of Nodes with overlaps = 1
 Number of Nodes with overlaps = 1
 Number of Nodes with overlaps = 1
 Number of Nodes with overlaps = 0
INFO: [Route 35-416] Intermediate Timing Summary | WNS=-0.381 | TNS=-0.539 | WHS=0.000  | THS=0.000  |

Phase 4.1 Global Iteration 0 | Checksum: 1fc0c7ee1

Time (s): cpu = 00:03:24 ; elapsed = 00:01:27 . Memory (MB): peak = 6265.617 ; gain = 0.000 ; free physical = 23100 ; free virtual = 150112

Phase 4.2 Global Iteration 1
 Number of Nodes with overlaps = 36
 Number of Nodes with overlaps = 12
 Number of Nodes with overlaps = 5
 Number of Nodes with overlaps = 4
 Number of Nodes with overlaps = 5
 Number of Nodes with overlaps = 0
INFO: [Route 35-416] Intermediate Timing Summary | WNS=0.000  | TNS=0.000  | WHS=N/A    | THS=N/A    |

Phase 4.2 Global Iteration 1 | Checksum: 271ac8460

Time (s): cpu = 00:03:58 ; elapsed = 00:01:49 . Memory (MB): peak = 6265.617 ; gain = 0.000 ; free physical = 23093 ; free virtual = 150105

Phase 4.3 Global Iteration 2
 Number of Nodes with overlaps = 3
 Number of Nodes with overlaps = 2
 Number of Nodes with overlaps = 2
 Number of Nodes with overlaps = 1
 Number of Nodes with overlaps = 1
 Number of Nodes with overlaps = 1
 Number of Nodes with overlaps = 0
INFO: [Route 35-416] Intermediate Timing Summary | WNS=0.000  | TNS=0.000  | WHS=N/A    | THS=N/A    |

Phase 4.3 Global Iteration 2 | Checksum: 2043dc1bc

Time (s): cpu = 00:04:16 ; elapsed = 00:02:03 . Memory (MB): peak = 6265.617 ; gain = 0.000 ; free physical = 23093 ; free virtual = 150106
Phase 4 Rip-up And Reroute | Checksum: 2043dc1bc

Time (s): cpu = 00:04:16 ; elapsed = 00:02:03 . Memory (MB): peak = 6265.617 ; gain = 0.000 ; free physical = 23093 ; free virtual = 150107

Phase 5 Delay and Skew Optimization

Phase 5.1 Delay CleanUp
Phase 5.1 Delay CleanUp | Checksum: 2043dc1bc

Time (s): cpu = 00:04:17 ; elapsed = 00:02:04 . Memory (MB): peak = 6265.617 ; gain = 0.000 ; free physical = 23093 ; free virtual = 150107

Phase 5.2 Clock Skew Optimization
Phase 5.2 Clock Skew Optimization | Checksum: 2043dc1bc

Time (s): cpu = 00:04:18 ; elapsed = 00:02:04 . Memory (MB): peak = 6265.617 ; gain = 0.000 ; free physical = 23093 ; free virtual = 150106
Phase 5 Delay and Skew Optimization | Checksum: 2043dc1bc

Time (s): cpu = 00:04:18 ; elapsed = 00:02:05 . Memory (MB): peak = 6265.617 ; gain = 0.000 ; free physical = 23093 ; free virtual = 150106

Phase 6 Post Hold Fix

Phase 6.1 Hold Fix Iter

Phase 6.1.1 Update Timing
Phase 6.1.1 Update Timing | Checksum: 2751ad214

Time (s): cpu = 00:04:38 ; elapsed = 00:02:11 . Memory (MB): peak = 6265.617 ; gain = 0.000 ; free physical = 23096 ; free virtual = 150110
INFO: [Route 35-416] Intermediate Timing Summary | WNS=0.000  | TNS=0.000  | WHS=0.010  | THS=0.000  |

Phase 6.1 Hold Fix Iter | Checksum: 22ebcfbbd

Time (s): cpu = 00:04:39 ; elapsed = 00:02:12 . Memory (MB): peak = 6265.617 ; gain = 0.000 ; free physical = 23096 ; free virtual = 150110
Phase 6 Post Hold Fix | Checksum: 22ebcfbbd

Time (s): cpu = 00:04:39 ; elapsed = 00:02:12 . Memory (MB): peak = 6265.617 ; gain = 0.000 ; free physical = 23096 ; free virtual = 150110

Phase 7 Leaf Clock Prog Delay Opt
Phase 7 Leaf Clock Prog Delay Opt | Checksum: 2d695031f

Time (s): cpu = 00:04:59 ; elapsed = 00:02:19 . Memory (MB): peak = 6265.617 ; gain = 0.000 ; free physical = 23079 ; free virtual = 150093

Phase 8 Route finalize

Router Utilization Summary
  Global Vertical Routing Utilization    = 0.655246 %
  Global Horizontal Routing Utilization  = 0.970917 %
  Routable Net Status*
  *Does not include unroutable nets such as driverless and loadless.
  Run report_route_status for detailed report.
  Number of Failed Nets               = 0
    (Failed Nets is the sum of unrouted and partially routed nets)
  Number of Unrouted Nets             = 0
  Number of Partially Routed Nets     = 0
  Number of Node Overlaps             = 0

Phase 8 Route finalize | Checksum: 2a27b8f12

Time (s): cpu = 00:05:01 ; elapsed = 00:02:19 . Memory (MB): peak = 6265.617 ; gain = 0.000 ; free physical = 23080 ; free virtual = 150093

Phase 9 Verifying routed nets

 Verification completed successfully
Phase 9 Verifying routed nets | Checksum: 2a27b8f12

Time (s): cpu = 00:05:02 ; elapsed = 00:02:20 . Memory (MB): peak = 6265.617 ; gain = 0.000 ; free physical = 23074 ; free virtual = 150088

Phase 10 Depositing Routes
Phase 10 Depositing Routes | Checksum: 2a27b8f12

Time (s): cpu = 00:05:10 ; elapsed = 00:02:26 . Memory (MB): peak = 6268.629 ; gain = 3.012 ; free physical = 23069 ; free virtual = 150082

Phase 11 Resolve XTalk
Phase 11 Resolve XTalk | Checksum: 2a27b8f12

Time (s): cpu = 00:05:10 ; elapsed = 00:02:26 . Memory (MB): peak = 6268.629 ; gain = 3.012 ; free physical = 23072 ; free virtual = 150086

Phase 12 Post Router Timing
INFO: [Route 35-57] Estimated Timing Summary | WNS=0.000  | TNS=0.000  | WHS=0.010  | THS=0.000  |

INFO: [Route 35-327] The final timing numbers are based on the router estimated timing analysis. For a complete and accurate timing signoff, please run report_timing_summary.
Phase 12 Post Router Timing | Checksum: 2a27b8f12

Time (s): cpu = 00:05:18 ; elapsed = 00:02:28 . Memory (MB): peak = 6268.629 ; gain = 3.012 ; free physical = 23081 ; free virtual = 150094
INFO: [Route 35-16] Router Completed Successfully

Time (s): cpu = 00:05:35 ; elapsed = 00:02:40 . Memory (MB): peak = 6268.629 ; gain = 3.012 ; free physical = 23277 ; free virtual = 150291

Routing Is Done.
INFO: [Common 17-83] Releasing license: Implementation
16 Infos, 1 Warnings, 0 Critical Warnings and 0 Errors encountered.
route_design completed successfully
route_design: Time (s): cpu = 00:05:55 ; elapsed = 00:02:50 . Memory (MB): peak = 6268.629 ; gain = 3.012 ; free physical = 23277 ; free virtual = 150291
# write_checkpoint -force custom.dcp
INFO: [Timing 38-480] Writing timing data to binary archive.
Writing XDEF routing.
Writing XDEF routing logical nets.
Writing XDEF routing special nets.
Write XDEF Complete: Time (s): cpu = 00:00:15 ; elapsed = 00:00:07 . Memory (MB): peak = 6284.637 ; gain = 16.008 ; free physical = 23077 ; free virtual = 150281
INFO: [Common 17-1381] The checkpoint '/workspace/04b3d1b6-d294-4996-a5a3-364edbbc29c5/output/custom.dcp' has been generated.
write_checkpoint: Time (s): cpu = 00:00:23 ; elapsed = 00:00:22 . Memory (MB): peak = 6284.637 ; gain = 16.008 ; free physical = 22972 ; free virtual = 150286
# set_property BITSTREAM.GENERAL.COMPRESS TRUE [current_design]
# write_bitstream -force custom
Command: write_bitstream -force custom
Attempting to get a license for feature 'Implementation' and/or device 'xczu9eg'
INFO: [Common 17-349] Got license for feature 'Implementation' and/or device 'xczu9eg'
INFO: [Common 17-1540] The version limit for your license is '2022.10' and has expired for new software. A version limit expiration means that, although you may be able to continue to use the current version of tools or IP with this license, you will not be eligible for new releases.
Running DRC as a precondition to command write_bitstream
INFO: [IP_Flow 19-234] Refreshing IP repositories
INFO: [IP_Flow 19-1704] No user IP repositories specified
INFO: [IP_Flow 19-2313] Loaded Vivado IP repository '/opt/Xilinx/Vivado/2022.2/data/ip'.
INFO: [DRC 23-27] Running DRC with 8 threads
WARNING: [DRC DPIP-2] Input pipelining: DSP BLENDING.BLEND/GEN_BLENDING_CHANNELS[0].BLEND/ERROR_SIGNAL_FILTER/FeedForwardSum0 input BLENDING.BLEND/GEN_BLENDING_CHANNELS[0].BLEND/ERROR_SIGNAL_FILTER/FeedForwardSum0/A[29:0] is not pipelined. Pipelining DSP48 input will improve performance.
WARNING: [DRC DPIP-2] Input pipelining: DSP BLENDING.BLEND/GEN_BLENDING_CHANNELS[0].BLEND/ERROR_SIGNAL_FILTER/FeedbackSum1_reg input BLENDING.BLEND/GEN_BLENDING_CHANNELS[0].BLEND/ERROR_SIGNAL_FILTER/FeedbackSum1_reg/A[29:0] is not pipelined. Pipelining DSP48 input will improve performance.
WARNING: [DRC DPIP-2] Input pipelining: DSP BLENDING.BLEND/GEN_BLENDING_CHANNELS[0].BLEND/ERROR_SIGNAL_FILTER/FeedbackSum20 input BLENDING.BLEND/GEN_BLENDING_CHANNELS[0].BLEND/ERROR_SIGNAL_FILTER/FeedbackSum20/A[29:0] is not pipelined. Pipelining DSP48 input will improve performance.
WARNING: [DRC DPIP-2] Input pipelining: DSP BLENDING.BLEND/GEN_BLENDING_CHANNELS[0].BLEND/ERROR_SIGNAL_FILTER/NONSYMMETRIC.FEEDFORWARD.B0X_reg input BLENDING.BLEND/GEN_BLENDING_CHANNELS[0].BLEND/ERROR_SIGNAL_FILTER/NONSYMMETRIC.FEEDFORWARD.B0X_reg/A[29:0] is not pipelined. Pipelining DSP48 input will improve performance.
WARNING: [DRC DPIP-2] Input pipelining: DSP BLENDING.BLEND/GEN_BLENDING_CHANNELS[0].BLEND/HADC_MATCH_FILTER_1/MultA1_reg[DataIn] input BLENDING.BLEND/GEN_BLENDING_CHANNELS[0].BLEND/HADC_MATCH_FILTER_1/MultA1_reg[DataIn]/B[17:0] is not pipelined. Pipelining DSP48 input will improve performance.
WARNING: [DRC DPIP-2] Input pipelining: DSP BLENDING.BLEND/GEN_BLENDING_CHANNELS[0].BLEND/HADC_MATCH_FILTER_1/MultA2_reg[DataIn] input BLENDING.BLEND/GEN_BLENDING_CHANNELS[0].BLEND/HADC_MATCH_FILTER_1/MultA2_reg[DataIn]/B[17:0] is not pipelined. Pipelining DSP48 input will improve performance.
WARNING: [DRC DPIP-2] Input pipelining: DSP BLENDING.BLEND/GEN_BLENDING_CHANNELS[0].BLEND/HADC_MATCH_FILTER_2/MultA1_reg[DataIn] input BLENDING.BLEND/GEN_BLENDING_CHANNELS[0].BLEND/HADC_MATCH_FILTER_2/MultA1_reg[DataIn]/B[17:0] is not pipelined. Pipelining DSP48 input will improve performance.
WARNING: [DRC DPIP-2] Input pipelining: DSP BLENDING.BLEND/GEN_BLENDING_CHANNELS[0].BLEND/HADC_MATCH_FILTER_2/MultA2_reg[DataIn] input BLENDING.BLEND/GEN_BLENDING_CHANNELS[0].BLEND/HADC_MATCH_FILTER_2/MultA2_reg[DataIn]/B[17:0] is not pipelined. Pipelining DSP48 input will improve performance.
WARNING: [DRC DPIP-2] Input pipelining: DSP BLENDING.BLEND/GEN_BLENDING_CHANNELS[1].BLEND/ERROR_SIGNAL_FILTER/FeedForwardSum0 input BLENDING.BLEND/GEN_BLENDING_CHANNELS[1].BLEND/ERROR_SIGNAL_FILTER/FeedForwardSum0/A[29:0] is not pipelined. Pipelining DSP48 input will improve performance.
WARNING: [DRC DPIP-2] Input pipelining: DSP BLENDING.BLEND/GEN_BLENDING_CHANNELS[1].BLEND/ERROR_SIGNAL_FILTER/FeedbackSum1_reg input BLENDING.BLEND/GEN_BLENDING_CHANNELS[1].BLEND/ERROR_SIGNAL_FILTER/FeedbackSum1_reg/A[29:0] is not pipelined. Pipelining DSP48 input will improve performance.
WARNING: [DRC DPIP-2] Input pipelining: DSP BLENDING.BLEND/GEN_BLENDING_CHANNELS[1].BLEND/ERROR_SIGNAL_FILTER/FeedbackSum20 input BLENDING.BLEND/GEN_BLENDING_CHANNELS[1].BLEND/ERROR_SIGNAL_FILTER/FeedbackSum20/A[29:0] is not pipelined. Pipelining DSP48 input will improve performance.
WARNING: [DRC DPIP-2] Input pipelining: DSP BLENDING.BLEND/GEN_BLENDING_CHANNELS[1].BLEND/ERROR_SIGNAL_FILTER/NONSYMMETRIC.FEEDFORWARD.B0X_reg input BLENDING.BLEND/GEN_BLENDING_CHANNELS[1].BLEND/ERROR_SIGNAL_FILTER/NONSYMMETRIC.FEEDFORWARD.B0X_reg/A[29:0] is not pipelined. Pipelining DSP48 input will improve performance.
WARNING: [DRC DPIP-2] Input pipelining: DSP BLENDING.BLEND/GEN_BLENDING_CHANNELS[1].BLEND/HADC_MATCH_FILTER_1/MultA1_reg[DataIn] input BLENDING.BLEND/GEN_BLENDING_CHANNELS[1].BLEND/HADC_MATCH_FILTER_1/MultA1_reg[DataIn]/B[17:0] is not pipelined. Pipelining DSP48 input will improve performance.
WARNING: [DRC DPIP-2] Input pipelining: DSP BLENDING.BLEND/GEN_BLENDING_CHANNELS[1].BLEND/HADC_MATCH_FILTER_1/MultA2_reg[DataIn] input BLENDING.BLEND/GEN_BLENDING_CHANNELS[1].BLEND/HADC_MATCH_FILTER_1/MultA2_reg[DataIn]/B[17:0] is not pipelined. Pipelining DSP48 input will improve performance.
WARNING: [DRC DPIP-2] Input pipelining: DSP BLENDING.BLEND/GEN_BLENDING_CHANNELS[1].BLEND/HADC_MATCH_FILTER_2/MultA1_reg[DataIn] input BLENDING.BLEND/GEN_BLENDING_CHANNELS[1].BLEND/HADC_MATCH_FILTER_2/MultA1_reg[DataIn]/B[17:0] is not pipelined. Pipelining DSP48 input will improve performance.
WARNING: [DRC DPIP-2] Input pipelining: DSP BLENDING.BLEND/GEN_BLENDING_CHANNELS[1].BLEND/HADC_MATCH_FILTER_2/MultA2_reg[DataIn] input BLENDING.BLEND/GEN_BLENDING_CHANNELS[1].BLEND/HADC_MATCH_FILTER_2/MultA2_reg[DataIn]/B[17:0] is not pipelined. Pipelining DSP48 input will improve performance.
WARNING: [DRC DPIP-2] Input pipelining: DSP BLENDING.BLEND/GEN_BLENDING_CHANNELS[2].BLEND/ERROR_SIGNAL_FILTER/FeedForwardSum0 input BLENDING.BLEND/GEN_BLENDING_CHANNELS[2].BLEND/ERROR_SIGNAL_FILTER/FeedForwardSum0/A[29:0] is not pipelined. Pipelining DSP48 input will improve performance.
WARNING: [DRC DPIP-2] Input pipelining: DSP BLENDING.BLEND/GEN_BLENDING_CHANNELS[2].BLEND/ERROR_SIGNAL_FILTER/FeedbackSum1_reg input BLENDING.BLEND/GEN_BLENDING_CHANNELS[2].BLEND/ERROR_SIGNAL_FILTER/FeedbackSum1_reg/A[29:0] is not pipelined. Pipelining DSP48 input will improve performance.
WARNING: [DRC DPIP-2] Input pipelining: DSP BLENDING.BLEND/GEN_BLENDING_CHANNELS[2].BLEND/ERROR_SIGNAL_FILTER/FeedbackSum20 input BLENDING.BLEND/GEN_BLENDING_CHANNELS[2].BLEND/ERROR_SIGNAL_FILTER/FeedbackSum20/A[29:0] is not pipelined. Pipelining DSP48 input will improve performance.
WARNING: [DRC DPIP-2] Input pipelining: DSP BLENDING.BLEND/GEN_BLENDING_CHANNELS[2].BLEND/ERROR_SIGNAL_FILTER/NONSYMMETRIC.FEEDFORWARD.B0X_reg input BLENDING.BLEND/GEN_BLENDING_CHANNELS[2].BLEND/ERROR_SIGNAL_FILTER/NONSYMMETRIC.FEEDFORWARD.B0X_reg/A[29:0] is not pipelined. Pipelining DSP48 input will improve performance.
WARNING: [DRC DPIP-2] Input pipelining: DSP BLENDING.BLEND/GEN_BLENDING_CHANNELS[2].BLEND/HADC_MATCH_FILTER_1/MultA1_reg[DataIn] input BLENDING.BLEND/GEN_BLENDING_CHANNELS[2].BLEND/HADC_MATCH_FILTER_1/MultA1_reg[DataIn]/B[17:0] is not pipelined. Pipelining DSP48 input will improve performance.
WARNING: [DRC DPIP-2] Input pipelining: DSP BLENDING.BLEND/GEN_BLENDING_CHANNELS[2].BLEND/HADC_MATCH_FILTER_1/MultA2_reg[DataIn] input BLENDING.BLEND/GEN_BLENDING_CHANNELS[2].BLEND/HADC_MATCH_FILTER_1/MultA2_reg[DataIn]/B[17:0] is not pipelined. Pipelining DSP48 input will improve performance.
WARNING: [DRC DPIP-2] Input pipelining: DSP BLENDING.BLEND/GEN_BLENDING_CHANNELS[2].BLEND/HADC_MATCH_FILTER_2/MultA1_reg[DataIn] input BLENDING.BLEND/GEN_BLENDING_CHANNELS[2].BLEND/HADC_MATCH_FILTER_2/MultA1_reg[DataIn]/B[17:0] is not pipelined. Pipelining DSP48 input will improve performance.
WARNING: [DRC DPIP-2] Input pipelining: DSP BLENDING.BLEND/GEN_BLENDING_CHANNELS[2].BLEND/HADC_MATCH_FILTER_2/MultA2_reg[DataIn] input BLENDING.BLEND/GEN_BLENDING_CHANNELS[2].BLEND/HADC_MATCH_FILTER_2/MultA2_reg[DataIn]/B[17:0] is not pipelined. Pipelining DSP48 input will improve performance.
WARNING: [DRC DPIP-2] Input pipelining: DSP BLENDING.BLEND/GEN_BLENDING_CHANNELS[3].BLEND/ERROR_SIGNAL_FILTER/FeedForwardSum0 input BLENDING.BLEND/GEN_BLENDING_CHANNELS[3].BLEND/ERROR_SIGNAL_FILTER/FeedForwardSum0/A[29:0] is not pipelined. Pipelining DSP48 input will improve performance.
WARNING: [DRC DPIP-2] Input pipelining: DSP BLENDING.BLEND/GEN_BLENDING_CHANNELS[3].BLEND/ERROR_SIGNAL_FILTER/FeedbackSum1_reg input BLENDING.BLEND/GEN_BLENDING_CHANNELS[3].BLEND/ERROR_SIGNAL_FILTER/FeedbackSum1_reg/A[29:0] is not pipelined. Pipelining DSP48 input will improve performance.
WARNING: [DRC DPIP-2] Input pipelining: DSP BLENDING.BLEND/GEN_BLENDING_CHANNELS[3].BLEND/ERROR_SIGNAL_FILTER/FeedbackSum1_reg input BLENDING.BLEND/GEN_BLENDING_CHANNELS[3].BLEND/ERROR_SIGNAL_FILTER/FeedbackSum1_reg/C[47:0] is not pipelined. Pipelining DSP48 input will improve performance.
WARNING: [DRC DPIP-2] Input pipelining: DSP BLENDING.BLEND/GEN_BLENDING_CHANNELS[3].BLEND/ERROR_SIGNAL_FILTER/FeedbackSum20 input BLENDING.BLEND/GEN_BLENDING_CHANNELS[3].BLEND/ERROR_SIGNAL_FILTER/FeedbackSum20/A[29:0] is not pipelined. Pipelining DSP48 input will improve performance.
WARNING: [DRC DPIP-2] Input pipelining: DSP BLENDING.BLEND/GEN_BLENDING_CHANNELS[3].BLEND/ERROR_SIGNAL_FILTER/NONSYMMETRIC.FEEDFORWARD.B0X_reg input BLENDING.BLEND/GEN_BLENDING_CHANNELS[3].BLEND/ERROR_SIGNAL_FILTER/NONSYMMETRIC.FEEDFORWARD.B0X_reg/A[29:0] is not pipelined. Pipelining DSP48 input will improve performance.
WARNING: [DRC DPIP-2] Input pipelining: DSP BLENDING.BLEND/GEN_BLENDING_CHANNELS[3].BLEND/HADC_MATCH_FILTER_1/MultA1_reg[DataIn] input BLENDING.BLEND/GEN_BLENDING_CHANNELS[3].BLEND/HADC_MATCH_FILTER_1/MultA1_reg[DataIn]/B[17:0] is not pipelined. Pipelining DSP48 input will improve performance.
WARNING: [DRC DPIP-2] Input pipelining: DSP BLENDING.BLEND/GEN_BLENDING_CHANNELS[3].BLEND/HADC_MATCH_FILTER_1/MultA2_reg[DataIn] input BLENDING.BLEND/GEN_BLENDING_CHANNELS[3].BLEND/HADC_MATCH_FILTER_1/MultA2_reg[DataIn]/B[17:0] is not pipelined. Pipelining DSP48 input will improve performance.
WARNING: [DRC DPIP-2] Input pipelining: DSP BLENDING.BLEND/GEN_BLENDING_CHANNELS[3].BLEND/HADC_MATCH_FILTER_2/MultA1_reg[DataIn] input BLENDING.BLEND/GEN_BLENDING_CHANNELS[3].BLEND/HADC_MATCH_FILTER_2/MultA1_reg[DataIn]/B[17:0] is not pipelined. Pipelining DSP48 input will improve performance.
WARNING: [DRC DPIP-2] Input pipelining: DSP BLENDING.BLEND/GEN_BLENDING_CHANNELS[3].BLEND/HADC_MATCH_FILTER_2/MultA2_reg[DataIn] input BLENDING.BLEND/GEN_BLENDING_CHANNELS[3].BLEND/HADC_MATCH_FILTER_2/MultA2_reg[DataIn]/B[17:0] is not pipelined. Pipelining DSP48 input will improve performance.
WARNING: [DRC DPIP-2] Input pipelining: DSP INSTRS[1].INSTR_BLK.INSTR/DUT/U_NCO/r_pmod_accumulator1 input INSTRS[1].INSTR_BLK.INSTR/DUT/U_NCO/r_pmod_accumulator1/A[29:0] is not pipelined. Pipelining DSP48 input will improve performance.
WARNING: [DRC DPIP-2] Input pipelining: DSP LOW_SPEED_ADC/LADCS[0].SCALING/SO/DSP input LOW_SPEED_ADC/LADCS[0].SCALING/SO/DSP/A[29:0] is not pipelined. Pipelining DSP48 input will improve performance.
WARNING: [DRC DPIP-2] Input pipelining: DSP LOW_SPEED_ADC/LADCS[0].SCALING/SO/DSP input LOW_SPEED_ADC/LADCS[0].SCALING/SO/DSP/B[17:0] is not pipelined. Pipelining DSP48 input will improve performance.
WARNING: [DRC DPIP-2] Input pipelining: DSP LOW_SPEED_ADC/LADCS[1].SCALING/SO/DSP input LOW_SPEED_ADC/LADCS[1].SCALING/SO/DSP/A[29:0] is not pipelined. Pipelining DSP48 input will improve performance.
WARNING: [DRC DPIP-2] Input pipelining: DSP LOW_SPEED_ADC/LADCS[1].SCALING/SO/DSP input LOW_SPEED_ADC/LADCS[1].SCALING/SO/DSP/B[17:0] is not pipelined. Pipelining DSP48 input will improve performance.
WARNING: [DRC DPIP-2] Input pipelining: DSP LOW_SPEED_ADC/LADCS[2].SCALING/SO/DSP input LOW_SPEED_ADC/LADCS[2].SCALING/SO/DSP/A[29:0] is not pipelined. Pipelining DSP48 input will improve performance.
WARNING: [DRC DPIP-2] Input pipelining: DSP LOW_SPEED_ADC/LADCS[2].SCALING/SO/DSP input LOW_SPEED_ADC/LADCS[2].SCALING/SO/DSP/B[17:0] is not pipelined. Pipelining DSP48 input will improve performance.
WARNING: [DRC DPIP-2] Input pipelining: DSP LOW_SPEED_ADC/LADCS[3].SCALING/SO/DSP input LOW_SPEED_ADC/LADCS[3].SCALING/SO/DSP/A[29:0] is not pipelined. Pipelining DSP48 input will improve performance.
WARNING: [DRC DPIP-2] Input pipelining: DSP LOW_SPEED_ADC/LADCS[3].SCALING/SO/DSP input LOW_SPEED_ADC/LADCS[3].SCALING/SO/DSP/B[17:0] is not pipelined. Pipelining DSP48 input will improve performance.
WARNING: [DRC DPOP-3] PREG Output pipelining: DSP BLENDING.BLEND/GEN_BLENDING_CHANNELS[0].BLEND/ERROR_SIGNAL_FILTER/FeedForwardSum0 output BLENDING.BLEND/GEN_BLENDING_CHANNELS[0].BLEND/ERROR_SIGNAL_FILTER/FeedForwardSum0/P[47:0] is not pipelined (PREG=0). Pipelining the DSP48 output will improve performance and often saves power so it is suggested whenever possible to fully pipeline this function.  If this DSP48 function was inferred, it is suggested to describe an additional register stage after this function.  If the DSP48 was instantiated in the design, it is suggested to set the PREG attribute to 1.
WARNING: [DRC DPOP-3] PREG Output pipelining: DSP BLENDING.BLEND/GEN_BLENDING_CHANNELS[0].BLEND/ERROR_SIGNAL_FILTER/FeedbackSum20 output BLENDING.BLEND/GEN_BLENDING_CHANNELS[0].BLEND/ERROR_SIGNAL_FILTER/FeedbackSum20/P[47:0] is not pipelined (PREG=0). Pipelining the DSP48 output will improve performance and often saves power so it is suggested whenever possible to fully pipeline this function.  If this DSP48 function was inferred, it is suggested to describe an additional register stage after this function.  If the DSP48 was instantiated in the design, it is suggested to set the PREG attribute to 1.
WARNING: [DRC DPOP-3] PREG Output pipelining: DSP BLENDING.BLEND/GEN_BLENDING_CHANNELS[0].BLEND/HADC_MATCH_FILTER_1/ARG output BLENDING.BLEND/GEN_BLENDING_CHANNELS[0].BLEND/HADC_MATCH_FILTER_1/ARG/P[47:0] is not pipelined (PREG=0). Pipelining the DSP48 output will improve performance and often saves power so it is suggested whenever possible to fully pipeline this function.  If this DSP48 function was inferred, it is suggested to describe an additional register stage after this function.  If the DSP48 was instantiated in the design, it is suggested to set the PREG attribute to 1.
WARNING: [DRC DPOP-3] PREG Output pipelining: DSP BLENDING.BLEND/GEN_BLENDING_CHANNELS[0].BLEND/HADC_MATCH_FILTER_1/MultA1_reg[DataIn]0 output BLENDING.BLEND/GEN_BLENDING_CHANNELS[0].BLEND/HADC_MATCH_FILTER_1/MultA1_reg[DataIn]0/P[47:0] is not pipelined (PREG=0). Pipelining the DSP48 output will improve performance and often saves power so it is suggested whenever possible to fully pipeline this function.  If this DSP48 function was inferred, it is suggested to describe an additional register stage after this function.  If the DSP48 was instantiated in the design, it is suggested to set the PREG attribute to 1.
WARNING: [DRC DPOP-3] PREG Output pipelining: DSP BLENDING.BLEND/GEN_BLENDING_CHANNELS[0].BLEND/HADC_MATCH_FILTER_1/MultA2_reg[DataIn]0 output BLENDING.BLEND/GEN_BLENDING_CHANNELS[0].BLEND/HADC_MATCH_FILTER_1/MultA2_reg[DataIn]0/P[47:0] is not pipelined (PREG=0). Pipelining the DSP48 output will improve performance and often saves power so it is suggested whenever possible to fully pipeline this function.  If this DSP48 function was inferred, it is suggested to describe an additional register stage after this function.  If the DSP48 was instantiated in the design, it is suggested to set the PREG attribute to 1.
WARNING: [DRC DPOP-3] PREG Output pipelining: DSP BLENDING.BLEND/GEN_BLENDING_CHANNELS[0].BLEND/HADC_MATCH_FILTER_2/ARG output BLENDING.BLEND/GEN_BLENDING_CHANNELS[0].BLEND/HADC_MATCH_FILTER_2/ARG/P[47:0] is not pipelined (PREG=0). Pipelining the DSP48 output will improve performance and often saves power so it is suggested whenever possible to fully pipeline this function.  If this DSP48 function was inferred, it is suggested to describe an additional register stage after this function.  If the DSP48 was instantiated in the design, it is suggested to set the PREG attribute to 1.
WARNING: [DRC DPOP-3] PREG Output pipelining: DSP BLENDING.BLEND/GEN_BLENDING_CHANNELS[0].BLEND/HADC_MATCH_FILTER_2/MultA1_reg[DataIn]0 output BLENDING.BLEND/GEN_BLENDING_CHANNELS[0].BLEND/HADC_MATCH_FILTER_2/MultA1_reg[DataIn]0/P[47:0] is not pipelined (PREG=0). Pipelining the DSP48 output will improve performance and often saves power so it is suggested whenever possible to fully pipeline this function.  If this DSP48 function was inferred, it is suggested to describe an additional register stage after this function.  If the DSP48 was instantiated in the design, it is suggested to set the PREG attribute to 1.
WARNING: [DRC DPOP-3] PREG Output pipelining: DSP BLENDING.BLEND/GEN_BLENDING_CHANNELS[0].BLEND/HADC_MATCH_FILTER_2/MultA2_reg[DataIn]0 output BLENDING.BLEND/GEN_BLENDING_CHANNELS[0].BLEND/HADC_MATCH_FILTER_2/MultA2_reg[DataIn]0/P[47:0] is not pipelined (PREG=0). Pipelining the DSP48 output will improve performance and often saves power so it is suggested whenever possible to fully pipeline this function.  If this DSP48 function was inferred, it is suggested to describe an additional register stage after this function.  If the DSP48 was instantiated in the design, it is suggested to set the PREG attribute to 1.
WARNING: [DRC DPOP-3] PREG Output pipelining: DSP BLENDING.BLEND/GEN_BLENDING_CHANNELS[1].BLEND/ERROR_SIGNAL_FILTER/FeedForwardSum0 output BLENDING.BLEND/GEN_BLENDING_CHANNELS[1].BLEND/ERROR_SIGNAL_FILTER/FeedForwardSum0/P[47:0] is not pipelined (PREG=0). Pipelining the DSP48 output will improve performance and often saves power so it is suggested whenever possible to fully pipeline this function.  If this DSP48 function was inferred, it is suggested to describe an additional register stage after this function.  If the DSP48 was instantiated in the design, it is suggested to set the PREG attribute to 1.
WARNING: [DRC DPOP-3] PREG Output pipelining: DSP BLENDING.BLEND/GEN_BLENDING_CHANNELS[1].BLEND/ERROR_SIGNAL_FILTER/FeedbackSum20 output BLENDING.BLEND/GEN_BLENDING_CHANNELS[1].BLEND/ERROR_SIGNAL_FILTER/FeedbackSum20/P[47:0] is not pipelined (PREG=0). Pipelining the DSP48 output will improve performance and often saves power so it is suggested whenever possible to fully pipeline this function.  If this DSP48 function was inferred, it is suggested to describe an additional register stage after this function.  If the DSP48 was instantiated in the design, it is suggested to set the PREG attribute to 1.
WARNING: [DRC DPOP-3] PREG Output pipelining: DSP BLENDING.BLEND/GEN_BLENDING_CHANNELS[1].BLEND/HADC_MATCH_FILTER_1/ARG output BLENDING.BLEND/GEN_BLENDING_CHANNELS[1].BLEND/HADC_MATCH_FILTER_1/ARG/P[47:0] is not pipelined (PREG=0). Pipelining the DSP48 output will improve performance and often saves power so it is suggested whenever possible to fully pipeline this function.  If this DSP48 function was inferred, it is suggested to describe an additional register stage after this function.  If the DSP48 was instantiated in the design, it is suggested to set the PREG attribute to 1.
WARNING: [DRC DPOP-3] PREG Output pipelining: DSP BLENDING.BLEND/GEN_BLENDING_CHANNELS[1].BLEND/HADC_MATCH_FILTER_1/MultA1_reg[DataIn]0 output BLENDING.BLEND/GEN_BLENDING_CHANNELS[1].BLEND/HADC_MATCH_FILTER_1/MultA1_reg[DataIn]0/P[47:0] is not pipelined (PREG=0). Pipelining the DSP48 output will improve performance and often saves power so it is suggested whenever possible to fully pipeline this function.  If this DSP48 function was inferred, it is suggested to describe an additional register stage after this function.  If the DSP48 was instantiated in the design, it is suggested to set the PREG attribute to 1.
WARNING: [DRC DPOP-3] PREG Output pipelining: DSP BLENDING.BLEND/GEN_BLENDING_CHANNELS[1].BLEND/HADC_MATCH_FILTER_1/MultA2_reg[DataIn]0 output BLENDING.BLEND/GEN_BLENDING_CHANNELS[1].BLEND/HADC_MATCH_FILTER_1/MultA2_reg[DataIn]0/P[47:0] is not pipelined (PREG=0). Pipelining the DSP48 output will improve performance and often saves power so it is suggested whenever possible to fully pipeline this function.  If this DSP48 function was inferred, it is suggested to describe an additional register stage after this function.  If the DSP48 was instantiated in the design, it is suggested to set the PREG attribute to 1.
WARNING: [DRC DPOP-3] PREG Output pipelining: DSP BLENDING.BLEND/GEN_BLENDING_CHANNELS[1].BLEND/HADC_MATCH_FILTER_2/ARG output BLENDING.BLEND/GEN_BLENDING_CHANNELS[1].BLEND/HADC_MATCH_FILTER_2/ARG/P[47:0] is not pipelined (PREG=0). Pipelining the DSP48 output will improve performance and often saves power so it is suggested whenever possible to fully pipeline this function.  If this DSP48 function was inferred, it is suggested to describe an additional register stage after this function.  If the DSP48 was instantiated in the design, it is suggested to set the PREG attribute to 1.
WARNING: [DRC DPOP-3] PREG Output pipelining: DSP BLENDING.BLEND/GEN_BLENDING_CHANNELS[1].BLEND/HADC_MATCH_FILTER_2/MultA1_reg[DataIn]0 output BLENDING.BLEND/GEN_BLENDING_CHANNELS[1].BLEND/HADC_MATCH_FILTER_2/MultA1_reg[DataIn]0/P[47:0] is not pipelined (PREG=0). Pipelining the DSP48 output will improve performance and often saves power so it is suggested whenever possible to fully pipeline this function.  If this DSP48 function was inferred, it is suggested to describe an additional register stage after this function.  If the DSP48 was instantiated in the design, it is suggested to set the PREG attribute to 1.
WARNING: [DRC DPOP-3] PREG Output pipelining: DSP BLENDING.BLEND/GEN_BLENDING_CHANNELS[1].BLEND/HADC_MATCH_FILTER_2/MultA2_reg[DataIn]0 output BLENDING.BLEND/GEN_BLENDING_CHANNELS[1].BLEND/HADC_MATCH_FILTER_2/MultA2_reg[DataIn]0/P[47:0] is not pipelined (PREG=0). Pipelining the DSP48 output will improve performance and often saves power so it is suggested whenever possible to fully pipeline this function.  If this DSP48 function was inferred, it is suggested to describe an additional register stage after this function.  If the DSP48 was instantiated in the design, it is suggested to set the PREG attribute to 1.
WARNING: [DRC DPOP-3] PREG Output pipelining: DSP BLENDING.BLEND/GEN_BLENDING_CHANNELS[2].BLEND/ERROR_SIGNAL_FILTER/FeedForwardSum0 output BLENDING.BLEND/GEN_BLENDING_CHANNELS[2].BLEND/ERROR_SIGNAL_FILTER/FeedForwardSum0/P[47:0] is not pipelined (PREG=0). Pipelining the DSP48 output will improve performance and often saves power so it is suggested whenever possible to fully pipeline this function.  If this DSP48 function was inferred, it is suggested to describe an additional register stage after this function.  If the DSP48 was instantiated in the design, it is suggested to set the PREG attribute to 1.
WARNING: [DRC DPOP-3] PREG Output pipelining: DSP BLENDING.BLEND/GEN_BLENDING_CHANNELS[2].BLEND/ERROR_SIGNAL_FILTER/FeedbackSum20 output BLENDING.BLEND/GEN_BLENDING_CHANNELS[2].BLEND/ERROR_SIGNAL_FILTER/FeedbackSum20/P[47:0] is not pipelined (PREG=0). Pipelining the DSP48 output will improve performance and often saves power so it is suggested whenever possible to fully pipeline this function.  If this DSP48 function was inferred, it is suggested to describe an additional register stage after this function.  If the DSP48 was instantiated in the design, it is suggested to set the PREG attribute to 1.
WARNING: [DRC DPOP-3] PREG Output pipelining: DSP BLENDING.BLEND/GEN_BLENDING_CHANNELS[2].BLEND/HADC_MATCH_FILTER_1/ARG output BLENDING.BLEND/GEN_BLENDING_CHANNELS[2].BLEND/HADC_MATCH_FILTER_1/ARG/P[47:0] is not pipelined (PREG=0). Pipelining the DSP48 output will improve performance and often saves power so it is suggested whenever possible to fully pipeline this function.  If this DSP48 function was inferred, it is suggested to describe an additional register stage after this function.  If the DSP48 was instantiated in the design, it is suggested to set the PREG attribute to 1.
WARNING: [DRC DPOP-3] PREG Output pipelining: DSP BLENDING.BLEND/GEN_BLENDING_CHANNELS[2].BLEND/HADC_MATCH_FILTER_1/MultA1_reg[DataIn]0 output BLENDING.BLEND/GEN_BLENDING_CHANNELS[2].BLEND/HADC_MATCH_FILTER_1/MultA1_reg[DataIn]0/P[47:0] is not pipelined (PREG=0). Pipelining the DSP48 output will improve performance and often saves power so it is suggested whenever possible to fully pipeline this function.  If this DSP48 function was inferred, it is suggested to describe an additional register stage after this function.  If the DSP48 was instantiated in the design, it is suggested to set the PREG attribute to 1.
WARNING: [DRC DPOP-3] PREG Output pipelining: DSP BLENDING.BLEND/GEN_BLENDING_CHANNELS[2].BLEND/HADC_MATCH_FILTER_1/MultA2_reg[DataIn]0 output BLENDING.BLEND/GEN_BLENDING_CHANNELS[2].BLEND/HADC_MATCH_FILTER_1/MultA2_reg[DataIn]0/P[47:0] is not pipelined (PREG=0). Pipelining the DSP48 output will improve performance and often saves power so it is suggested whenever possible to fully pipeline this function.  If this DSP48 function was inferred, it is suggested to describe an additional register stage after this function.  If the DSP48 was instantiated in the design, it is suggested to set the PREG attribute to 1.
WARNING: [DRC DPOP-3] PREG Output pipelining: DSP BLENDING.BLEND/GEN_BLENDING_CHANNELS[2].BLEND/HADC_MATCH_FILTER_2/ARG output BLENDING.BLEND/GEN_BLENDING_CHANNELS[2].BLEND/HADC_MATCH_FILTER_2/ARG/P[47:0] is not pipelined (PREG=0). Pipelining the DSP48 output will improve performance and often saves power so it is suggested whenever possible to fully pipeline this function.  If this DSP48 function was inferred, it is suggested to describe an additional register stage after this function.  If the DSP48 was instantiated in the design, it is suggested to set the PREG attribute to 1.
WARNING: [DRC DPOP-3] PREG Output pipelining: DSP BLENDING.BLEND/GEN_BLENDING_CHANNELS[2].BLEND/HADC_MATCH_FILTER_2/MultA1_reg[DataIn]0 output BLENDING.BLEND/GEN_BLENDING_CHANNELS[2].BLEND/HADC_MATCH_FILTER_2/MultA1_reg[DataIn]0/P[47:0] is not pipelined (PREG=0). Pipelining the DSP48 output will improve performance and often saves power so it is suggested whenever possible to fully pipeline this function.  If this DSP48 function was inferred, it is suggested to describe an additional register stage after this function.  If the DSP48 was instantiated in the design, it is suggested to set the PREG attribute to 1.
WARNING: [DRC DPOP-3] PREG Output pipelining: DSP BLENDING.BLEND/GEN_BLENDING_CHANNELS[2].BLEND/HADC_MATCH_FILTER_2/MultA2_reg[DataIn]0 output BLENDING.BLEND/GEN_BLENDING_CHANNELS[2].BLEND/HADC_MATCH_FILTER_2/MultA2_reg[DataIn]0/P[47:0] is not pipelined (PREG=0). Pipelining the DSP48 output will improve performance and often saves power so it is suggested whenever possible to fully pipeline this function.  If this DSP48 function was inferred, it is suggested to describe an additional register stage after this function.  If the DSP48 was instantiated in the design, it is suggested to set the PREG attribute to 1.
WARNING: [DRC DPOP-3] PREG Output pipelining: DSP BLENDING.BLEND/GEN_BLENDING_CHANNELS[3].BLEND/ERROR_SIGNAL_FILTER/FeedForwardSum0 output BLENDING.BLEND/GEN_BLENDING_CHANNELS[3].BLEND/ERROR_SIGNAL_FILTER/FeedForwardSum0/P[47:0] is not pipelined (PREG=0). Pipelining the DSP48 output will improve performance and often saves power so it is suggested whenever possible to fully pipeline this function.  If this DSP48 function was inferred, it is suggested to describe an additional register stage after this function.  If the DSP48 was instantiated in the design, it is suggested to set the PREG attribute to 1.
WARNING: [DRC DPOP-3] PREG Output pipelining: DSP BLENDING.BLEND/GEN_BLENDING_CHANNELS[3].BLEND/ERROR_SIGNAL_FILTER/FeedbackSum20 output BLENDING.BLEND/GEN_BLENDING_CHANNELS[3].BLEND/ERROR_SIGNAL_FILTER/FeedbackSum20/P[47:0] is not pipelined (PREG=0). Pipelining the DSP48 output will improve performance and often saves power so it is suggested whenever possible to fully pipeline this function.  If this DSP48 function was inferred, it is suggested to describe an additional register stage after this function.  If the DSP48 was instantiated in the design, it is suggested to set the PREG attribute to 1.
WARNING: [DRC DPOP-3] PREG Output pipelining: DSP BLENDING.BLEND/GEN_BLENDING_CHANNELS[3].BLEND/HADC_MATCH_FILTER_1/ARG output BLENDING.BLEND/GEN_BLENDING_CHANNELS[3].BLEND/HADC_MATCH_FILTER_1/ARG/P[47:0] is not pipelined (PREG=0). Pipelining the DSP48 output will improve performance and often saves power so it is suggested whenever possible to fully pipeline this function.  If this DSP48 function was inferred, it is suggested to describe an additional register stage after this function.  If the DSP48 was instantiated in the design, it is suggested to set the PREG attribute to 1.
WARNING: [DRC DPOP-3] PREG Output pipelining: DSP BLENDING.BLEND/GEN_BLENDING_CHANNELS[3].BLEND/HADC_MATCH_FILTER_1/MultA1_reg[DataIn]0 output BLENDING.BLEND/GEN_BLENDING_CHANNELS[3].BLEND/HADC_MATCH_FILTER_1/MultA1_reg[DataIn]0/P[47:0] is not pipelined (PREG=0). Pipelining the DSP48 output will improve performance and often saves power so it is suggested whenever possible to fully pipeline this function.  If this DSP48 function was inferred, it is suggested to describe an additional register stage after this function.  If the DSP48 was instantiated in the design, it is suggested to set the PREG attribute to 1.
WARNING: [DRC DPOP-3] PREG Output pipelining: DSP BLENDING.BLEND/GEN_BLENDING_CHANNELS[3].BLEND/HADC_MATCH_FILTER_1/MultA2_reg[DataIn]0 output BLENDING.BLEND/GEN_BLENDING_CHANNELS[3].BLEND/HADC_MATCH_FILTER_1/MultA2_reg[DataIn]0/P[47:0] is not pipelined (PREG=0). Pipelining the DSP48 output will improve performance and often saves power so it is suggested whenever possible to fully pipeline this function.  If this DSP48 function was inferred, it is suggested to describe an additional register stage after this function.  If the DSP48 was instantiated in the design, it is suggested to set the PREG attribute to 1.
WARNING: [DRC DPOP-3] PREG Output pipelining: DSP BLENDING.BLEND/GEN_BLENDING_CHANNELS[3].BLEND/HADC_MATCH_FILTER_2/ARG output BLENDING.BLEND/GEN_BLENDING_CHANNELS[3].BLEND/HADC_MATCH_FILTER_2/ARG/P[47:0] is not pipelined (PREG=0). Pipelining the DSP48 output will improve performance and often saves power so it is suggested whenever possible to fully pipeline this function.  If this DSP48 function was inferred, it is suggested to describe an additional register stage after this function.  If the DSP48 was instantiated in the design, it is suggested to set the PREG attribute to 1.
WARNING: [DRC DPOP-3] PREG Output pipelining: DSP BLENDING.BLEND/GEN_BLENDING_CHANNELS[3].BLEND/HADC_MATCH_FILTER_2/MultA1_reg[DataIn]0 output BLENDING.BLEND/GEN_BLENDING_CHANNELS[3].BLEND/HADC_MATCH_FILTER_2/MultA1_reg[DataIn]0/P[47:0] is not pipelined (PREG=0). Pipelining the DSP48 output will improve performance and often saves power so it is suggested whenever possible to fully pipeline this function.  If this DSP48 function was inferred, it is suggested to describe an additional register stage after this function.  If the DSP48 was instantiated in the design, it is suggested to set the PREG attribute to 1.
WARNING: [DRC DPOP-3] PREG Output pipelining: DSP BLENDING.BLEND/GEN_BLENDING_CHANNELS[3].BLEND/HADC_MATCH_FILTER_2/MultA2_reg[DataIn]0 output BLENDING.BLEND/GEN_BLENDING_CHANNELS[3].BLEND/HADC_MATCH_FILTER_2/MultA2_reg[DataIn]0/P[47:0] is not pipelined (PREG=0). Pipelining the DSP48 output will improve performance and often saves power so it is suggested whenever possible to fully pipeline this function.  If this DSP48 function was inferred, it is suggested to describe an additional register stage after this function.  If the DSP48 was instantiated in the design, it is suggested to set the PREG attribute to 1.
WARNING: [DRC DPOP-3] PREG Output pipelining: DSP INSTRS[0].INSTR_BLK.INSTR/DUT/U_NCO/v_frequency_reg_reg output INSTRS[0].INSTR_BLK.INSTR/DUT/U_NCO/v_frequency_reg_reg/P[47:0] is not pipelined (PREG=0). Pipelining the DSP48 output will improve performance and often saves power so it is suggested whenever possible to fully pipeline this function.  If this DSP48 function was inferred, it is suggested to describe an additional register stage after this function.  If the DSP48 was instantiated in the design, it is suggested to set the PREG attribute to 1.
WARNING: [DRC DPOP-3] PREG Output pipelining: DSP INSTRS[1].INSTR_BLK.INSTR/DUT/U_NCO/r_pmod_accumulator1 output INSTRS[1].INSTR_BLK.INSTR/DUT/U_NCO/r_pmod_accumulator1/P[47:0] is not pipelined (PREG=0). Pipelining the DSP48 output will improve performance and often saves power so it is suggested whenever possible to fully pipeline this function.  If this DSP48 function was inferred, it is suggested to describe an additional register stage after this function.  If the DSP48 was instantiated in the design, it is suggested to set the PREG attribute to 1.
WARNING: [DRC DPOP-3] PREG Output pipelining: DSP INSTRS[1].INSTR_BLK.INSTR/DUT/U_NCO/v_frequency_reg_reg output INSTRS[1].INSTR_BLK.INSTR/DUT/U_NCO/v_frequency_reg_reg/P[47:0] is not pipelined (PREG=0). Pipelining the DSP48 output will improve performance and often saves power so it is suggested whenever possible to fully pipeline this function.  If this DSP48 function was inferred, it is suggested to describe an additional register stage after this function.  If the DSP48 was instantiated in the design, it is suggested to set the PREG attribute to 1.
WARNING: [DRC DPOP-3] PREG Output pipelining: DSP INSTRS[2].INSTR_BLK.INSTR/DUT/U_NCO/v_frequency_reg_reg output INSTRS[2].INSTR_BLK.INSTR/DUT/U_NCO/v_frequency_reg_reg/P[47:0] is not pipelined (PREG=0). Pipelining the DSP48 output will improve performance and often saves power so it is suggested whenever possible to fully pipeline this function.  If this DSP48 function was inferred, it is suggested to describe an additional register stage after this function.  If the DSP48 was instantiated in the design, it is suggested to set the PREG attribute to 1.
WARNING: [DRC DPOP-3] PREG Output pipelining: DSP INSTRS[3].INSTR_BLK.INSTR/DUT/U_NCO/v_frequency_reg_reg output INSTRS[3].INSTR_BLK.INSTR/DUT/U_NCO/v_frequency_reg_reg/P[47:0] is not pipelined (PREG=0). Pipelining the DSP48 output will improve performance and often saves power so it is suggested whenever possible to fully pipeline this function.  If this DSP48 function was inferred, it is suggested to describe an additional register stage after this function.  If the DSP48 was instantiated in the design, it is suggested to set the PREG attribute to 1.
WARNING: [DRC DPOP-3] PREG Output pipelining: DSP LOW_SPEED_ADC/LADCS[0].SCALING/SO/DSP output LOW_SPEED_ADC/LADCS[0].SCALING/SO/DSP/PATTERNBDETECT is not pipelined (PREG=0). Pipelining the DSP48 output will improve performance and often saves power so it is suggested whenever possible to fully pipeline this function.  If this DSP48 function was inferred, it is suggested to describe an additional register stage after this function.  If the DSP48 was instantiated in the design, it is suggested to set the PREG attribute to 1.
WARNING: [DRC DPOP-3] PREG Output pipelining: DSP LOW_SPEED_ADC/LADCS[0].SCALING/SO/DSP output LOW_SPEED_ADC/LADCS[0].SCALING/SO/DSP/PATTERNDETECT is not pipelined (PREG=0). Pipelining the DSP48 output will improve performance and often saves power so it is suggested whenever possible to fully pipeline this function.  If this DSP48 function was inferred, it is suggested to describe an additional register stage after this function.  If the DSP48 was instantiated in the design, it is suggested to set the PREG attribute to 1.
WARNING: [DRC DPOP-3] PREG Output pipelining: DSP LOW_SPEED_ADC/LADCS[0].SCALING/SO/DSP output LOW_SPEED_ADC/LADCS[0].SCALING/SO/DSP/P[47:0] is not pipelined (PREG=0). Pipelining the DSP48 output will improve performance and often saves power so it is suggested whenever possible to fully pipeline this function.  If this DSP48 function was inferred, it is suggested to describe an additional register stage after this function.  If the DSP48 was instantiated in the design, it is suggested to set the PREG attribute to 1.
WARNING: [DRC DPOP-3] PREG Output pipelining: DSP LOW_SPEED_ADC/LADCS[1].SCALING/SO/DSP output LOW_SPEED_ADC/LADCS[1].SCALING/SO/DSP/PATTERNBDETECT is not pipelined (PREG=0). Pipelining the DSP48 output will improve performance and often saves power so it is suggested whenever possible to fully pipeline this function.  If this DSP48 function was inferred, it is suggested to describe an additional register stage after this function.  If the DSP48 was instantiated in the design, it is suggested to set the PREG attribute to 1.
WARNING: [DRC DPOP-3] PREG Output pipelining: DSP LOW_SPEED_ADC/LADCS[1].SCALING/SO/DSP output LOW_SPEED_ADC/LADCS[1].SCALING/SO/DSP/PATTERNDETECT is not pipelined (PREG=0). Pipelining the DSP48 output will improve performance and often saves power so it is suggested whenever possible to fully pipeline this function.  If this DSP48 function was inferred, it is suggested to describe an additional register stage after this function.  If the DSP48 was instantiated in the design, it is suggested to set the PREG attribute to 1.
WARNING: [DRC DPOP-3] PREG Output pipelining: DSP LOW_SPEED_ADC/LADCS[1].SCALING/SO/DSP output LOW_SPEED_ADC/LADCS[1].SCALING/SO/DSP/P[47:0] is not pipelined (PREG=0). Pipelining the DSP48 output will improve performance and often saves power so it is suggested whenever possible to fully pipeline this function.  If this DSP48 function was inferred, it is suggested to describe an additional register stage after this function.  If the DSP48 was instantiated in the design, it is suggested to set the PREG attribute to 1.
WARNING: [DRC DPOP-3] PREG Output pipelining: DSP LOW_SPEED_ADC/LADCS[2].SCALING/SO/DSP output LOW_SPEED_ADC/LADCS[2].SCALING/SO/DSP/PATTERNBDETECT is not pipelined (PREG=0). Pipelining the DSP48 output will improve performance and often saves power so it is suggested whenever possible to fully pipeline this function.  If this DSP48 function was inferred, it is suggested to describe an additional register stage after this function.  If the DSP48 was instantiated in the design, it is suggested to set the PREG attribute to 1.
WARNING: [DRC DPOP-3] PREG Output pipelining: DSP LOW_SPEED_ADC/LADCS[2].SCALING/SO/DSP output LOW_SPEED_ADC/LADCS[2].SCALING/SO/DSP/PATTERNDETECT is not pipelined (PREG=0). Pipelining the DSP48 output will improve performance and often saves power so it is suggested whenever possible to fully pipeline this function.  If this DSP48 function was inferred, it is suggested to describe an additional register stage after this function.  If the DSP48 was instantiated in the design, it is suggested to set the PREG attribute to 1.
WARNING: [DRC DPOP-3] PREG Output pipelining: DSP LOW_SPEED_ADC/LADCS[2].SCALING/SO/DSP output LOW_SPEED_ADC/LADCS[2].SCALING/SO/DSP/P[47:0] is not pipelined (PREG=0). Pipelining the DSP48 output will improve performance and often saves power so it is suggested whenever possible to fully pipeline this function.  If this DSP48 function was inferred, it is suggested to describe an additional register stage after this function.  If the DSP48 was instantiated in the design, it is suggested to set the PREG attribute to 1.
WARNING: [DRC DPOP-3] PREG Output pipelining: DSP LOW_SPEED_ADC/LADCS[3].SCALING/SO/DSP output LOW_SPEED_ADC/LADCS[3].SCALING/SO/DSP/PATTERNBDETECT is not pipelined (PREG=0). Pipelining the DSP48 output will improve performance and often saves power so it is suggested whenever possible to fully pipeline this function.  If this DSP48 function was inferred, it is suggested to describe an additional register stage after this function.  If the DSP48 was instantiated in the design, it is suggested to set the PREG attribute to 1.
WARNING: [DRC DPOP-3] PREG Output pipelining: DSP LOW_SPEED_ADC/LADCS[3].SCALING/SO/DSP output LOW_SPEED_ADC/LADCS[3].SCALING/SO/DSP/PATTERNDETECT is not pipelined (PREG=0). Pipelining the DSP48 output will improve performance and often saves power so it is suggested whenever possible to fully pipeline this function.  If this DSP48 function was inferred, it is suggested to describe an additional register stage after this function.  If the DSP48 was instantiated in the design, it is suggested to set the PREG attribute to 1.
WARNING: [DRC DPOP-3] PREG Output pipelining: DSP LOW_SPEED_ADC/LADCS[3].SCALING/SO/DSP output LOW_SPEED_ADC/LADCS[3].SCALING/SO/DSP/P[47:0] is not pipelined (PREG=0). Pipelining the DSP48 output will improve performance and often saves power so it is suggested whenever possible to fully pipeline this function.  If this DSP48 function was inferred, it is suggested to describe an additional register stage after this function.  If the DSP48 was instantiated in the design, it is suggested to set the PREG attribute to 1.
WARNING: [DRC DPOP-4] MREG Output pipelining: DSP BLENDING.BLEND/GEN_BLENDING_CHANNELS[0].BLEND/HADC_MATCH_FILTER_1/ARG multiplier stage BLENDING.BLEND/GEN_BLENDING_CHANNELS[0].BLEND/HADC_MATCH_FILTER_1/ARG/P[47:0] is not pipelined (MREG=0). Pipelining the multiplier function will improve performance and will save significant power so it is suggested whenever possible to fully pipeline this function.  If this multiplier was inferred, it is suggested to describe an additional register stage after this function.  If there is no registered adder/accumulator following the multiply function, two pipeline stages are suggested to allow both the MREG and PREG registers to be used.  If the DSP48 was instantiated in the design, it is suggested to set both the MREG and PREG attributes to 1 when performing multiply functions.
WARNING: [DRC DPOP-4] MREG Output pipelining: DSP BLENDING.BLEND/GEN_BLENDING_CHANNELS[0].BLEND/HADC_MATCH_FILTER_1/ARG__0 multiplier stage BLENDING.BLEND/GEN_BLENDING_CHANNELS[0].BLEND/HADC_MATCH_FILTER_1/ARG__0/P[47:0] is not pipelined (MREG=0). Pipelining the multiplier function will improve performance and will save significant power so it is suggested whenever possible to fully pipeline this function.  If this multiplier was inferred, it is suggested to describe an additional register stage after this function.  If there is no registered adder/accumulator following the multiply function, two pipeline stages are suggested to allow both the MREG and PREG registers to be used.  If the DSP48 was instantiated in the design, it is suggested to set both the MREG and PREG attributes to 1 when performing multiply functions.
WARNING: [DRC DPOP-4] MREG Output pipelining: DSP BLENDING.BLEND/GEN_BLENDING_CHANNELS[0].BLEND/HADC_MATCH_FILTER_1/MultA1_reg[DataIn] multiplier stage BLENDING.BLEND/GEN_BLENDING_CHANNELS[0].BLEND/HADC_MATCH_FILTER_1/MultA1_reg[DataIn]/P[47:0] is not pipelined (MREG=0). Pipelining the multiplier function will improve performance and will save significant power so it is suggested whenever possible to fully pipeline this function.  If this multiplier was inferred, it is suggested to describe an additional register stage after this function.  If there is no registered adder/accumulator following the multiply function, two pipeline stages are suggested to allow both the MREG and PREG registers to be used.  If the DSP48 was instantiated in the design, it is suggested to set both the MREG and PREG attributes to 1 when performing multiply functions.
WARNING: [DRC DPOP-4] MREG Output pipelining: DSP BLENDING.BLEND/GEN_BLENDING_CHANNELS[0].BLEND/HADC_MATCH_FILTER_1/MultA1_reg[DataIn]0 multiplier stage BLENDING.BLEND/GEN_BLENDING_CHANNELS[0].BLEND/HADC_MATCH_FILTER_1/MultA1_reg[DataIn]0/P[47:0] is not pipelined (MREG=0). Pipelining the multiplier function will improve performance and will save significant power so it is suggested whenever possible to fully pipeline this function.  If this multiplier was inferred, it is suggested to describe an additional register stage after this function.  If there is no registered adder/accumulator following the multiply function, two pipeline stages are suggested to allow both the MREG and PREG registers to be used.  If the DSP48 was instantiated in the design, it is suggested to set both the MREG and PREG attributes to 1 when performing multiply functions.
WARNING: [DRC DPOP-4] MREG Output pipelining: DSP BLENDING.BLEND/GEN_BLENDING_CHANNELS[0].BLEND/HADC_MATCH_FILTER_1/MultA2_reg[DataIn] multiplier stage BLENDING.BLEND/GEN_BLENDING_CHANNELS[0].BLEND/HADC_MATCH_FILTER_1/MultA2_reg[DataIn]/P[47:0] is not pipelined (MREG=0). Pipelining the multiplier function will improve performance and will save significant power so it is suggested whenever possible to fully pipeline this function.  If this multiplier was inferred, it is suggested to describe an additional register stage after this function.  If there is no registered adder/accumulator following the multiply function, two pipeline stages are suggested to allow both the MREG and PREG registers to be used.  If the DSP48 was instantiated in the design, it is suggested to set both the MREG and PREG attributes to 1 when performing multiply functions.
WARNING: [DRC DPOP-4] MREG Output pipelining: DSP BLENDING.BLEND/GEN_BLENDING_CHANNELS[0].BLEND/HADC_MATCH_FILTER_1/MultA2_reg[DataIn]0 multiplier stage BLENDING.BLEND/GEN_BLENDING_CHANNELS[0].BLEND/HADC_MATCH_FILTER_1/MultA2_reg[DataIn]0/P[47:0] is not pipelined (MREG=0). Pipelining the multiplier function will improve performance and will save significant power so it is suggested whenever possible to fully pipeline this function.  If this multiplier was inferred, it is suggested to describe an additional register stage after this function.  If there is no registered adder/accumulator following the multiply function, two pipeline stages are suggested to allow both the MREG and PREG registers to be used.  If the DSP48 was instantiated in the design, it is suggested to set both the MREG and PREG attributes to 1 when performing multiply functions.
WARNING: [DRC DPOP-4] MREG Output pipelining: DSP BLENDING.BLEND/GEN_BLENDING_CHANNELS[0].BLEND/HADC_MATCH_FILTER_2/ARG multiplier stage BLENDING.BLEND/GEN_BLENDING_CHANNELS[0].BLEND/HADC_MATCH_FILTER_2/ARG/P[47:0] is not pipelined (MREG=0). Pipelining the multiplier function will improve performance and will save significant power so it is suggested whenever possible to fully pipeline this function.  If this multiplier was inferred, it is suggested to describe an additional register stage after this function.  If there is no registered adder/accumulator following the multiply function, two pipeline stages are suggested to allow both the MREG and PREG registers to be used.  If the DSP48 was instantiated in the design, it is suggested to set both the MREG and PREG attributes to 1 when performing multiply functions.
WARNING: [DRC DPOP-4] MREG Output pipelining: DSP BLENDING.BLEND/GEN_BLENDING_CHANNELS[0].BLEND/HADC_MATCH_FILTER_2/ARG__0 multiplier stage BLENDING.BLEND/GEN_BLENDING_CHANNELS[0].BLEND/HADC_MATCH_FILTER_2/ARG__0/P[47:0] is not pipelined (MREG=0). Pipelining the multiplier function will improve performance and will save significant power so it is suggested whenever possible to fully pipeline this function.  If this multiplier was inferred, it is suggested to describe an additional register stage after this function.  If there is no registered adder/accumulator following the multiply function, two pipeline stages are suggested to allow both the MREG and PREG registers to be used.  If the DSP48 was instantiated in the design, it is suggested to set both the MREG and PREG attributes to 1 when performing multiply functions.
WARNING: [DRC DPOP-4] MREG Output pipelining: DSP BLENDING.BLEND/GEN_BLENDING_CHANNELS[0].BLEND/HADC_MATCH_FILTER_2/MultA1_reg[DataIn] multiplier stage BLENDING.BLEND/GEN_BLENDING_CHANNELS[0].BLEND/HADC_MATCH_FILTER_2/MultA1_reg[DataIn]/P[47:0] is not pipelined (MREG=0). Pipelining the multiplier function will improve performance and will save significant power so it is suggested whenever possible to fully pipeline this function.  If this multiplier was inferred, it is suggested to describe an additional register stage after this function.  If there is no registered adder/accumulator following the multiply function, two pipeline stages are suggested to allow both the MREG and PREG registers to be used.  If the DSP48 was instantiated in the design, it is suggested to set both the MREG and PREG attributes to 1 when performing multiply functions.
WARNING: [DRC DPOP-4] MREG Output pipelining: DSP BLENDING.BLEND/GEN_BLENDING_CHANNELS[0].BLEND/HADC_MATCH_FILTER_2/MultA1_reg[DataIn]0 multiplier stage BLENDING.BLEND/GEN_BLENDING_CHANNELS[0].BLEND/HADC_MATCH_FILTER_2/MultA1_reg[DataIn]0/P[47:0] is not pipelined (MREG=0). Pipelining the multiplier function will improve performance and will save significant power so it is suggested whenever possible to fully pipeline this function.  If this multiplier was inferred, it is suggested to describe an additional register stage after this function.  If there is no registered adder/accumulator following the multiply function, two pipeline stages are suggested to allow both the MREG and PREG registers to be used.  If the DSP48 was instantiated in the design, it is suggested to set both the MREG and PREG attributes to 1 when performing multiply functions.
WARNING: [DRC DPOP-4] MREG Output pipelining: DSP BLENDING.BLEND/GEN_BLENDING_CHANNELS[0].BLEND/HADC_MATCH_FILTER_2/MultA2_reg[DataIn] multiplier stage BLENDING.BLEND/GEN_BLENDING_CHANNELS[0].BLEND/HADC_MATCH_FILTER_2/MultA2_reg[DataIn]/P[47:0] is not pipelined (MREG=0). Pipelining the multiplier function will improve performance and will save significant power so it is suggested whenever possible to fully pipeline this function.  If this multiplier was inferred, it is suggested to describe an additional register stage after this function.  If there is no registered adder/accumulator following the multiply function, two pipeline stages are suggested to allow both the MREG and PREG registers to be used.  If the DSP48 was instantiated in the design, it is suggested to set both the MREG and PREG attributes to 1 when performing multiply functions.
WARNING: [DRC DPOP-4] MREG Output pipelining: DSP BLENDING.BLEND/GEN_BLENDING_CHANNELS[0].BLEND/HADC_MATCH_FILTER_2/MultA2_reg[DataIn]0 multiplier stage BLENDING.BLEND/GEN_BLENDING_CHANNELS[0].BLEND/HADC_MATCH_FILTER_2/MultA2_reg[DataIn]0/P[47:0] is not pipelined (MREG=0). Pipelining the multiplier function will improve performance and will save significant power so it is suggested whenever possible to fully pipeline this function.  If this multiplier was inferred, it is suggested to describe an additional register stage after this function.  If there is no registered adder/accumulator following the multiply function, two pipeline stages are suggested to allow both the MREG and PREG registers to be used.  If the DSP48 was instantiated in the design, it is suggested to set both the MREG and PREG attributes to 1 when performing multiply functions.
WARNING: [DRC DPOP-4] MREG Output pipelining: DSP BLENDING.BLEND/GEN_BLENDING_CHANNELS[1].BLEND/HADC_MATCH_FILTER_1/ARG multiplier stage BLENDING.BLEND/GEN_BLENDING_CHANNELS[1].BLEND/HADC_MATCH_FILTER_1/ARG/P[47:0] is not pipelined (MREG=0). Pipelining the multiplier function will improve performance and will save significant power so it is suggested whenever possible to fully pipeline this function.  If this multiplier was inferred, it is suggested to describe an additional register stage after this function.  If there is no registered adder/accumulator following the multiply function, two pipeline stages are suggested to allow both the MREG and PREG registers to be used.  If the DSP48 was instantiated in the design, it is suggested to set both the MREG and PREG attributes to 1 when performing multiply functions.
WARNING: [DRC DPOP-4] MREG Output pipelining: DSP BLENDING.BLEND/GEN_BLENDING_CHANNELS[1].BLEND/HADC_MATCH_FILTER_1/ARG__0 multiplier stage BLENDING.BLEND/GEN_BLENDING_CHANNELS[1].BLEND/HADC_MATCH_FILTER_1/ARG__0/P[47:0] is not pipelined (MREG=0). Pipelining the multiplier function will improve performance and will save significant power so it is suggested whenever possible to fully pipeline this function.  If this multiplier was inferred, it is suggested to describe an additional register stage after this function.  If there is no registered adder/accumulator following the multiply function, two pipeline stages are suggested to allow both the MREG and PREG registers to be used.  If the DSP48 was instantiated in the design, it is suggested to set both the MREG and PREG attributes to 1 when performing multiply functions.
WARNING: [DRC DPOP-4] MREG Output pipelining: DSP BLENDING.BLEND/GEN_BLENDING_CHANNELS[1].BLEND/HADC_MATCH_FILTER_1/MultA1_reg[DataIn] multiplier stage BLENDING.BLEND/GEN_BLENDING_CHANNELS[1].BLEND/HADC_MATCH_FILTER_1/MultA1_reg[DataIn]/P[47:0] is not pipelined (MREG=0). Pipelining the multiplier function will improve performance and will save significant power so it is suggested whenever possible to fully pipeline this function.  If this multiplier was inferred, it is suggested to describe an additional register stage after this function.  If there is no registered adder/accumulator following the multiply function, two pipeline stages are suggested to allow both the MREG and PREG registers to be used.  If the DSP48 was instantiated in the design, it is suggested to set both the MREG and PREG attributes to 1 when performing multiply functions.
WARNING: [DRC DPOP-4] MREG Output pipelining: DSP BLENDING.BLEND/GEN_BLENDING_CHANNELS[1].BLEND/HADC_MATCH_FILTER_1/MultA1_reg[DataIn]0 multiplier stage BLENDING.BLEND/GEN_BLENDING_CHANNELS[1].BLEND/HADC_MATCH_FILTER_1/MultA1_reg[DataIn]0/P[47:0] is not pipelined (MREG=0). Pipelining the multiplier function will improve performance and will save significant power so it is suggested whenever possible to fully pipeline this function.  If this multiplier was inferred, it is suggested to describe an additional register stage after this function.  If there is no registered adder/accumulator following the multiply function, two pipeline stages are suggested to allow both the MREG and PREG registers to be used.  If the DSP48 was instantiated in the design, it is suggested to set both the MREG and PREG attributes to 1 when performing multiply functions.
WARNING: [DRC DPOP-4] MREG Output pipelining: DSP BLENDING.BLEND/GEN_BLENDING_CHANNELS[1].BLEND/HADC_MATCH_FILTER_1/MultA2_reg[DataIn] multiplier stage BLENDING.BLEND/GEN_BLENDING_CHANNELS[1].BLEND/HADC_MATCH_FILTER_1/MultA2_reg[DataIn]/P[47:0] is not pipelined (MREG=0). Pipelining the multiplier function will improve performance and will save significant power so it is suggested whenever possible to fully pipeline this function.  If this multiplier was inferred, it is suggested to describe an additional register stage after this function.  If there is no registered adder/accumulator following the multiply function, two pipeline stages are suggested to allow both the MREG and PREG registers to be used.  If the DSP48 was instantiated in the design, it is suggested to set both the MREG and PREG attributes to 1 when performing multiply functions.
WARNING: [DRC DPOP-4] MREG Output pipelining: DSP BLENDING.BLEND/GEN_BLENDING_CHANNELS[1].BLEND/HADC_MATCH_FILTER_1/MultA2_reg[DataIn]0 multiplier stage BLENDING.BLEND/GEN_BLENDING_CHANNELS[1].BLEND/HADC_MATCH_FILTER_1/MultA2_reg[DataIn]0/P[47:0] is not pipelined (MREG=0). Pipelining the multiplier function will improve performance and will save significant power so it is suggested whenever possible to fully pipeline this function.  If this multiplier was inferred, it is suggested to describe an additional register stage after this function.  If there is no registered adder/accumulator following the multiply function, two pipeline stages are suggested to allow both the MREG and PREG registers to be used.  If the DSP48 was instantiated in the design, it is suggested to set both the MREG and PREG attributes to 1 when performing multiply functions.
WARNING: [DRC DPOP-4] MREG Output pipelining: DSP BLENDING.BLEND/GEN_BLENDING_CHANNELS[1].BLEND/HADC_MATCH_FILTER_2/ARG multiplier stage BLENDING.BLEND/GEN_BLENDING_CHANNELS[1].BLEND/HADC_MATCH_FILTER_2/ARG/P[47:0] is not pipelined (MREG=0). Pipelining the multiplier function will improve performance and will save significant power so it is suggested whenever possible to fully pipeline this function.  If this multiplier was inferred, it is suggested to describe an additional register stage after this function.  If there is no registered adder/accumulator following the multiply function, two pipeline stages are suggested to allow both the MREG and PREG registers to be used.  If the DSP48 was instantiated in the design, it is suggested to set both the MREG and PREG attributes to 1 when performing multiply functions.
WARNING: [DRC DPOP-4] MREG Output pipelining: DSP BLENDING.BLEND/GEN_BLENDING_CHANNELS[1].BLEND/HADC_MATCH_FILTER_2/ARG__0 multiplier stage BLENDING.BLEND/GEN_BLENDING_CHANNELS[1].BLEND/HADC_MATCH_FILTER_2/ARG__0/P[47:0] is not pipelined (MREG=0). Pipelining the multiplier function will improve performance and will save significant power so it is suggested whenever possible to fully pipeline this function.  If this multiplier was inferred, it is suggested to describe an additional register stage after this function.  If there is no registered adder/accumulator following the multiply function, two pipeline stages are suggested to allow both the MREG and PREG registers to be used.  If the DSP48 was instantiated in the design, it is suggested to set both the MREG and PREG attributes to 1 when performing multiply functions.
WARNING: [DRC DPOP-4] MREG Output pipelining: DSP BLENDING.BLEND/GEN_BLENDING_CHANNELS[1].BLEND/HADC_MATCH_FILTER_2/MultA1_reg[DataIn] multiplier stage BLENDING.BLEND/GEN_BLENDING_CHANNELS[1].BLEND/HADC_MATCH_FILTER_2/MultA1_reg[DataIn]/P[47:0] is not pipelined (MREG=0). Pipelining the multiplier function will improve performance and will save significant power so it is suggested whenever possible to fully pipeline this function.  If this multiplier was inferred, it is suggested to describe an additional register stage after this function.  If there is no registered adder/accumulator following the multiply function, two pipeline stages are suggested to allow both the MREG and PREG registers to be used.  If the DSP48 was instantiated in the design, it is suggested to set both the MREG and PREG attributes to 1 when performing multiply functions.
WARNING: [DRC DPOP-4] MREG Output pipelining: DSP BLENDING.BLEND/GEN_BLENDING_CHANNELS[1].BLEND/HADC_MATCH_FILTER_2/MultA1_reg[DataIn]0 multiplier stage BLENDING.BLEND/GEN_BLENDING_CHANNELS[1].BLEND/HADC_MATCH_FILTER_2/MultA1_reg[DataIn]0/P[47:0] is not pipelined (MREG=0). Pipelining the multiplier function will improve performance and will save significant power so it is suggested whenever possible to fully pipeline this function.  If this multiplier was inferred, it is suggested to describe an additional register stage after this function.  If there is no registered adder/accumulator following the multiply function, two pipeline stages are suggested to allow both the MREG and PREG registers to be used.  If the DSP48 was instantiated in the design, it is suggested to set both the MREG and PREG attributes to 1 when performing multiply functions.
WARNING: [DRC DPOP-4] MREG Output pipelining: DSP BLENDING.BLEND/GEN_BLENDING_CHANNELS[1].BLEND/HADC_MATCH_FILTER_2/MultA2_reg[DataIn] multiplier stage BLENDING.BLEND/GEN_BLENDING_CHANNELS[1].BLEND/HADC_MATCH_FILTER_2/MultA2_reg[DataIn]/P[47:0] is not pipelined (MREG=0). Pipelining the multiplier function will improve performance and will save significant power so it is suggested whenever possible to fully pipeline this function.  If this multiplier was inferred, it is suggested to describe an additional register stage after this function.  If there is no registered adder/accumulator following the multiply function, two pipeline stages are suggested to allow both the MREG and PREG registers to be used.  If the DSP48 was instantiated in the design, it is suggested to set both the MREG and PREG attributes to 1 when performing multiply functions.
WARNING: [DRC DPOP-4] MREG Output pipelining: DSP BLENDING.BLEND/GEN_BLENDING_CHANNELS[1].BLEND/HADC_MATCH_FILTER_2/MultA2_reg[DataIn]0 multiplier stage BLENDING.BLEND/GEN_BLENDING_CHANNELS[1].BLEND/HADC_MATCH_FILTER_2/MultA2_reg[DataIn]0/P[47:0] is not pipelined (MREG=0). Pipelining the multiplier function will improve performance and will save significant power so it is suggested whenever possible to fully pipeline this function.  If this multiplier was inferred, it is suggested to describe an additional register stage after this function.  If there is no registered adder/accumulator following the multiply function, two pipeline stages are suggested to allow both the MREG and PREG registers to be used.  If the DSP48 was instantiated in the design, it is suggested to set both the MREG and PREG attributes to 1 when performing multiply functions.
WARNING: [DRC DPOP-4] MREG Output pipelining: DSP BLENDING.BLEND/GEN_BLENDING_CHANNELS[2].BLEND/HADC_MATCH_FILTER_1/ARG multiplier stage BLENDING.BLEND/GEN_BLENDING_CHANNELS[2].BLEND/HADC_MATCH_FILTER_1/ARG/P[47:0] is not pipelined (MREG=0). Pipelining the multiplier function will improve performance and will save significant power so it is suggested whenever possible to fully pipeline this function.  If this multiplier was inferred, it is suggested to describe an additional register stage after this function.  If there is no registered adder/accumulator following the multiply function, two pipeline stages are suggested to allow both the MREG and PREG registers to be used.  If the DSP48 was instantiated in the design, it is suggested to set both the MREG and PREG attributes to 1 when performing multiply functions.
WARNING: [DRC DPOP-4] MREG Output pipelining: DSP BLENDING.BLEND/GEN_BLENDING_CHANNELS[2].BLEND/HADC_MATCH_FILTER_1/ARG__0 multiplier stage BLENDING.BLEND/GEN_BLENDING_CHANNELS[2].BLEND/HADC_MATCH_FILTER_1/ARG__0/P[47:0] is not pipelined (MREG=0). Pipelining the multiplier function will improve performance and will save significant power so it is suggested whenever possible to fully pipeline this function.  If this multiplier was inferred, it is suggested to describe an additional register stage after this function.  If there is no registered adder/accumulator following the multiply function, two pipeline stages are suggested to allow both the MREG and PREG registers to be used.  If the DSP48 was instantiated in the design, it is suggested to set both the MREG and PREG attributes to 1 when performing multiply functions.
WARNING: [DRC DPOP-4] MREG Output pipelining: DSP BLENDING.BLEND/GEN_BLENDING_CHANNELS[2].BLEND/HADC_MATCH_FILTER_1/MultA1_reg[DataIn] multiplier stage BLENDING.BLEND/GEN_BLENDING_CHANNELS[2].BLEND/HADC_MATCH_FILTER_1/MultA1_reg[DataIn]/P[47:0] is not pipelined (MREG=0). Pipelining the multiplier function will improve performance and will save significant power so it is suggested whenever possible to fully pipeline this function.  If this multiplier was inferred, it is suggested to describe an additional register stage after this function.  If there is no registered adder/accumulator following the multiply function, two pipeline stages are suggested to allow both the MREG and PREG registers to be used.  If the DSP48 was instantiated in the design, it is suggested to set both the MREG and PREG attributes to 1 when performing multiply functions.
WARNING: [DRC DPOP-4] MREG Output pipelining: DSP BLENDING.BLEND/GEN_BLENDING_CHANNELS[2].BLEND/HADC_MATCH_FILTER_1/MultA1_reg[DataIn]0 multiplier stage BLENDING.BLEND/GEN_BLENDING_CHANNELS[2].BLEND/HADC_MATCH_FILTER_1/MultA1_reg[DataIn]0/P[47:0] is not pipelined (MREG=0). Pipelining the multiplier function will improve performance and will save significant power so it is suggested whenever possible to fully pipeline this function.  If this multiplier was inferred, it is suggested to describe an additional register stage after this function.  If there is no registered adder/accumulator following the multiply function, two pipeline stages are suggested to allow both the MREG and PREG registers to be used.  If the DSP48 was instantiated in the design, it is suggested to set both the MREG and PREG attributes to 1 when performing multiply functions.
WARNING: [DRC DPOP-4] MREG Output pipelining: DSP BLENDING.BLEND/GEN_BLENDING_CHANNELS[2].BLEND/HADC_MATCH_FILTER_1/MultA2_reg[DataIn] multiplier stage BLENDING.BLEND/GEN_BLENDING_CHANNELS[2].BLEND/HADC_MATCH_FILTER_1/MultA2_reg[DataIn]/P[47:0] is not pipelined (MREG=0). Pipelining the multiplier function will improve performance and will save significant power so it is suggested whenever possible to fully pipeline this function.  If this multiplier was inferred, it is suggested to describe an additional register stage after this function.  If there is no registered adder/accumulator following the multiply function, two pipeline stages are suggested to allow both the MREG and PREG registers to be used.  If the DSP48 was instantiated in the design, it is suggested to set both the MREG and PREG attributes to 1 when performing multiply functions.
WARNING: [DRC DPOP-4] MREG Output pipelining: DSP BLENDING.BLEND/GEN_BLENDING_CHANNELS[2].BLEND/HADC_MATCH_FILTER_1/MultA2_reg[DataIn]0 multiplier stage BLENDING.BLEND/GEN_BLENDING_CHANNELS[2].BLEND/HADC_MATCH_FILTER_1/MultA2_reg[DataIn]0/P[47:0] is not pipelined (MREG=0). Pipelining the multiplier function will improve performance and will save significant power so it is suggested whenever possible to fully pipeline this function.  If this multiplier was inferred, it is suggested to describe an additional register stage after this function.  If there is no registered adder/accumulator following the multiply function, two pipeline stages are suggested to allow both the MREG and PREG registers to be used.  If the DSP48 was instantiated in the design, it is suggested to set both the MREG and PREG attributes to 1 when performing multiply functions.
WARNING: [DRC DPOP-4] MREG Output pipelining: DSP BLENDING.BLEND/GEN_BLENDING_CHANNELS[2].BLEND/HADC_MATCH_FILTER_2/ARG multiplier stage BLENDING.BLEND/GEN_BLENDING_CHANNELS[2].BLEND/HADC_MATCH_FILTER_2/ARG/P[47:0] is not pipelined (MREG=0). Pipelining the multiplier function will improve performance and will save significant power so it is suggested whenever possible to fully pipeline this function.  If this multiplier was inferred, it is suggested to describe an additional register stage after this function.  If there is no registered adder/accumulator following the multiply function, two pipeline stages are suggested to allow both the MREG and PREG registers to be used.  If the DSP48 was instantiated in the design, it is suggested to set both the MREG and PREG attributes to 1 when performing multiply functions.
WARNING: [DRC DPOP-4] MREG Output pipelining: DSP BLENDING.BLEND/GEN_BLENDING_CHANNELS[2].BLEND/HADC_MATCH_FILTER_2/ARG__0 multiplier stage BLENDING.BLEND/GEN_BLENDING_CHANNELS[2].BLEND/HADC_MATCH_FILTER_2/ARG__0/P[47:0] is not pipelined (MREG=0). Pipelining the multiplier function will improve performance and will save significant power so it is suggested whenever possible to fully pipeline this function.  If this multiplier was inferred, it is suggested to describe an additional register stage after this function.  If there is no registered adder/accumulator following the multiply function, two pipeline stages are suggested to allow both the MREG and PREG registers to be used.  If the DSP48 was instantiated in the design, it is suggested to set both the MREG and PREG attributes to 1 when performing multiply functions.
WARNING: [DRC DPOP-4] MREG Output pipelining: DSP BLENDING.BLEND/GEN_BLENDING_CHANNELS[2].BLEND/HADC_MATCH_FILTER_2/MultA1_reg[DataIn] multiplier stage BLENDING.BLEND/GEN_BLENDING_CHANNELS[2].BLEND/HADC_MATCH_FILTER_2/MultA1_reg[DataIn]/P[47:0] is not pipelined (MREG=0). Pipelining the multiplier function will improve performance and will save significant power so it is suggested whenever possible to fully pipeline this function.  If this multiplier was inferred, it is suggested to describe an additional register stage after this function.  If there is no registered adder/accumulator following the multiply function, two pipeline stages are suggested to allow both the MREG and PREG registers to be used.  If the DSP48 was instantiated in the design, it is suggested to set both the MREG and PREG attributes to 1 when performing multiply functions.
WARNING: [DRC DPOP-4] MREG Output pipelining: DSP BLENDING.BLEND/GEN_BLENDING_CHANNELS[2].BLEND/HADC_MATCH_FILTER_2/MultA1_reg[DataIn]0 multiplier stage BLENDING.BLEND/GEN_BLENDING_CHANNELS[2].BLEND/HADC_MATCH_FILTER_2/MultA1_reg[DataIn]0/P[47:0] is not pipelined (MREG=0). Pipelining the multiplier function will improve performance and will save significant power so it is suggested whenever possible to fully pipeline this function.  If this multiplier was inferred, it is suggested to describe an additional register stage after this function.  If there is no registered adder/accumulator following the multiply function, two pipeline stages are suggested to allow both the MREG and PREG registers to be used.  If the DSP48 was instantiated in the design, it is suggested to set both the MREG and PREG attributes to 1 when performing multiply functions.
WARNING: [DRC DPOP-4] MREG Output pipelining: DSP BLENDING.BLEND/GEN_BLENDING_CHANNELS[2].BLEND/HADC_MATCH_FILTER_2/MultA2_reg[DataIn] multiplier stage BLENDING.BLEND/GEN_BLENDING_CHANNELS[2].BLEND/HADC_MATCH_FILTER_2/MultA2_reg[DataIn]/P[47:0] is not pipelined (MREG=0). Pipelining the multiplier function will improve performance and will save significant power so it is suggested whenever possible to fully pipeline this function.  If this multiplier was inferred, it is suggested to describe an additional register stage after this function.  If there is no registered adder/accumulator following the multiply function, two pipeline stages are suggested to allow both the MREG and PREG registers to be used.  If the DSP48 was instantiated in the design, it is suggested to set both the MREG and PREG attributes to 1 when performing multiply functions.
WARNING: [DRC DPOP-4] MREG Output pipelining: DSP BLENDING.BLEND/GEN_BLENDING_CHANNELS[2].BLEND/HADC_MATCH_FILTER_2/MultA2_reg[DataIn]0 multiplier stage BLENDING.BLEND/GEN_BLENDING_CHANNELS[2].BLEND/HADC_MATCH_FILTER_2/MultA2_reg[DataIn]0/P[47:0] is not pipelined (MREG=0). Pipelining the multiplier function will improve performance and will save significant power so it is suggested whenever possible to fully pipeline this function.  If this multiplier was inferred, it is suggested to describe an additional register stage after this function.  If there is no registered adder/accumulator following the multiply function, two pipeline stages are suggested to allow both the MREG and PREG registers to be used.  If the DSP48 was instantiated in the design, it is suggested to set both the MREG and PREG attributes to 1 when performing multiply functions.
WARNING: [DRC DPOP-4] MREG Output pipelining: DSP BLENDING.BLEND/GEN_BLENDING_CHANNELS[3].BLEND/HADC_MATCH_FILTER_1/ARG multiplier stage BLENDING.BLEND/GEN_BLENDING_CHANNELS[3].BLEND/HADC_MATCH_FILTER_1/ARG/P[47:0] is not pipelined (MREG=0). Pipelining the multiplier function will improve performance and will save significant power so it is suggested whenever possible to fully pipeline this function.  If this multiplier was inferred, it is suggested to describe an additional register stage after this function.  If there is no registered adder/accumulator following the multiply function, two pipeline stages are suggested to allow both the MREG and PREG registers to be used.  If the DSP48 was instantiated in the design, it is suggested to set both the MREG and PREG attributes to 1 when performing multiply functions.
WARNING: [DRC DPOP-4] MREG Output pipelining: DSP BLENDING.BLEND/GEN_BLENDING_CHANNELS[3].BLEND/HADC_MATCH_FILTER_1/ARG__0 multiplier stage BLENDING.BLEND/GEN_BLENDING_CHANNELS[3].BLEND/HADC_MATCH_FILTER_1/ARG__0/P[47:0] is not pipelined (MREG=0). Pipelining the multiplier function will improve performance and will save significant power so it is suggested whenever possible to fully pipeline this function.  If this multiplier was inferred, it is suggested to describe an additional register stage after this function.  If there is no registered adder/accumulator following the multiply function, two pipeline stages are suggested to allow both the MREG and PREG registers to be used.  If the DSP48 was instantiated in the design, it is suggested to set both the MREG and PREG attributes to 1 when performing multiply functions.
WARNING: [DRC DPOP-4] MREG Output pipelining: DSP BLENDING.BLEND/GEN_BLENDING_CHANNELS[3].BLEND/HADC_MATCH_FILTER_1/MultA1_reg[DataIn] multiplier stage BLENDING.BLEND/GEN_BLENDING_CHANNELS[3].BLEND/HADC_MATCH_FILTER_1/MultA1_reg[DataIn]/P[47:0] is not pipelined (MREG=0). Pipelining the multiplier function will improve performance and will save significant power so it is suggested whenever possible to fully pipeline this function.  If this multiplier was inferred, it is suggested to describe an additional register stage after this function.  If there is no registered adder/accumulator following the multiply function, two pipeline stages are suggested to allow both the MREG and PREG registers to be used.  If the DSP48 was instantiated in the design, it is suggested to set both the MREG and PREG attributes to 1 when performing multiply functions.
WARNING: [DRC DPOP-4] MREG Output pipelining: DSP BLENDING.BLEND/GEN_BLENDING_CHANNELS[3].BLEND/HADC_MATCH_FILTER_1/MultA1_reg[DataIn]0 multiplier stage BLENDING.BLEND/GEN_BLENDING_CHANNELS[3].BLEND/HADC_MATCH_FILTER_1/MultA1_reg[DataIn]0/P[47:0] is not pipelined (MREG=0). Pipelining the multiplier function will improve performance and will save significant power so it is suggested whenever possible to fully pipeline this function.  If this multiplier was inferred, it is suggested to describe an additional register stage after this function.  If there is no registered adder/accumulator following the multiply function, two pipeline stages are suggested to allow both the MREG and PREG registers to be used.  If the DSP48 was instantiated in the design, it is suggested to set both the MREG and PREG attributes to 1 when performing multiply functions.
WARNING: [DRC DPOP-4] MREG Output pipelining: DSP BLENDING.BLEND/GEN_BLENDING_CHANNELS[3].BLEND/HADC_MATCH_FILTER_1/MultA2_reg[DataIn] multiplier stage BLENDING.BLEND/GEN_BLENDING_CHANNELS[3].BLEND/HADC_MATCH_FILTER_1/MultA2_reg[DataIn]/P[47:0] is not pipelined (MREG=0). Pipelining the multiplier function will improve performance and will save significant power so it is suggested whenever possible to fully pipeline this function.  If this multiplier was inferred, it is suggested to describe an additional register stage after this function.  If there is no registered adder/accumulator following the multiply function, two pipeline stages are suggested to allow both the MREG and PREG registers to be used.  If the DSP48 was instantiated in the design, it is suggested to set both the MREG and PREG attributes to 1 when performing multiply functions.
WARNING: [DRC DPOP-4] MREG Output pipelining: DSP BLENDING.BLEND/GEN_BLENDING_CHANNELS[3].BLEND/HADC_MATCH_FILTER_1/MultA2_reg[DataIn]0 multiplier stage BLENDING.BLEND/GEN_BLENDING_CHANNELS[3].BLEND/HADC_MATCH_FILTER_1/MultA2_reg[DataIn]0/P[47:0] is not pipelined (MREG=0). Pipelining the multiplier function will improve performance and will save significant power so it is suggested whenever possible to fully pipeline this function.  If this multiplier was inferred, it is suggested to describe an additional register stage after this function.  If there is no registered adder/accumulator following the multiply function, two pipeline stages are suggested to allow both the MREG and PREG registers to be used.  If the DSP48 was instantiated in the design, it is suggested to set both the MREG and PREG attributes to 1 when performing multiply functions.
WARNING: [DRC DPOP-4] MREG Output pipelining: DSP BLENDING.BLEND/GEN_BLENDING_CHANNELS[3].BLEND/HADC_MATCH_FILTER_2/ARG multiplier stage BLENDING.BLEND/GEN_BLENDING_CHANNELS[3].BLEND/HADC_MATCH_FILTER_2/ARG/P[47:0] is not pipelined (MREG=0). Pipelining the multiplier function will improve performance and will save significant power so it is suggested whenever possible to fully pipeline this function.  If this multiplier was inferred, it is suggested to describe an additional register stage after this function.  If there is no registered adder/accumulator following the multiply function, two pipeline stages are suggested to allow both the MREG and PREG registers to be used.  If the DSP48 was instantiated in the design, it is suggested to set both the MREG and PREG attributes to 1 when performing multiply functions.
WARNING: [DRC DPOP-4] MREG Output pipelining: DSP BLENDING.BLEND/GEN_BLENDING_CHANNELS[3].BLEND/HADC_MATCH_FILTER_2/ARG__0 multiplier stage BLENDING.BLEND/GEN_BLENDING_CHANNELS[3].BLEND/HADC_MATCH_FILTER_2/ARG__0/P[47:0] is not pipelined (MREG=0). Pipelining the multiplier function will improve performance and will save significant power so it is suggested whenever possible to fully pipeline this function.  If this multiplier was inferred, it is suggested to describe an additional register stage after this function.  If there is no registered adder/accumulator following the multiply function, two pipeline stages are suggested to allow both the MREG and PREG registers to be used.  If the DSP48 was instantiated in the design, it is suggested to set both the MREG and PREG attributes to 1 when performing multiply functions.
WARNING: [DRC DPOP-4] MREG Output pipelining: DSP BLENDING.BLEND/GEN_BLENDING_CHANNELS[3].BLEND/HADC_MATCH_FILTER_2/MultA1_reg[DataIn] multiplier stage BLENDING.BLEND/GEN_BLENDING_CHANNELS[3].BLEND/HADC_MATCH_FILTER_2/MultA1_reg[DataIn]/P[47:0] is not pipelined (MREG=0). Pipelining the multiplier function will improve performance and will save significant power so it is suggested whenever possible to fully pipeline this function.  If this multiplier was inferred, it is suggested to describe an additional register stage after this function.  If there is no registered adder/accumulator following the multiply function, two pipeline stages are suggested to allow both the MREG and PREG registers to be used.  If the DSP48 was instantiated in the design, it is suggested to set both the MREG and PREG attributes to 1 when performing multiply functions.
WARNING: [DRC DPOP-4] MREG Output pipelining: DSP BLENDING.BLEND/GEN_BLENDING_CHANNELS[3].BLEND/HADC_MATCH_FILTER_2/MultA1_reg[DataIn]0 multiplier stage BLENDING.BLEND/GEN_BLENDING_CHANNELS[3].BLEND/HADC_MATCH_FILTER_2/MultA1_reg[DataIn]0/P[47:0] is not pipelined (MREG=0). Pipelining the multiplier function will improve performance and will save significant power so it is suggested whenever possible to fully pipeline this function.  If this multiplier was inferred, it is suggested to describe an additional register stage after this function.  If there is no registered adder/accumulator following the multiply function, two pipeline stages are suggested to allow both the MREG and PREG registers to be used.  If the DSP48 was instantiated in the design, it is suggested to set both the MREG and PREG attributes to 1 when performing multiply functions.
WARNING: [DRC DPOP-4] MREG Output pipelining: DSP BLENDING.BLEND/GEN_BLENDING_CHANNELS[3].BLEND/HADC_MATCH_FILTER_2/MultA2_reg[DataIn] multiplier stage BLENDING.BLEND/GEN_BLENDING_CHANNELS[3].BLEND/HADC_MATCH_FILTER_2/MultA2_reg[DataIn]/P[47:0] is not pipelined (MREG=0). Pipelining the multiplier function will improve performance and will save significant power so it is suggested whenever possible to fully pipeline this function.  If this multiplier was inferred, it is suggested to describe an additional register stage after this function.  If there is no registered adder/accumulator following the multiply function, two pipeline stages are suggested to allow both the MREG and PREG registers to be used.  If the DSP48 was instantiated in the design, it is suggested to set both the MREG and PREG attributes to 1 when performing multiply functions.
WARNING: [DRC DPOP-4] MREG Output pipelining: DSP BLENDING.BLEND/GEN_BLENDING_CHANNELS[3].BLEND/HADC_MATCH_FILTER_2/MultA2_reg[DataIn]0 multiplier stage BLENDING.BLEND/GEN_BLENDING_CHANNELS[3].BLEND/HADC_MATCH_FILTER_2/MultA2_reg[DataIn]0/P[47:0] is not pipelined (MREG=0). Pipelining the multiplier function will improve performance and will save significant power so it is suggested whenever possible to fully pipeline this function.  If this multiplier was inferred, it is suggested to describe an additional register stage after this function.  If there is no registered adder/accumulator following the multiply function, two pipeline stages are suggested to allow both the MREG and PREG registers to be used.  If the DSP48 was instantiated in the design, it is suggested to set both the MREG and PREG attributes to 1 when performing multiply functions.
WARNING: [DRC DPOP-4] MREG Output pipelining: DSP HIGH_SPEED_ADC/CHANNELS[0].SAMPLES[0].SAMPLE_SCALING.SCALING/SO/DSP multiplier stage HIGH_SPEED_ADC/CHANNELS[0].SAMPLES[0].SAMPLE_SCALING.SCALING/SO/DSP/PATTERNBDETECT is not pipelined (MREG=0). Pipelining the multiplier function will improve performance and will save significant power so it is suggested whenever possible to fully pipeline this function.  If this multiplier was inferred, it is suggested to describe an additional register stage after this function.  If there is no registered adder/accumulator following the multiply function, two pipeline stages are suggested to allow both the MREG and PREG registers to be used.  If the DSP48 was instantiated in the design, it is suggested to set both the MREG and PREG attributes to 1 when performing multiply functions.
WARNING: [DRC DPOP-4] MREG Output pipelining: DSP HIGH_SPEED_ADC/CHANNELS[0].SAMPLES[0].SAMPLE_SCALING.SCALING/SO/DSP multiplier stage HIGH_SPEED_ADC/CHANNELS[0].SAMPLES[0].SAMPLE_SCALING.SCALING/SO/DSP/PATTERNDETECT is not pipelined (MREG=0). Pipelining the multiplier function will improve performance and will save significant power so it is suggested whenever possible to fully pipeline this function.  If this multiplier was inferred, it is suggested to describe an additional register stage after this function.  If there is no registered adder/accumulator following the multiply function, two pipeline stages are suggested to allow both the MREG and PREG registers to be used.  If the DSP48 was instantiated in the design, it is suggested to set both the MREG and PREG attributes to 1 when performing multiply functions.
WARNING: [DRC DPOP-4] MREG Output pipelining: DSP HIGH_SPEED_ADC/CHANNELS[0].SAMPLES[0].SAMPLE_SCALING.SCALING/SO/DSP multiplier stage HIGH_SPEED_ADC/CHANNELS[0].SAMPLES[0].SAMPLE_SCALING.SCALING/SO/DSP/P[47:0] is not pipelined (MREG=0). Pipelining the multiplier function will improve performance and will save significant power so it is suggested whenever possible to fully pipeline this function.  If this multiplier was inferred, it is suggested to describe an additional register stage after this function.  If there is no registered adder/accumulator following the multiply function, two pipeline stages are suggested to allow both the MREG and PREG registers to be used.  If the DSP48 was instantiated in the design, it is suggested to set both the MREG and PREG attributes to 1 when performing multiply functions.
WARNING: [DRC DPOP-4] MREG Output pipelining: DSP HIGH_SPEED_ADC/CHANNELS[0].SAMPLES[1].SAMPLE_SCALING.SCALING/SO/DSP multiplier stage HIGH_SPEED_ADC/CHANNELS[0].SAMPLES[1].SAMPLE_SCALING.SCALING/SO/DSP/PATTERNBDETECT is not pipelined (MREG=0). Pipelining the multiplier function will improve performance and will save significant power so it is suggested whenever possible to fully pipeline this function.  If this multiplier was inferred, it is suggested to describe an additional register stage after this function.  If there is no registered adder/accumulator following the multiply function, two pipeline stages are suggested to allow both the MREG and PREG registers to be used.  If the DSP48 was instantiated in the design, it is suggested to set both the MREG and PREG attributes to 1 when performing multiply functions.
WARNING: [DRC DPOP-4] MREG Output pipelining: DSP HIGH_SPEED_ADC/CHANNELS[0].SAMPLES[1].SAMPLE_SCALING.SCALING/SO/DSP multiplier stage HIGH_SPEED_ADC/CHANNELS[0].SAMPLES[1].SAMPLE_SCALING.SCALING/SO/DSP/PATTERNDETECT is not pipelined (MREG=0). Pipelining the multiplier function will improve performance and will save significant power so it is suggested whenever possible to fully pipeline this function.  If this multiplier was inferred, it is suggested to describe an additional register stage after this function.  If there is no registered adder/accumulator following the multiply function, two pipeline stages are suggested to allow both the MREG and PREG registers to be used.  If the DSP48 was instantiated in the design, it is suggested to set both the MREG and PREG attributes to 1 when performing multiply functions.
WARNING: [DRC DPOP-4] MREG Output pipelining: DSP HIGH_SPEED_ADC/CHANNELS[0].SAMPLES[1].SAMPLE_SCALING.SCALING/SO/DSP multiplier stage HIGH_SPEED_ADC/CHANNELS[0].SAMPLES[1].SAMPLE_SCALING.SCALING/SO/DSP/P[47:0] is not pipelined (MREG=0). Pipelining the multiplier function will improve performance and will save significant power so it is suggested whenever possible to fully pipeline this function.  If this multiplier was inferred, it is suggested to describe an additional register stage after this function.  If there is no registered adder/accumulator following the multiply function, two pipeline stages are suggested to allow both the MREG and PREG registers to be used.  If the DSP48 was instantiated in the design, it is suggested to set both the MREG and PREG attributes to 1 when performing multiply functions.
WARNING: [DRC DPOP-4] MREG Output pipelining: DSP HIGH_SPEED_ADC/CHANNELS[0].SAMPLES[2].SAMPLE_SCALING.SCALING/SO/DSP multiplier stage HIGH_SPEED_ADC/CHANNELS[0].SAMPLES[2].SAMPLE_SCALING.SCALING/SO/DSP/PATTERNBDETECT is not pipelined (MREG=0). Pipelining the multiplier function will improve performance and will save significant power so it is suggested whenever possible to fully pipeline this function.  If this multiplier was inferred, it is suggested to describe an additional register stage after this function.  If there is no registered adder/accumulator following the multiply function, two pipeline stages are suggested to allow both the MREG and PREG registers to be used.  If the DSP48 was instantiated in the design, it is suggested to set both the MREG and PREG attributes to 1 when performing multiply functions.
WARNING: [DRC DPOP-4] MREG Output pipelining: DSP HIGH_SPEED_ADC/CHANNELS[0].SAMPLES[2].SAMPLE_SCALING.SCALING/SO/DSP multiplier stage HIGH_SPEED_ADC/CHANNELS[0].SAMPLES[2].SAMPLE_SCALING.SCALING/SO/DSP/PATTERNDETECT is not pipelined (MREG=0). Pipelining the multiplier function will improve performance and will save significant power so it is suggested whenever possible to fully pipeline this function.  If this multiplier was inferred, it is suggested to describe an additional register stage after this function.  If there is no registered adder/accumulator following the multiply function, two pipeline stages are suggested to allow both the MREG and PREG registers to be used.  If the DSP48 was instantiated in the design, it is suggested to set both the MREG and PREG attributes to 1 when performing multiply functions.
WARNING: [DRC DPOP-4] MREG Output pipelining: DSP HIGH_SPEED_ADC/CHANNELS[0].SAMPLES[2].SAMPLE_SCALING.SCALING/SO/DSP multiplier stage HIGH_SPEED_ADC/CHANNELS[0].SAMPLES[2].SAMPLE_SCALING.SCALING/SO/DSP/P[47:0] is not pipelined (MREG=0). Pipelining the multiplier function will improve performance and will save significant power so it is suggested whenever possible to fully pipeline this function.  If this multiplier was inferred, it is suggested to describe an additional register stage after this function.  If there is no registered adder/accumulator following the multiply function, two pipeline stages are suggested to allow both the MREG and PREG registers to be used.  If the DSP48 was instantiated in the design, it is suggested to set both the MREG and PREG attributes to 1 when performing multiply functions.
WARNING: [DRC DPOP-4] MREG Output pipelining: DSP HIGH_SPEED_ADC/CHANNELS[0].SAMPLES[3].SAMPLE_SCALING.SCALING/SO/DSP multiplier stage HIGH_SPEED_ADC/CHANNELS[0].SAMPLES[3].SAMPLE_SCALING.SCALING/SO/DSP/PATTERNBDETECT is not pipelined (MREG=0). Pipelining the multiplier function will improve performance and will save significant power so it is suggested whenever possible to fully pipeline this function.  If this multiplier was inferred, it is suggested to describe an additional register stage after this function.  If there is no registered adder/accumulator following the multiply function, two pipeline stages are suggested to allow both the MREG and PREG registers to be used.  If the DSP48 was instantiated in the design, it is suggested to set both the MREG and PREG attributes to 1 when performing multiply functions.
WARNING: [DRC DPOP-4] MREG Output pipelining: DSP HIGH_SPEED_ADC/CHANNELS[0].SAMPLES[3].SAMPLE_SCALING.SCALING/SO/DSP multiplier stage HIGH_SPEED_ADC/CHANNELS[0].SAMPLES[3].SAMPLE_SCALING.SCALING/SO/DSP/PATTERNDETECT is not pipelined (MREG=0). Pipelining the multiplier function will improve performance and will save significant power so it is suggested whenever possible to fully pipeline this function.  If this multiplier was inferred, it is suggested to describe an additional register stage after this function.  If there is no registered adder/accumulator following the multiply function, two pipeline stages are suggested to allow both the MREG and PREG registers to be used.  If the DSP48 was instantiated in the design, it is suggested to set both the MREG and PREG attributes to 1 when performing multiply functions.
WARNING: [DRC DPOP-4] MREG Output pipelining: DSP HIGH_SPEED_ADC/CHANNELS[0].SAMPLES[3].SAMPLE_SCALING.SCALING/SO/DSP multiplier stage HIGH_SPEED_ADC/CHANNELS[0].SAMPLES[3].SAMPLE_SCALING.SCALING/SO/DSP/P[47:0] is not pipelined (MREG=0). Pipelining the multiplier function will improve performance and will save significant power so it is suggested whenever possible to fully pipeline this function.  If this multiplier was inferred, it is suggested to describe an additional register stage after this function.  If there is no registered adder/accumulator following the multiply function, two pipeline stages are suggested to allow both the MREG and PREG registers to be used.  If the DSP48 was instantiated in the design, it is suggested to set both the MREG and PREG attributes to 1 when performing multiply functions.
WARNING: [DRC DPOP-4] MREG Output pipelining: DSP HIGH_SPEED_ADC/CHANNELS[1].SAMPLES[0].SAMPLE_SCALING.SCALING/SO/DSP multiplier stage HIGH_SPEED_ADC/CHANNELS[1].SAMPLES[0].SAMPLE_SCALING.SCALING/SO/DSP/PATTERNBDETECT is not pipelined (MREG=0). Pipelining the multiplier function will improve performance and will save significant power so it is suggested whenever possible to fully pipeline this function.  If this multiplier was inferred, it is suggested to describe an additional register stage after this function.  If there is no registered adder/accumulator following the multiply function, two pipeline stages are suggested to allow both the MREG and PREG registers to be used.  If the DSP48 was instantiated in the design, it is suggested to set both the MREG and PREG attributes to 1 when performing multiply functions.
WARNING: [DRC DPOP-4] MREG Output pipelining: DSP HIGH_SPEED_ADC/CHANNELS[1].SAMPLES[0].SAMPLE_SCALING.SCALING/SO/DSP multiplier stage HIGH_SPEED_ADC/CHANNELS[1].SAMPLES[0].SAMPLE_SCALING.SCALING/SO/DSP/PATTERNDETECT is not pipelined (MREG=0). Pipelining the multiplier function will improve performance and will save significant power so it is suggested whenever possible to fully pipeline this function.  If this multiplier was inferred, it is suggested to describe an additional register stage after this function.  If there is no registered adder/accumulator following the multiply function, two pipeline stages are suggested to allow both the MREG and PREG registers to be used.  If the DSP48 was instantiated in the design, it is suggested to set both the MREG and PREG attributes to 1 when performing multiply functions.
WARNING: [DRC DPOP-4] MREG Output pipelining: DSP HIGH_SPEED_ADC/CHANNELS[1].SAMPLES[0].SAMPLE_SCALING.SCALING/SO/DSP multiplier stage HIGH_SPEED_ADC/CHANNELS[1].SAMPLES[0].SAMPLE_SCALING.SCALING/SO/DSP/P[47:0] is not pipelined (MREG=0). Pipelining the multiplier function will improve performance and will save significant power so it is suggested whenever possible to fully pipeline this function.  If this multiplier was inferred, it is suggested to describe an additional register stage after this function.  If there is no registered adder/accumulator following the multiply function, two pipeline stages are suggested to allow both the MREG and PREG registers to be used.  If the DSP48 was instantiated in the design, it is suggested to set both the MREG and PREG attributes to 1 when performing multiply functions.
WARNING: [DRC DPOP-4] MREG Output pipelining: DSP HIGH_SPEED_ADC/CHANNELS[1].SAMPLES[1].SAMPLE_SCALING.SCALING/SO/DSP multiplier stage HIGH_SPEED_ADC/CHANNELS[1].SAMPLES[1].SAMPLE_SCALING.SCALING/SO/DSP/PATTERNBDETECT is not pipelined (MREG=0). Pipelining the multiplier function will improve performance and will save significant power so it is suggested whenever possible to fully pipeline this function.  If this multiplier was inferred, it is suggested to describe an additional register stage after this function.  If there is no registered adder/accumulator following the multiply function, two pipeline stages are suggested to allow both the MREG and PREG registers to be used.  If the DSP48 was instantiated in the design, it is suggested to set both the MREG and PREG attributes to 1 when performing multiply functions.
WARNING: [DRC DPOP-4] MREG Output pipelining: DSP HIGH_SPEED_ADC/CHANNELS[1].SAMPLES[1].SAMPLE_SCALING.SCALING/SO/DSP multiplier stage HIGH_SPEED_ADC/CHANNELS[1].SAMPLES[1].SAMPLE_SCALING.SCALING/SO/DSP/PATTERNDETECT is not pipelined (MREG=0). Pipelining the multiplier function will improve performance and will save significant power so it is suggested whenever possible to fully pipeline this function.  If this multiplier was inferred, it is suggested to describe an additional register stage after this function.  If there is no registered adder/accumulator following the multiply function, two pipeline stages are suggested to allow both the MREG and PREG registers to be used.  If the DSP48 was instantiated in the design, it is suggested to set both the MREG and PREG attributes to 1 when performing multiply functions.
WARNING: [DRC DPOP-4] MREG Output pipelining: DSP HIGH_SPEED_ADC/CHANNELS[1].SAMPLES[1].SAMPLE_SCALING.SCALING/SO/DSP multiplier stage HIGH_SPEED_ADC/CHANNELS[1].SAMPLES[1].SAMPLE_SCALING.SCALING/SO/DSP/P[47:0] is not pipelined (MREG=0). Pipelining the multiplier function will improve performance and will save significant power so it is suggested whenever possible to fully pipeline this function.  If this multiplier was inferred, it is suggested to describe an additional register stage after this function.  If there is no registered adder/accumulator following the multiply function, two pipeline stages are suggested to allow both the MREG and PREG registers to be used.  If the DSP48 was instantiated in the design, it is suggested to set both the MREG and PREG attributes to 1 when performing multiply functions.
WARNING: [DRC DPOP-4] MREG Output pipelining: DSP HIGH_SPEED_ADC/CHANNELS[1].SAMPLES[2].SAMPLE_SCALING.SCALING/SO/DSP multiplier stage HIGH_SPEED_ADC/CHANNELS[1].SAMPLES[2].SAMPLE_SCALING.SCALING/SO/DSP/PATTERNBDETECT is not pipelined (MREG=0). Pipelining the multiplier function will improve performance and will save significant power so it is suggested whenever possible to fully pipeline this function.  If this multiplier was inferred, it is suggested to describe an additional register stage after this function.  If there is no registered adder/accumulator following the multiply function, two pipeline stages are suggested to allow both the MREG and PREG registers to be used.  If the DSP48 was instantiated in the design, it is suggested to set both the MREG and PREG attributes to 1 when performing multiply functions.
WARNING: [DRC DPOP-4] MREG Output pipelining: DSP HIGH_SPEED_ADC/CHANNELS[1].SAMPLES[2].SAMPLE_SCALING.SCALING/SO/DSP multiplier stage HIGH_SPEED_ADC/CHANNELS[1].SAMPLES[2].SAMPLE_SCALING.SCALING/SO/DSP/PATTERNDETECT is not pipelined (MREG=0). Pipelining the multiplier function will improve performance and will save significant power so it is suggested whenever possible to fully pipeline this function.  If this multiplier was inferred, it is suggested to describe an additional register stage after this function.  If there is no registered adder/accumulator following the multiply function, two pipeline stages are suggested to allow both the MREG and PREG registers to be used.  If the DSP48 was instantiated in the design, it is suggested to set both the MREG and PREG attributes to 1 when performing multiply functions.
WARNING: [DRC DPOP-4] MREG Output pipelining: DSP HIGH_SPEED_ADC/CHANNELS[1].SAMPLES[2].SAMPLE_SCALING.SCALING/SO/DSP multiplier stage HIGH_SPEED_ADC/CHANNELS[1].SAMPLES[2].SAMPLE_SCALING.SCALING/SO/DSP/P[47:0] is not pipelined (MREG=0). Pipelining the multiplier function will improve performance and will save significant power so it is suggested whenever possible to fully pipeline this function.  If this multiplier was inferred, it is suggested to describe an additional register stage after this function.  If there is no registered adder/accumulator following the multiply function, two pipeline stages are suggested to allow both the MREG and PREG registers to be used.  If the DSP48 was instantiated in the design, it is suggested to set both the MREG and PREG attributes to 1 when performing multiply functions.
WARNING: [DRC DPOP-4] MREG Output pipelining: DSP HIGH_SPEED_ADC/CHANNELS[1].SAMPLES[3].SAMPLE_SCALING.SCALING/SO/DSP multiplier stage HIGH_SPEED_ADC/CHANNELS[1].SAMPLES[3].SAMPLE_SCALING.SCALING/SO/DSP/PATTERNBDETECT is not pipelined (MREG=0). Pipelining the multiplier function will improve performance and will save significant power so it is suggested whenever possible to fully pipeline this function.  If this multiplier was inferred, it is suggested to describe an additional register stage after this function.  If there is no registered adder/accumulator following the multiply function, two pipeline stages are suggested to allow both the MREG and PREG registers to be used.  If the DSP48 was instantiated in the design, it is suggested to set both the MREG and PREG attributes to 1 when performing multiply functions.
WARNING: [DRC DPOP-4] MREG Output pipelining: DSP HIGH_SPEED_ADC/CHANNELS[1].SAMPLES[3].SAMPLE_SCALING.SCALING/SO/DSP multiplier stage HIGH_SPEED_ADC/CHANNELS[1].SAMPLES[3].SAMPLE_SCALING.SCALING/SO/DSP/PATTERNDETECT is not pipelined (MREG=0). Pipelining the multiplier function will improve performance and will save significant power so it is suggested whenever possible to fully pipeline this function.  If this multiplier was inferred, it is suggested to describe an additional register stage after this function.  If there is no registered adder/accumulator following the multiply function, two pipeline stages are suggested to allow both the MREG and PREG registers to be used.  If the DSP48 was instantiated in the design, it is suggested to set both the MREG and PREG attributes to 1 when performing multiply functions.
WARNING: [DRC DPOP-4] MREG Output pipelining: DSP HIGH_SPEED_ADC/CHANNELS[1].SAMPLES[3].SAMPLE_SCALING.SCALING/SO/DSP multiplier stage HIGH_SPEED_ADC/CHANNELS[1].SAMPLES[3].SAMPLE_SCALING.SCALING/SO/DSP/P[47:0] is not pipelined (MREG=0). Pipelining the multiplier function will improve performance and will save significant power so it is suggested whenever possible to fully pipeline this function.  If this multiplier was inferred, it is suggested to describe an additional register stage after this function.  If there is no registered adder/accumulator following the multiply function, two pipeline stages are suggested to allow both the MREG and PREG registers to be used.  If the DSP48 was instantiated in the design, it is suggested to set both the MREG and PREG attributes to 1 when performing multiply functions.
WARNING: [DRC DPOP-4] MREG Output pipelining: DSP HIGH_SPEED_ADC/CHANNELS[2].SAMPLES[0].SAMPLE_SCALING.SCALING/SO/DSP multiplier stage HIGH_SPEED_ADC/CHANNELS[2].SAMPLES[0].SAMPLE_SCALING.SCALING/SO/DSP/PATTERNBDETECT is not pipelined (MREG=0). Pipelining the multiplier function will improve performance and will save significant power so it is suggested whenever possible to fully pipeline this function.  If this multiplier was inferred, it is suggested to describe an additional register stage after this function.  If there is no registered adder/accumulator following the multiply function, two pipeline stages are suggested to allow both the MREG and PREG registers to be used.  If the DSP48 was instantiated in the design, it is suggested to set both the MREG and PREG attributes to 1 when performing multiply functions.
WARNING: [DRC DPOP-4] MREG Output pipelining: DSP HIGH_SPEED_ADC/CHANNELS[2].SAMPLES[0].SAMPLE_SCALING.SCALING/SO/DSP multiplier stage HIGH_SPEED_ADC/CHANNELS[2].SAMPLES[0].SAMPLE_SCALING.SCALING/SO/DSP/PATTERNDETECT is not pipelined (MREG=0). Pipelining the multiplier function will improve performance and will save significant power so it is suggested whenever possible to fully pipeline this function.  If this multiplier was inferred, it is suggested to describe an additional register stage after this function.  If there is no registered adder/accumulator following the multiply function, two pipeline stages are suggested to allow both the MREG and PREG registers to be used.  If the DSP48 was instantiated in the design, it is suggested to set both the MREG and PREG attributes to 1 when performing multiply functions.
WARNING: [DRC DPOP-4] MREG Output pipelining: DSP HIGH_SPEED_ADC/CHANNELS[2].SAMPLES[0].SAMPLE_SCALING.SCALING/SO/DSP multiplier stage HIGH_SPEED_ADC/CHANNELS[2].SAMPLES[0].SAMPLE_SCALING.SCALING/SO/DSP/P[47:0] is not pipelined (MREG=0). Pipelining the multiplier function will improve performance and will save significant power so it is suggested whenever possible to fully pipeline this function.  If this multiplier was inferred, it is suggested to describe an additional register stage after this function.  If there is no registered adder/accumulator following the multiply function, two pipeline stages are suggested to allow both the MREG and PREG registers to be used.  If the DSP48 was instantiated in the design, it is suggested to set both the MREG and PREG attributes to 1 when performing multiply functions.
WARNING: [DRC DPOP-4] MREG Output pipelining: DSP HIGH_SPEED_ADC/CHANNELS[2].SAMPLES[1].SAMPLE_SCALING.SCALING/SO/DSP multiplier stage HIGH_SPEED_ADC/CHANNELS[2].SAMPLES[1].SAMPLE_SCALING.SCALING/SO/DSP/PATTERNBDETECT is not pipelined (MREG=0). Pipelining the multiplier function will improve performance and will save significant power so it is suggested whenever possible to fully pipeline this function.  If this multiplier was inferred, it is suggested to describe an additional register stage after this function.  If there is no registered adder/accumulator following the multiply function, two pipeline stages are suggested to allow both the MREG and PREG registers to be used.  If the DSP48 was instantiated in the design, it is suggested to set both the MREG and PREG attributes to 1 when performing multiply functions.
WARNING: [DRC DPOP-4] MREG Output pipelining: DSP HIGH_SPEED_ADC/CHANNELS[2].SAMPLES[1].SAMPLE_SCALING.SCALING/SO/DSP multiplier stage HIGH_SPEED_ADC/CHANNELS[2].SAMPLES[1].SAMPLE_SCALING.SCALING/SO/DSP/PATTERNDETECT is not pipelined (MREG=0). Pipelining the multiplier function will improve performance and will save significant power so it is suggested whenever possible to fully pipeline this function.  If this multiplier was inferred, it is suggested to describe an additional register stage after this function.  If there is no registered adder/accumulator following the multiply function, two pipeline stages are suggested to allow both the MREG and PREG registers to be used.  If the DSP48 was instantiated in the design, it is suggested to set both the MREG and PREG attributes to 1 when performing multiply functions.
WARNING: [DRC DPOP-4] MREG Output pipelining: DSP HIGH_SPEED_ADC/CHANNELS[2].SAMPLES[1].SAMPLE_SCALING.SCALING/SO/DSP multiplier stage HIGH_SPEED_ADC/CHANNELS[2].SAMPLES[1].SAMPLE_SCALING.SCALING/SO/DSP/P[47:0] is not pipelined (MREG=0). Pipelining the multiplier function will improve performance and will save significant power so it is suggested whenever possible to fully pipeline this function.  If this multiplier was inferred, it is suggested to describe an additional register stage after this function.  If there is no registered adder/accumulator following the multiply function, two pipeline stages are suggested to allow both the MREG and PREG registers to be used.  If the DSP48 was instantiated in the design, it is suggested to set both the MREG and PREG attributes to 1 when performing multiply functions.
WARNING: [DRC DPOP-4] MREG Output pipelining: DSP HIGH_SPEED_ADC/CHANNELS[2].SAMPLES[2].SAMPLE_SCALING.SCALING/SO/DSP multiplier stage HIGH_SPEED_ADC/CHANNELS[2].SAMPLES[2].SAMPLE_SCALING.SCALING/SO/DSP/PATTERNBDETECT is not pipelined (MREG=0). Pipelining the multiplier function will improve performance and will save significant power so it is suggested whenever possible to fully pipeline this function.  If this multiplier was inferred, it is suggested to describe an additional register stage after this function.  If there is no registered adder/accumulator following the multiply function, two pipeline stages are suggested to allow both the MREG and PREG registers to be used.  If the DSP48 was instantiated in the design, it is suggested to set both the MREG and PREG attributes to 1 when performing multiply functions.
WARNING: [DRC DPOP-4] MREG Output pipelining: DSP HIGH_SPEED_ADC/CHANNELS[2].SAMPLES[2].SAMPLE_SCALING.SCALING/SO/DSP multiplier stage HIGH_SPEED_ADC/CHANNELS[2].SAMPLES[2].SAMPLE_SCALING.SCALING/SO/DSP/PATTERNDETECT is not pipelined (MREG=0). Pipelining the multiplier function will improve performance and will save significant power so it is suggested whenever possible to fully pipeline this function.  If this multiplier was inferred, it is suggested to describe an additional register stage after this function.  If there is no registered adder/accumulator following the multiply function, two pipeline stages are suggested to allow both the MREG and PREG registers to be used.  If the DSP48 was instantiated in the design, it is suggested to set both the MREG and PREG attributes to 1 when performing multiply functions.
WARNING: [DRC DPOP-4] MREG Output pipelining: DSP HIGH_SPEED_ADC/CHANNELS[2].SAMPLES[2].SAMPLE_SCALING.SCALING/SO/DSP multiplier stage HIGH_SPEED_ADC/CHANNELS[2].SAMPLES[2].SAMPLE_SCALING.SCALING/SO/DSP/P[47:0] is not pipelined (MREG=0). Pipelining the multiplier function will improve performance and will save significant power so it is suggested whenever possible to fully pipeline this function.  If this multiplier was inferred, it is suggested to describe an additional register stage after this function.  If there is no registered adder/accumulator following the multiply function, two pipeline stages are suggested to allow both the MREG and PREG registers to be used.  If the DSP48 was instantiated in the design, it is suggested to set both the MREG and PREG attributes to 1 when performing multiply functions.
WARNING: [DRC DPOP-4] MREG Output pipelining: DSP HIGH_SPEED_ADC/CHANNELS[2].SAMPLES[3].SAMPLE_SCALING.SCALING/SO/DSP multiplier stage HIGH_SPEED_ADC/CHANNELS[2].SAMPLES[3].SAMPLE_SCALING.SCALING/SO/DSP/PATTERNBDETECT is not pipelined (MREG=0). Pipelining the multiplier function will improve performance and will save significant power so it is suggested whenever possible to fully pipeline this function.  If this multiplier was inferred, it is suggested to describe an additional register stage after this function.  If there is no registered adder/accumulator following the multiply function, two pipeline stages are suggested to allow both the MREG and PREG registers to be used.  If the DSP48 was instantiated in the design, it is suggested to set both the MREG and PREG attributes to 1 when performing multiply functions.
WARNING: [DRC DPOP-4] MREG Output pipelining: DSP HIGH_SPEED_ADC/CHANNELS[2].SAMPLES[3].SAMPLE_SCALING.SCALING/SO/DSP multiplier stage HIGH_SPEED_ADC/CHANNELS[2].SAMPLES[3].SAMPLE_SCALING.SCALING/SO/DSP/PATTERNDETECT is not pipelined (MREG=0). Pipelining the multiplier function will improve performance and will save significant power so it is suggested whenever possible to fully pipeline this function.  If this multiplier was inferred, it is suggested to describe an additional register stage after this function.  If there is no registered adder/accumulator following the multiply function, two pipeline stages are suggested to allow both the MREG and PREG registers to be used.  If the DSP48 was instantiated in the design, it is suggested to set both the MREG and PREG attributes to 1 when performing multiply functions.
WARNING: [DRC DPOP-4] MREG Output pipelining: DSP HIGH_SPEED_ADC/CHANNELS[2].SAMPLES[3].SAMPLE_SCALING.SCALING/SO/DSP multiplier stage HIGH_SPEED_ADC/CHANNELS[2].SAMPLES[3].SAMPLE_SCALING.SCALING/SO/DSP/P[47:0] is not pipelined (MREG=0). Pipelining the multiplier function will improve performance and will save significant power so it is suggested whenever possible to fully pipeline this function.  If this multiplier was inferred, it is suggested to describe an additional register stage after this function.  If there is no registered adder/accumulator following the multiply function, two pipeline stages are suggested to allow both the MREG and PREG registers to be used.  If the DSP48 was instantiated in the design, it is suggested to set both the MREG and PREG attributes to 1 when performing multiply functions.
WARNING: [DRC DPOP-4] MREG Output pipelining: DSP HIGH_SPEED_ADC/CHANNELS[3].SAMPLES[0].SAMPLE_SCALING.SCALING/SO/DSP multiplier stage HIGH_SPEED_ADC/CHANNELS[3].SAMPLES[0].SAMPLE_SCALING.SCALING/SO/DSP/PATTERNBDETECT is not pipelined (MREG=0). Pipelining the multiplier function will improve performance and will save significant power so it is suggested whenever possible to fully pipeline this function.  If this multiplier was inferred, it is suggested to describe an additional register stage after this function.  If there is no registered adder/accumulator following the multiply function, two pipeline stages are suggested to allow both the MREG and PREG registers to be used.  If the DSP48 was instantiated in the design, it is suggested to set both the MREG and PREG attributes to 1 when performing multiply functions.
WARNING: [DRC DPOP-4] MREG Output pipelining: DSP HIGH_SPEED_ADC/CHANNELS[3].SAMPLES[0].SAMPLE_SCALING.SCALING/SO/DSP multiplier stage HIGH_SPEED_ADC/CHANNELS[3].SAMPLES[0].SAMPLE_SCALING.SCALING/SO/DSP/PATTERNDETECT is not pipelined (MREG=0). Pipelining the multiplier function will improve performance and will save significant power so it is suggested whenever possible to fully pipeline this function.  If this multiplier was inferred, it is suggested to describe an additional register stage after this function.  If there is no registered adder/accumulator following the multiply function, two pipeline stages are suggested to allow both the MREG and PREG registers to be used.  If the DSP48 was instantiated in the design, it is suggested to set both the MREG and PREG attributes to 1 when performing multiply functions.
WARNING: [DRC DPOP-4] MREG Output pipelining: DSP HIGH_SPEED_ADC/CHANNELS[3].SAMPLES[0].SAMPLE_SCALING.SCALING/SO/DSP multiplier stage HIGH_SPEED_ADC/CHANNELS[3].SAMPLES[0].SAMPLE_SCALING.SCALING/SO/DSP/P[47:0] is not pipelined (MREG=0). Pipelining the multiplier function will improve performance and will save significant power so it is suggested whenever possible to fully pipeline this function.  If this multiplier was inferred, it is suggested to describe an additional register stage after this function.  If there is no registered adder/accumulator following the multiply function, two pipeline stages are suggested to allow both the MREG and PREG registers to be used.  If the DSP48 was instantiated in the design, it is suggested to set both the MREG and PREG attributes to 1 when performing multiply functions.
WARNING: [DRC DPOP-4] MREG Output pipelining: DSP HIGH_SPEED_ADC/CHANNELS[3].SAMPLES[1].SAMPLE_SCALING.SCALING/SO/DSP multiplier stage HIGH_SPEED_ADC/CHANNELS[3].SAMPLES[1].SAMPLE_SCALING.SCALING/SO/DSP/PATTERNBDETECT is not pipelined (MREG=0). Pipelining the multiplier function will improve performance and will save significant power so it is suggested whenever possible to fully pipeline this function.  If this multiplier was inferred, it is suggested to describe an additional register stage after this function.  If there is no registered adder/accumulator following the multiply function, two pipeline stages are suggested to allow both the MREG and PREG registers to be used.  If the DSP48 was instantiated in the design, it is suggested to set both the MREG and PREG attributes to 1 when performing multiply functions.
WARNING: [DRC DPOP-4] MREG Output pipelining: DSP HIGH_SPEED_ADC/CHANNELS[3].SAMPLES[1].SAMPLE_SCALING.SCALING/SO/DSP multiplier stage HIGH_SPEED_ADC/CHANNELS[3].SAMPLES[1].SAMPLE_SCALING.SCALING/SO/DSP/PATTERNDETECT is not pipelined (MREG=0). Pipelining the multiplier function will improve performance and will save significant power so it is suggested whenever possible to fully pipeline this function.  If this multiplier was inferred, it is suggested to describe an additional register stage after this function.  If there is no registered adder/accumulator following the multiply function, two pipeline stages are suggested to allow both the MREG and PREG registers to be used.  If the DSP48 was instantiated in the design, it is suggested to set both the MREG and PREG attributes to 1 when performing multiply functions.
WARNING: [DRC DPOP-4] MREG Output pipelining: DSP HIGH_SPEED_ADC/CHANNELS[3].SAMPLES[1].SAMPLE_SCALING.SCALING/SO/DSP multiplier stage HIGH_SPEED_ADC/CHANNELS[3].SAMPLES[1].SAMPLE_SCALING.SCALING/SO/DSP/P[47:0] is not pipelined (MREG=0). Pipelining the multiplier function will improve performance and will save significant power so it is suggested whenever possible to fully pipeline this function.  If this multiplier was inferred, it is suggested to describe an additional register stage after this function.  If there is no registered adder/accumulator following the multiply function, two pipeline stages are suggested to allow both the MREG and PREG registers to be used.  If the DSP48 was instantiated in the design, it is suggested to set both the MREG and PREG attributes to 1 when performing multiply functions.
WARNING: [DRC DPOP-4] MREG Output pipelining: DSP HIGH_SPEED_ADC/CHANNELS[3].SAMPLES[2].SAMPLE_SCALING.SCALING/SO/DSP multiplier stage HIGH_SPEED_ADC/CHANNELS[3].SAMPLES[2].SAMPLE_SCALING.SCALING/SO/DSP/PATTERNBDETECT is not pipelined (MREG=0). Pipelining the multiplier function will improve performance and will save significant power so it is suggested whenever possible to fully pipeline this function.  If this multiplier was inferred, it is suggested to describe an additional register stage after this function.  If there is no registered adder/accumulator following the multiply function, two pipeline stages are suggested to allow both the MREG and PREG registers to be used.  If the DSP48 was instantiated in the design, it is suggested to set both the MREG and PREG attributes to 1 when performing multiply functions.
WARNING: [DRC DPOP-4] MREG Output pipelining: DSP HIGH_SPEED_ADC/CHANNELS[3].SAMPLES[2].SAMPLE_SCALING.SCALING/SO/DSP multiplier stage HIGH_SPEED_ADC/CHANNELS[3].SAMPLES[2].SAMPLE_SCALING.SCALING/SO/DSP/PATTERNDETECT is not pipelined (MREG=0). Pipelining the multiplier function will improve performance and will save significant power so it is suggested whenever possible to fully pipeline this function.  If this multiplier was inferred, it is suggested to describe an additional register stage after this function.  If there is no registered adder/accumulator following the multiply function, two pipeline stages are suggested to allow both the MREG and PREG registers to be used.  If the DSP48 was instantiated in the design, it is suggested to set both the MREG and PREG attributes to 1 when performing multiply functions.
WARNING: [DRC DPOP-4] MREG Output pipelining: DSP HIGH_SPEED_ADC/CHANNELS[3].SAMPLES[2].SAMPLE_SCALING.SCALING/SO/DSP multiplier stage HIGH_SPEED_ADC/CHANNELS[3].SAMPLES[2].SAMPLE_SCALING.SCALING/SO/DSP/P[47:0] is not pipelined (MREG=0). Pipelining the multiplier function will improve performance and will save significant power so it is suggested whenever possible to fully pipeline this function.  If this multiplier was inferred, it is suggested to describe an additional register stage after this function.  If there is no registered adder/accumulator following the multiply function, two pipeline stages are suggested to allow both the MREG and PREG registers to be used.  If the DSP48 was instantiated in the design, it is suggested to set both the MREG and PREG attributes to 1 when performing multiply functions.
WARNING: [DRC DPOP-4] MREG Output pipelining: DSP HIGH_SPEED_ADC/CHANNELS[3].SAMPLES[3].SAMPLE_SCALING.SCALING/SO/DSP multiplier stage HIGH_SPEED_ADC/CHANNELS[3].SAMPLES[3].SAMPLE_SCALING.SCALING/SO/DSP/PATTERNBDETECT is not pipelined (MREG=0). Pipelining the multiplier function will improve performance and will save significant power so it is suggested whenever possible to fully pipeline this function.  If this multiplier was inferred, it is suggested to describe an additional register stage after this function.  If there is no registered adder/accumulator following the multiply function, two pipeline stages are suggested to allow both the MREG and PREG registers to be used.  If the DSP48 was instantiated in the design, it is suggested to set both the MREG and PREG attributes to 1 when performing multiply functions.
WARNING: [DRC DPOP-4] MREG Output pipelining: DSP HIGH_SPEED_ADC/CHANNELS[3].SAMPLES[3].SAMPLE_SCALING.SCALING/SO/DSP multiplier stage HIGH_SPEED_ADC/CHANNELS[3].SAMPLES[3].SAMPLE_SCALING.SCALING/SO/DSP/PATTERNDETECT is not pipelined (MREG=0). Pipelining the multiplier function will improve performance and will save significant power so it is suggested whenever possible to fully pipeline this function.  If this multiplier was inferred, it is suggested to describe an additional register stage after this function.  If there is no registered adder/accumulator following the multiply function, two pipeline stages are suggested to allow both the MREG and PREG registers to be used.  If the DSP48 was instantiated in the design, it is suggested to set both the MREG and PREG attributes to 1 when performing multiply functions.
WARNING: [DRC DPOP-4] MREG Output pipelining: DSP HIGH_SPEED_ADC/CHANNELS[3].SAMPLES[3].SAMPLE_SCALING.SCALING/SO/DSP multiplier stage HIGH_SPEED_ADC/CHANNELS[3].SAMPLES[3].SAMPLE_SCALING.SCALING/SO/DSP/P[47:0] is not pipelined (MREG=0). Pipelining the multiplier function will improve performance and will save significant power so it is suggested whenever possible to fully pipeline this function.  If this multiplier was inferred, it is suggested to describe an additional register stage after this function.  If there is no registered adder/accumulator following the multiply function, two pipeline stages are suggested to allow both the MREG and PREG registers to be used.  If the DSP48 was instantiated in the design, it is suggested to set both the MREG and PREG attributes to 1 when performing multiply functions.
WARNING: [DRC DPOP-4] MREG Output pipelining: DSP INSTRS[0].INSTR_BLK.INSTR/DUT/U_NCO/r_pmod_accumulator1 multiplier stage INSTRS[0].INSTR_BLK.INSTR/DUT/U_NCO/r_pmod_accumulator1/P[47:0] is not pipelined (MREG=0). Pipelining the multiplier function will improve performance and will save significant power so it is suggested whenever possible to fully pipeline this function.  If this multiplier was inferred, it is suggested to describe an additional register stage after this function.  If there is no registered adder/accumulator following the multiply function, two pipeline stages are suggested to allow both the MREG and PREG registers to be used.  If the DSP48 was instantiated in the design, it is suggested to set both the MREG and PREG attributes to 1 when performing multiply functions.
WARNING: [DRC DPOP-4] MREG Output pipelining: DSP INSTRS[0].INSTR_BLK.INSTR/DUT/U_NCO/v_frequency_reg_reg multiplier stage INSTRS[0].INSTR_BLK.INSTR/DUT/U_NCO/v_frequency_reg_reg/P[47:0] is not pipelined (MREG=0). Pipelining the multiplier function will improve performance and will save significant power so it is suggested whenever possible to fully pipeline this function.  If this multiplier was inferred, it is suggested to describe an additional register stage after this function.  If there is no registered adder/accumulator following the multiply function, two pipeline stages are suggested to allow both the MREG and PREG registers to be used.  If the DSP48 was instantiated in the design, it is suggested to set both the MREG and PREG attributes to 1 when performing multiply functions.
WARNING: [DRC DPOP-4] MREG Output pipelining: DSP INSTRS[1].INSTR_BLK.INSTR/DUT/U_NCO/r_pmod_accumulator1 multiplier stage INSTRS[1].INSTR_BLK.INSTR/DUT/U_NCO/r_pmod_accumulator1/P[47:0] is not pipelined (MREG=0). Pipelining the multiplier function will improve performance and will save significant power so it is suggested whenever possible to fully pipeline this function.  If this multiplier was inferred, it is suggested to describe an additional register stage after this function.  If there is no registered adder/accumulator following the multiply function, two pipeline stages are suggested to allow both the MREG and PREG registers to be used.  If the DSP48 was instantiated in the design, it is suggested to set both the MREG and PREG attributes to 1 when performing multiply functions.
WARNING: [DRC DPOP-4] MREG Output pipelining: DSP INSTRS[1].INSTR_BLK.INSTR/DUT/U_NCO/v_frequency_reg_reg multiplier stage INSTRS[1].INSTR_BLK.INSTR/DUT/U_NCO/v_frequency_reg_reg/P[47:0] is not pipelined (MREG=0). Pipelining the multiplier function will improve performance and will save significant power so it is suggested whenever possible to fully pipeline this function.  If this multiplier was inferred, it is suggested to describe an additional register stage after this function.  If there is no registered adder/accumulator following the multiply function, two pipeline stages are suggested to allow both the MREG and PREG registers to be used.  If the DSP48 was instantiated in the design, it is suggested to set both the MREG and PREG attributes to 1 when performing multiply functions.
INFO: [Common 17-14] Message 'DRC DPOP-4' appears 100 times and further instances of the messages will be disabled. Use the Tcl command set_msg_config to change the current settings.
WARNING: [DRC PDCN-1569] LUT equation term check: Used physical LUT pin 'A1' of cell PROCESSOR/processor_i/AXI_INTER/s00_couplers/auto_ds/inst/gen_downsizer.gen_simple_downsizer.axi_downsizer_inst/USE_READ.read_addr_inst/cmd_queue/inst/fifo_gen_inst/inst_fifo_gen/gconvfifo.rf/grf.rf/gntv_or_sync_fifo.gl0.rd/gr1.gr1_int.rfwft/gpregsm1.user_valid_i_1 (pin PROCESSOR/processor_i/AXI_INTER/s00_couplers/auto_ds/inst/gen_downsizer.gen_simple_downsizer.axi_downsizer_inst/USE_READ.read_addr_inst/cmd_queue/inst/fifo_gen_inst/inst_fifo_gen/gconvfifo.rf/grf.rf/gntv_or_sync_fifo.gl0.rd/gr1.gr1_int.rfwft/gpregsm1.user_valid_i_1/I1) is not included in the LUT equation: 'O5=(A5)+((~A5)*(~A3)*A4)'. If this cell is a user instantiated LUT in the design, please remove connectivity to the pin or change the equation and/or INIT string of the LUT to prevent this issue. If the cell is inferred or IP created LUT, please regenerate the IP and/or resynthesize the design to attempt to correct the issue.
WARNING: [DRC PDCN-1569] LUT equation term check: Used physical LUT pin 'A3' of cell PROCESSOR/processor_i/AXI_INTER/s00_couplers/auto_ds/inst/gen_downsizer.gen_simple_downsizer.axi_downsizer_inst/USE_WRITE.write_addr_inst/cmd_queue/inst/fifo_gen_inst/inst_fifo_gen/gconvfifo.rf/grf.rf/gntv_or_sync_fifo.gl0.rd/gr1.gr1_int.rfwft/gpregsm1.user_valid_i_1 (pin PROCESSOR/processor_i/AXI_INTER/s00_couplers/auto_ds/inst/gen_downsizer.gen_simple_downsizer.axi_downsizer_inst/USE_WRITE.write_addr_inst/cmd_queue/inst/fifo_gen_inst/inst_fifo_gen/gconvfifo.rf/grf.rf/gntv_or_sync_fifo.gl0.rd/gr1.gr1_int.rfwft/gpregsm1.user_valid_i_1/I1) is not included in the LUT equation: 'O5=(A2)+((~A2)*(~A5)*A4)'. If this cell is a user instantiated LUT in the design, please remove connectivity to the pin or change the equation and/or INIT string of the LUT to prevent this issue. If the cell is inferred or IP created LUT, please regenerate the IP and/or resynthesize the design to attempt to correct the issue.
WARNING: [DRC PDCN-1569] LUT equation term check: Used physical LUT pin 'A5' of cell PROCESSOR/processor_i/AXI_INTER/s00_couplers/auto_ds/inst/gen_downsizer.gen_simple_downsizer.axi_downsizer_inst/USE_WRITE.write_addr_inst/USE_B_CHANNEL.cmd_b_queue/inst/fifo_gen_inst/inst_fifo_gen/gconvfifo.rf/grf.rf/gntv_or_sync_fifo.gl0.rd/gr1.gr1_int.rfwft/gpregsm1.user_valid_i_1 (pin PROCESSOR/processor_i/AXI_INTER/s00_couplers/auto_ds/inst/gen_downsizer.gen_simple_downsizer.axi_downsizer_inst/USE_WRITE.write_addr_inst/USE_B_CHANNEL.cmd_b_queue/inst/fifo_gen_inst/inst_fifo_gen/gconvfifo.rf/grf.rf/gntv_or_sync_fifo.gl0.rd/gr1.gr1_int.rfwft/gpregsm1.user_valid_i_1/I1) is not included in the LUT equation: 'O5=(A3)+((~A3)*(~A1)*A4)'. If this cell is a user instantiated LUT in the design, please remove connectivity to the pin or change the equation and/or INIT string of the LUT to prevent this issue. If the cell is inferred or IP created LUT, please regenerate the IP and/or resynthesize the design to attempt to correct the issue.
WARNING: [DRC REQP-1853] BUFGCE_DIV_cascade_from_clock_buf: Cascaded clock buffers exist in the design with constant CE pin. This may result in large clock skew and timing violations. Cell BUFGCE_DIV HIGH_SPEED_ADC/RIUClk_BUF I pin is driven by another clock buffer USR_BUF.
WARNING: [DRC RTSTAT-10] No routable loads: 146 net(s) have no routable loads. The problem bus(es) and/or net(s) are PROCESSOR/processor_i/AXI_INTER/s00_couplers/auto_ds/inst/gen_downsizer.gen_simple_downsizer.axi_downsizer_inst/USE_WRITE.write_addr_inst/cmd_queue/inst/fifo_gen_inst/inst_fifo_gen/gconvfifo.rf/grf.rf/gntv_or_sync_fifo.gl0.rd/gr1.gr1_int.rfwft/aempty_fwft_i, PROCESSOR/processor_i/AXI_INTER/s00_couplers/auto_ds/inst/gen_downsizer.gen_simple_downsizer.axi_downsizer_inst/USE_WRITE.write_addr_inst/USE_B_CHANNEL.cmd_b_queue/inst/fifo_gen_inst/inst_fifo_gen/gconvfifo.rf/grf.rf/gntv_or_sync_fifo.gl0.rd/gr1.gr1_int.rfwft/aempty_fwft_i, PROCESSOR/processor_i/AXI_INTER/s00_couplers/auto_ds/inst/gen_downsizer.gen_simple_downsizer.axi_downsizer_inst/USE_READ.read_addr_inst/cmd_queue/inst/fifo_gen_inst/inst_fifo_gen/gconvfifo.rf/grf.rf/gntv_or_sync_fifo.gl0.rd/gr1.gr1_int.rfwft/aempty_fwft_i, CBUFS[3].CBUF/FIFO/U0/inst_fifo_gen/gconvfifo.rf/grf.rf/rstblk/ngwrdrst.grst.rd_rst_reg[2:0], CBUFS[12].CBUF/FIFO/U0/inst_fifo_gen/gconvfifo.rf/grf.rf/rstblk/ngwrdrst.grst.rd_rst_reg[2:0], CBUFS[10].CBUF/FIFO/U0/inst_fifo_gen/gconvfifo.rf/grf.rf/rstblk/ngwrdrst.grst.rd_rst_reg[2:0], CBUFS[6].CBUF/FIFO/U0/inst_fifo_gen/gconvfifo.rf/grf.rf/rstblk/ngwrdrst.grst.rd_rst_reg[2:0], CBUFS[1].CBUF/FIFO/U0/inst_fifo_gen/gconvfifo.rf/grf.rf/rstblk/ngwrdrst.grst.rd_rst_reg[2:0], PROCESSOR/processor_i/AXI_INTER/s00_couplers/auto_ds/inst/gen_downsizer.gen_simple_downsizer.axi_downsizer_inst/USE_WRITE.write_addr_inst/USE_B_CHANNEL.cmd_b_queue/inst/fifo_gen_inst/inst_fifo_gen/gconvfifo.rf/grf.rf/rstblk/ngwrdrst.grst.rd_rst_reg[2:0], CBUFS[14].CBUF/FIFO/U0/inst_fifo_gen/gconvfifo.rf/grf.rf/rstblk/ngwrdrst.grst.rd_rst_reg[2:0], CBUFS[7].CBUF/FIFO/U0/inst_fifo_gen/gconvfifo.rf/grf.rf/rstblk/ngwrdrst.grst.rd_rst_reg[2:0], CBUFS[9].CBUF/FIFO/U0/inst_fifo_gen/gconvfifo.rf/grf.rf/rstblk/ngwrdrst.grst.rd_rst_reg[2:0], CBUFS[8].CBUF/FIFO/U0/inst_fifo_gen/gconvfifo.rf/grf.rf/rstblk/ngwrdrst.grst.rd_rst_reg[2:0], CBUFS[2].CBUF/FIFO/U0/inst_fifo_gen/gconvfifo.rf/grf.rf/rstblk/ngwrdrst.grst.rd_rst_reg[2:0], CBUFS[0].CBUF/FIFO/U0/inst_fifo_gen/gconvfifo.rf/grf.rf/rstblk/ngwrdrst.grst.rd_rst_reg[2:0]... and (the first 15 of 70 listed).
INFO: [DRC REQP-1669] enum_AREG_0_connects_CEA1_GND_connects_CEA2_GND: LOW_SPEED_ADC/LADCS[0].SCALING/SO/DSP: When DSP48E2 attribute AREG is set to 0, the CEA1 and CEA2 pins should be tied to GND to save power.
INFO: [DRC REQP-1669] enum_AREG_0_connects_CEA1_GND_connects_CEA2_GND: LOW_SPEED_ADC/LADCS[1].SCALING/SO/DSP: When DSP48E2 attribute AREG is set to 0, the CEA1 and CEA2 pins should be tied to GND to save power.
INFO: [DRC REQP-1669] enum_AREG_0_connects_CEA1_GND_connects_CEA2_GND: LOW_SPEED_ADC/LADCS[2].SCALING/SO/DSP: When DSP48E2 attribute AREG is set to 0, the CEA1 and CEA2 pins should be tied to GND to save power.
INFO: [DRC REQP-1669] enum_AREG_0_connects_CEA1_GND_connects_CEA2_GND: LOW_SPEED_ADC/LADCS[3].SCALING/SO/DSP: When DSP48E2 attribute AREG is set to 0, the CEA1 and CEA2 pins should be tied to GND to save power.
INFO: [DRC REQP-1673] enum_BREG_0_connects_CEB1_GND_connects_CEB2_GND: LOW_SPEED_ADC/LADCS[0].SCALING/SO/DSP: When DSP48E2 attribute BREG is set to 0, the CEB1 and CEB2 pins should be tied to GND to save power.
INFO: [DRC REQP-1673] enum_BREG_0_connects_CEB1_GND_connects_CEB2_GND: LOW_SPEED_ADC/LADCS[1].SCALING/SO/DSP: When DSP48E2 attribute BREG is set to 0, the CEB1 and CEB2 pins should be tied to GND to save power.
INFO: [DRC REQP-1673] enum_BREG_0_connects_CEB1_GND_connects_CEB2_GND: LOW_SPEED_ADC/LADCS[2].SCALING/SO/DSP: When DSP48E2 attribute BREG is set to 0, the CEB1 and CEB2 pins should be tied to GND to save power.
INFO: [DRC REQP-1673] enum_BREG_0_connects_CEB1_GND_connects_CEB2_GND: LOW_SPEED_ADC/LADCS[3].SCALING/SO/DSP: When DSP48E2 attribute BREG is set to 0, the CEB1 and CEB2 pins should be tied to GND to save power.
INFO: [DRC REQP-1701] enum_DREG_0_connects_CED_GND: LOW_SPEED_ADC/LADCS[0].SCALING/SO/DSP: When the DSP48E2 DREG attribute is set to 0, the CED input pin should be tied to GND to save power.
INFO: [DRC REQP-1701] enum_DREG_0_connects_CED_GND: LOW_SPEED_ADC/LADCS[1].SCALING/SO/DSP: When the DSP48E2 DREG attribute is set to 0, the CED input pin should be tied to GND to save power.
INFO: [DRC REQP-1701] enum_DREG_0_connects_CED_GND: LOW_SPEED_ADC/LADCS[2].SCALING/SO/DSP: When the DSP48E2 DREG attribute is set to 0, the CED input pin should be tied to GND to save power.
INFO: [DRC REQP-1701] enum_DREG_0_connects_CED_GND: LOW_SPEED_ADC/LADCS[3].SCALING/SO/DSP: When the DSP48E2 DREG attribute is set to 0, the CED input pin should be tied to GND to save power.
INFO: [Vivado 12-3199] DRC finished with 0 Errors, 200 Warnings, 12 Advisories
INFO: [Vivado 12-3200] Please refer to the DRC report (report_drc) for more information.
Partition "pblock_INSTR0" Reconfigurable Module "INSTRS[0].INSTR_BLK.INSTR"
Partition "pblock_INSTR1" Reconfigurable Module "INSTRS[1].INSTR_BLK.INSTR"
Partition "pblock_INSTR2" Reconfigurable Module "INSTRS[2].INSTR_BLK.INSTR"
Partition "pblock_INSTR3" Reconfigurable Module "INSTRS[3].INSTR_BLK.INSTR"
INFO: [Designutils 20-2272] Running write_bitstream with 8 threads.
Loading data files...
Loading site data...
Loading route data...
Processing options...
Creating bitmap...
Creating bitstream...
Bitstream compression saved 78005600 bits.
Writing bitstream ./custom.bit...
Process Partition "pblock_INSTR0"
INFO: [Designutils 20-2272] Running write_bitstream with 8 threads.
Loading data files...
Loading site data...
Loading route data...
Processing options...
Creating bitmap...
Creating bitstream...
Partial bitstream contains 26746432 bits.
Writing bitstream ./custom_pblock_INSTR0_partial.bit...
Process Partition "pblock_INSTR1"
INFO: [Designutils 20-2272] Running write_bitstream with 8 threads.
Loading data files...
Loading site data...
Loading route data...
Processing options...
Creating bitmap...
Creating bitstream...
Partial bitstream contains 25765536 bits.
Writing bitstream ./custom_pblock_INSTR1_partial.bit...
Process Partition "pblock_INSTR2"
INFO: [Designutils 20-2272] Running write_bitstream with 8 threads.
Loading data files...
Loading site data...
Loading route data...
Processing options...
Creating bitmap...
Creating bitstream...
Partial bitstream contains 27015712 bits.
Writing bitstream ./custom_pblock_INSTR2_partial.bit...
Process Partition "pblock_INSTR3"
INFO: [Designutils 20-2272] Running write_bitstream with 8 threads.
Loading data files...
Loading site data...
Loading route data...
Processing options...
Creating bitmap...
Creating bitstream...
Partial bitstream contains 25159392 bits.
Writing bitstream ./custom_pblock_INSTR3_partial.bit...
INFO: [Vivado 12-1842] Bitgen Completed Successfully.
INFO: [Common 17-83] Releasing license: Implementation
28 Infos, 196 Warnings, 0 Critical Warnings and 0 Errors encountered.
write_bitstream completed successfully
write_bitstream: Time (s): cpu = 00:06:25 ; elapsed = 00:04:34 . Memory (MB): peak = 6645.035 ; gain = 360.398 ; free physical = 22880 ; free virtual = 150220
# report_timing_summary -file timing_summary.rpt
INFO: [Timing 38-91] UpdateTimingParams: Speed grade: -2, Temperature grade: E, Delay Type: min_max.
INFO: [Timing 38-191] Multithreading enabled for timing update using a maximum of 8 CPUs
WARNING: [Timing 38-436] There are set_bus_skew constraint(s) in this design. Please run report_bus_skew to ensure that bus skew requirements are met.
report_timing_summary: Time (s): cpu = 00:00:31 ; elapsed = 00:00:07 . Memory (MB): peak = 6645.035 ; gain = 0.000 ; free physical = 22858 ; free virtual = 150198
# report_timing -sort_by group -max_paths 100 -path_type summary -file timing.rpt
INFO: [Timing 38-91] UpdateTimingParams: Speed grade: -2, Temperature grade: E, Delay Type: max.
INFO: [Timing 38-191] Multithreading enabled for timing update using a maximum of 8 CPUs
INFO: [Timing 38-78] ReportTimingParams: -max_paths 100 -nworst 1 -delay_type max -sort_by group.
# report_utilization -file utilization.rpt
# report_utilization -hierarchical -file utilutilization_hier.rpt
INFO: [Common 17-206] Exiting Vivado at Fri Aug 14 17:50:33 2026...
