Copyright 1986-2022 Xilinx, Inc. All Rights Reserved.
-----------------------------------------------------------------------------------------------------------------
| Tool Version      : Vivado v.2022.2_AR000035739_AR000034905 (lin64) Build 3671981 Fri Oct 14 04:59:54 MDT 2022
| Date              : Fri Aug 14 17:50:27 2026
| Host              : mcc-workers-74d68884bd-cxrrf running 64-bit Ubuntu 20.04.6 LTS
| Command           : report_timing -sort_by group -max_paths 100 -path_type summary -file timing.rpt
| Design            : mercury_platform_mokupro
| Device            : xczu9eg-ffvc900
| Speed File        : -2  PRODUCTION 1.30 05-15-2022
| Temperature Grade : E
-----------------------------------------------------------------------------------------------------------------

Timing Report

Startpoint                     Endpoint                       Slack(ns)     
----------------------------------------------------------------------------
HIGH_SPEED_ADC/HADC_BANK_65/inst/top_inst/bs_top_inst/u_rx_bs/RX_BS[2].rx_bitslice_if_bs/FIFO_RD_CLK
                               HIGH_SPEED_ADC/CHANNELS[2].SAMPLES[3].SAMPLE_SCALING.SCALING/SO/DSP/DSP_A_B_DATA_INST/A[25]
                                                              0.001         
HIGH_SPEED_ADC/HADC_BANK_65/inst/top_inst/bs_top_inst/u_rx_bs/RX_BS[2].rx_bitslice_if_bs/FIFO_RD_CLK
                               HIGH_SPEED_ADC/CHANNELS[2].SAMPLES[1].SAMPLE_SCALING.SCALING/SO/DSP/DSP_A_B_DATA_INST/A[28]
                                                              0.004         
LOW_SPEED_ADC/LADCS[1].SCALING/SO/DSP/DSP_ALU_INST/CLK
                               BLENDING.BLEND/CLIPPING[1].LADCClipped_reg[1][Data][11]/S
                                                              0.005         
LOW_SPEED_ADC/LADCS[1].SCALING/SO/DSP/DSP_ALU_INST/CLK
                               BLENDING.BLEND/CLIPPING[1].LADCClipped_reg[1][Data][13]/R
                                                              0.005         
LOW_SPEED_ADC/LADCS[1].SCALING/SO/DSP/DSP_ALU_INST/CLK
                               BLENDING.BLEND/CLIPPING[1].LADCClipped_reg[1][Data][15]/S
                                                              0.005         
LOW_SPEED_ADC/LADCS[1].SCALING/SO/DSP/DSP_ALU_INST/CLK
                               BLENDING.BLEND/CLIPPING[1].LADCClipped_reg[1][Data][17]/S
                                                              0.005         
LOW_SPEED_ADC/LADCS[1].SCALING/SO/DSP/DSP_ALU_INST/CLK
                               BLENDING.BLEND/CLIPPING[1].LADCClipped_reg[1][Data][2]/R
                                                              0.005         
LOW_SPEED_ADC/LADCS[1].SCALING/SO/DSP/DSP_ALU_INST/CLK
                               BLENDING.BLEND/CLIPPING[1].LADCClipped_reg[1][Data][4]/S
                                                              0.005         
HIGH_SPEED_ADC/HADC_BANK_65/inst/top_inst/bs_top_inst/u_rx_bs/RX_BS[2].rx_bitslice_if_bs/FIFO_RD_CLK
                               HIGH_SPEED_ADC/CHANNELS[2].SAMPLES[2].SAMPLE_SCALING.SCALING/SO/DSP/DSP_A_B_DATA_INST/A[25]
                                                              0.006         
HIGH_SPEED_ADC/HADC_BANK_65/inst/top_inst/bs_top_inst/u_rx_bs/RX_BS[2].rx_bitslice_if_bs/FIFO_RD_CLK
                               HIGH_SPEED_ADC/CHANNELS[2].SAMPLES[2].SAMPLE_SCALING.SCALING/SO/DSP/DSP_A_B_DATA_INST/A[23]
                                                              0.010         
INSTRS[3].INSTR_BLK.SLOT_DECOUPLE/StaticAOut_reg[3][Data][13]/C
                               INSTRS[1].INSTR_BLK.SlotAIn_reg[10][Data][13]/D
                                                              0.014         
LOW_SPEED_ADC/LADCS[1].SCALING/SO/DSP/DSP_ALU_INST/CLK
                               BLENDING.BLEND/CLIPPING[1].LADCClipped_reg[1][Data][3]/D
                                                              0.015         
HIGH_SPEED_ADC/HADC_BANK_65/inst/top_inst/bs_top_inst/u_rx_bs/RX_BS[2].rx_bitslice_if_bs/FIFO_RD_CLK
                               HIGH_SPEED_ADC/CHANNELS[2].SAMPLES[2].SAMPLE_SCALING.SCALING/SO/DSP/DSP_A_B_DATA_INST/A[26]
                                                              0.020         
HIGH_SPEED_ADC/HADC_BANK_65/inst/top_inst/bs_top_inst/u_rx_bs/RX_BS[2].rx_bitslice_if_bs/FIFO_RD_CLK
                               HIGH_SPEED_ADC/CHANNELS[2].SAMPLES[1].SAMPLE_SCALING.SCALING/SO/DSP/DSP_A_B_DATA_INST/A[29]
                                                              0.022         
HIGH_SPEED_ADC/HADC_BANK_65/inst/top_inst/bs_top_inst/u_rx_bs/RX_BS[2].rx_bitslice_if_bs/FIFO_RD_CLK
                               HIGH_SPEED_ADC/CHANNELS[2].SAMPLES[2].SAMPLE_SCALING.SCALING/SO/DSP/DSP_A_B_DATA_INST/A[17]
                                                              0.024         
HIGH_SPEED_ADC/HADC_BANK_65/inst/top_inst/bs_top_inst/u_rx_bs/RX_BS[2].rx_bitslice_if_bs/FIFO_RD_CLK
                               HIGH_SPEED_ADC/CHANNELS[2].SAMPLES[3].SAMPLE_SCALING.SCALING/SO/DSP/DSP_A_B_DATA_INST/A[23]
                                                              0.025         
INSTRS[1].INSTR_BLK.SLOT_DECOUPLE/StaticAOut_reg[0][Data][67]/C
                               INSTRS[3].INSTR_BLK.SlotAIn_reg[9][Data][35]/D
                                                              0.027         
HIGH_SPEED_ADC/HADC_BANK_65/inst/top_inst/bs_top_inst/u_rx_bs/RX_BS[2].rx_bitslice_if_bs/FIFO_RD_CLK
                               HIGH_SPEED_ADC/CHANNELS[2].SAMPLES[2].SAMPLE_SCALING.SCALING/SO/DSP/DSP_A_B_DATA_INST/A[27]
                                                              0.028         
INSTRS[1].INSTR_BLK.SLOT_DECOUPLE/StaticAOut_reg[1][Data][6]/C
                               INSTRS[3].INSTR_BLK.SlotAIn_reg[11][Data][6]/D
                                                              0.029         
HIGH_SPEED_ADC/HADC_BANK_65/inst/top_inst/bs_top_inst/u_rx_bs/RX_BS[2].rx_bitslice_if_bs/FIFO_RD_CLK
                               HIGH_SPEED_ADC/CHANNELS[2].SAMPLES[2].SAMPLE_SCALING.SCALING/SO/DSP/DSP_A_B_DATA_INST/A[16]
                                                              0.033         
HIGH_SPEED_ADC/HADC_BANK_65/inst/top_inst/bs_top_inst/u_rx_bs/RX_BS[2].rx_bitslice_if_bs/FIFO_RD_CLK
                               HIGH_SPEED_ADC/CHANNELS[2].SAMPLES[1].SAMPLE_SCALING.SCALING/SO/DSP/DSP_A_B_DATA_INST/A[17]
                                                              0.034         
CBUFS[5].CBUF/FSM/Count_reg[0]/C
                               CBUFS[5].CBUF/MAXI/XferToken_reg[1]/CE
                                                              0.034         
CBUFS[5].CBUF/FSM/Count_reg[0]/C
                               CBUFS[5].CBUF/MAXI/XferToken_reg[2]/CE
                                                              0.034         
HIGH_SPEED_ADC/HADC_BANK_65/inst/top_inst/bs_top_inst/u_rx_bs/RX_BS[2].rx_bitslice_if_bs/FIFO_RD_CLK
                               HIGH_SPEED_ADC/CHANNELS[2].SAMPLES[3].SAMPLE_SCALING.SCALING/SO/DSP/DSP_A_B_DATA_INST/A[24]
                                                              0.036         
HIGH_SPEED_ADC/HADC_BANK_65/inst/top_inst/bs_top_inst/u_rx_bs/RX_BS[2].rx_bitslice_if_bs/FIFO_RD_CLK
                               HIGH_SPEED_ADC/CHANNELS[2].SAMPLES[3].SAMPLE_SCALING.SCALING/SO/DSP/DSP_A_B_DATA_INST/A[9]
                                                              0.039         
LOW_SPEED_ADC/LADCS[1].SCALING/SO/DSP/DSP_ALU_INST/CLK
                               BLENDING.BLEND/CLIPPING[1].LADCClipped_reg[1][Data][7]/S
                                                              0.040         
LOW_SPEED_ADC/LADCS[1].SCALING/SO/DSP/DSP_ALU_INST/CLK
                               BLENDING.BLEND/CLIPPING[1].LADCClipped_reg[1][Data][9]/D
                                                              0.041         
INSTRS[3].INSTR_BLK.SLOT_DECOUPLE/StaticAOut_reg[1][Data][8]/C
                               INSTRS[1].INSTR_BLK.SlotAIn_reg[9][Data][8]/D
                                                              0.041         
HIGH_SPEED_ADC/HADC_BANK_65/inst/top_inst/bs_top_inst/u_rx_bs/RX_BS[2].rx_bitslice_if_bs/FIFO_RD_CLK
                               HIGH_SPEED_ADC/CHANNELS[2].SAMPLES[1].SAMPLE_SCALING.SCALING/SO/DSP/DSP_A_B_DATA_INST/A[18]
                                                              0.043         
PROCESSOR/processor_i/axi_crossbar_3/inst/gen_samd.crossbar_samd/gen_master_slots[1].gen_mi_write.wdata_mux_w/gen_wmux.wmux_aw_fifo/m_valid_i_reg/C
                               PROCESSOR/processor_i/axi_register_slice_13/inst/w.w_pipe/m_payload_i_reg[120]/CE
                                                              0.043         
PROCESSOR/processor_i/axi_crossbar_3/inst/gen_samd.crossbar_samd/gen_master_slots[1].gen_mi_write.wdata_mux_w/gen_wmux.wmux_aw_fifo/m_valid_i_reg/C
                               PROCESSOR/processor_i/axi_register_slice_13/inst/w.w_pipe/m_payload_i_reg[98]/CE
                                                              0.043         
HIGH_SPEED_ADC/HADC_BANK_65/inst/top_inst/bs_top_inst/u_rx_bs/RX_BS[2].rx_bitslice_if_bs/FIFO_RD_CLK
                               HIGH_SPEED_ADC/CHANNELS[2].SAMPLES[0].SAMPLE_SCALING.SCALING/SO/DSP/DSP_A_B_DATA_INST/A[26]
                                                              0.043         
PROCESSOR/processor_i/axi_crossbar_3/inst/gen_samd.crossbar_samd/gen_master_slots[1].gen_mi_write.wdata_mux_w/gen_wmux.wmux_aw_fifo/m_valid_i_reg/C
                               PROCESSOR/processor_i/axi_register_slice_13/inst/w.w_pipe/m_payload_i_reg[121]/CE
                                                              0.044         
PROCESSOR/processor_i/axi_crossbar_3/inst/gen_samd.crossbar_samd/gen_master_slots[1].gen_mi_write.wdata_mux_w/gen_wmux.wmux_aw_fifo/m_valid_i_reg/C
                               PROCESSOR/processor_i/axi_register_slice_13/inst/w.w_pipe/m_payload_i_reg[99]/CE
                                                              0.044         
PROCESSOR/processor_i/AXI_INTER/m01_couplers/auto_cc/inst/gen_clock_conv.gen_async_lite_conv.clock_conv_lite_fwd_w/handshake/dest_hsdata_ff_reg[11]/C
                               CBUF_REGS/Value_reg[76][11]/D  0.044         
PROCESSOR/processor_i/AXI_INTER/m01_couplers/auto_cc/inst/gen_clock_conv.gen_async_lite_conv.clock_conv_lite_fwd_w/handshake/dest_hsdata_ff_reg[18]/C
                               CBUF_REGS/Value_reg[77][18]/D  0.045         
PROCESSOR/processor_i/AXI_INTER/m01_couplers/auto_cc/inst/gen_clock_conv.gen_async_lite_conv.clock_conv_lite_fwd_w/handshake/dest_hsdata_ff_reg[16]/C
                               CBUF_REGS/Value_reg[13][16]/D  0.045         
LOW_SPEED_ADC/LADCS[1].SCALING/SO/DSP/DSP_ALU_INST/CLK
                               BLENDING.BLEND/CLIPPING[1].LADCClipped_reg[1][Data][16]/D
                                                              0.046         
HIGH_SPEED_ADC/HADC_BANK_65/inst/top_inst/bs_top_inst/u_rx_bs/RX_BS[2].rx_bitslice_if_bs/FIFO_RD_CLK
                               HIGH_SPEED_ADC/CHANNELS[2].SAMPLES[1].SAMPLE_SCALING.SCALING/SO/DSP/DSP_A_B_DATA_INST/A[16]
                                                              0.046         
HIGH_SPEED_ADC/HADC_BANK_65/inst/top_inst/bs_top_inst/u_rx_bs/RX_BS[2].rx_bitslice_if_bs/FIFO_RD_CLK
                               HIGH_SPEED_ADC/CHANNELS[2].SAMPLES[2].SAMPLE_SCALING.SCALING/SO/DSP/DSP_A_B_DATA_INST/A[28]
                                                              0.048         
HIGH_SPEED_ADC/HADC_BANK_65/inst/top_inst/bs_top_inst/u_rx_bs/RX_BS[2].rx_bitslice_if_bs/FIFO_RD_CLK
                               HIGH_SPEED_ADC/CHANNELS[2].SAMPLES[3].SAMPLE_SCALING.SCALING/SO/DSP/DSP_A_B_DATA_INST/A[28]
                                                              0.048         
HIGH_SPEED_ADC/HADC_BANK_65/inst/top_inst/bs_top_inst/u_rx_bs/RX_BS[2].rx_bitslice_if_bs/FIFO_RD_CLK
                               HIGH_SPEED_ADC/CHANNELS[2].SAMPLES[1].SAMPLE_SCALING.SCALING/SO/DSP/DSP_A_B_DATA_INST/A[20]
                                                              0.048         
HIGH_SPEED_ADC/HADC_BANK_65/inst/top_inst/bs_top_inst/u_rx_bs/RX_BS[2].rx_bitslice_if_bs/FIFO_RD_CLK
                               HIGH_SPEED_ADC/CHANNELS[2].SAMPLES[1].SAMPLE_SCALING.SCALING/SO/DSP/DSP_A_B_DATA_INST/A[25]
                                                              0.049         
PROCESSOR/processor_i/AXI_INTER/m01_couplers/auto_cc/inst/gen_clock_conv.gen_async_lite_conv.clock_conv_lite_fwd_w/handshake/dest_hsdata_ff_reg[11]/C
                               CBUF_REGS/Value_reg[11][11]/D  0.049         
LOW_SPEED_ADC/LADCS[1].SCALING/SO/DSP/DSP_ALU_INST/CLK
                               BLENDING.BLEND/CLIPPING[1].LADCClipped_reg[1][Data][0]/R
                                                              0.050         
LOW_SPEED_ADC/LADCS[1].SCALING/SO/DSP/DSP_ALU_INST/CLK
                               BLENDING.BLEND/CLIPPING[1].LADCClipped_reg[1][Data][1]/R
                                                              0.050         
LOW_SPEED_ADC/LADCS[1].SCALING/SO/DSP/DSP_ALU_INST/CLK
                               BLENDING.BLEND/CLIPPING[1].LADCClipped_reg[1][Data][5]/D
                                                              0.051         
CBUFS[4].CBUF/FIFO/U0/inst_fifo_gen/gconvfifo.rf/grf.rf/gntv_or_sync_fifo.mem/gbm.gbmg.gbmga.ngecc.bmg/inst_blk_mem_gen/gnbram.gnativebmg.native_blk_mem_gen/valid.cstr/ramloop[1].ram.r/prim_noinit.ram/DEVICE_8SERIES.NO_BMM_INFO.SDP.SIMPLE_PRIM36.ram/CLKBWRCLK
                               PROCESSOR/processor_i/axi_register_slice_1/inst/w.w_pipe/m_payload_i_reg[32]/D
                                                              0.051         
PROCESSOR/processor_i/AXI_INTER/m01_couplers/auto_cc/inst/gen_clock_conv.gen_async_lite_conv.clock_conv_lite_fwd_w/handshake/dest_hsdata_ff_reg[18]/C
                               CBUF_REGS/Value_reg[25][18]/D  0.051         
CBUFS[11].CBUF/FIFO/U0/inst_fifo_gen/gconvfifo.rf/grf.rf/gntv_or_sync_fifo.gl0.rd/gras.gpe.rdpe/gpe1.prog_empty_i_reg/C
                               CBUFS[11].CBUF/MAXI/XferToken_reg[2]/CE
                                                              0.051         
CBUFS[4].CBUF/FIFO/U0/inst_fifo_gen/gconvfifo.rf/grf.rf/gntv_or_sync_fifo.mem/gbm.gbmg.gbmga.ngecc.bmg/inst_blk_mem_gen/gnbram.gnativebmg.native_blk_mem_gen/valid.cstr/ramloop[2].ram.r/prim_noinit.ram/DEVICE_8SERIES.NO_BMM_INFO.SDP.SIMPLE_PRIM36.ram/CLKBWRCLK
                               PROCESSOR/processor_i/axi_register_slice_1/inst/w.w_pipe/m_payload_i_reg[48]/D
                                                              0.052         
CBUFS[11].CBUF/FIFO/U0/inst_fifo_gen/gconvfifo.rf/grf.rf/gntv_or_sync_fifo.gl0.rd/gras.gpe.rdpe/gpe1.prog_empty_i_reg/C
                               CBUFS[11].CBUF/MAXI/XferToken_reg[0]/CE
                                                              0.052         
CBUFS[11].CBUF/FIFO/U0/inst_fifo_gen/gconvfifo.rf/grf.rf/gntv_or_sync_fifo.gl0.rd/gras.gpe.rdpe/gpe1.prog_empty_i_reg/C
                               CBUFS[11].CBUF/MAXI/XferToken_reg[1]/CE
                                                              0.052         
PROCESSOR/processor_i/AXI_INTER/m01_couplers/auto_cc/inst/gen_clock_conv.gen_async_lite_conv.clock_conv_lite_fwd_w/handshake/dest_hsdata_ff_reg[18]/C
                               CBUF_REGS/Value_reg[68][18]/D  0.053         
HIGH_SPEED_ADC/HADC_BANK_65/inst/top_inst/bs_top_inst/u_rx_bs/RX_BS[2].rx_bitslice_if_bs/FIFO_RD_CLK
                               HIGH_SPEED_ADC/CHANNELS[2].SAMPLES[2].SAMPLE_SCALING.SCALING/SO/DSP/DSP_A_B_DATA_INST/A[11]
                                                              0.053         
HIGH_SPEED_ADC/HADC_BANK_65/inst/top_inst/bs_top_inst/u_rx_bs/RX_BS[2].rx_bitslice_if_bs/FIFO_RD_CLK
                               HIGH_SPEED_ADC/CHANNELS[2].SAMPLES[3].SAMPLE_SCALING.SCALING/SO/DSP/DSP_A_B_DATA_INST/A[15]
                                                              0.053         
PROCESSOR/processor_i/AXI_INTER/m01_couplers/auto_cc/inst/gen_clock_conv.gen_async_lite_conv.clock_conv_lite_fwd_w/handshake/dest_hsdata_ff_reg[11]/C
                               CBUF_REGS/Value_reg[73][11]/D  0.054         
HIGH_SPEED_ADC/HADC_BANK_65/inst/top_inst/bs_top_inst/u_rx_bs/RX_BS[2].rx_bitslice_if_bs/FIFO_RD_CLK
                               HIGH_SPEED_ADC/CHANNELS[2].SAMPLES[1].SAMPLE_SCALING.SCALING/SO/DSP/DSP_A_B_DATA_INST/A[19]
                                                              0.054         
CBUFS[4].CBUF/FSM/Count_reg[0]/C
                               PROCESSOR/processor_i/axi_register_slice_1/inst/b.b_pipe/s_ready_i_reg/D
                                                              0.054         
INSTRS[3].INSTR_BLK.SLOT_DECOUPLE/StaticAOut_reg[2][Data][2]/C
                               INSTRS[1].INSTR_BLK.SlotAIn_reg[11][Data][2]/D
                                                              0.054         
INSTRS[0].INSTR_BLK.SLOT_DECOUPLE/StaticAOut_reg[1][Data][99]/C
                               INSTRS[3].INSTR_BLK.SlotAIn_reg[10][Data][51]/D
                                                              0.055         
PROCESSOR/processor_i/axi_crossbar_3/inst/gen_samd.crossbar_samd/gen_master_slots[1].gen_mi_write.wdata_mux_w/gen_wmux.wmux_aw_fifo/m_valid_i_reg/C
                               PROCESSOR/processor_i/axi_register_slice_13/inst/w.w_pipe/m_payload_i_reg[104]/CE
                                                              0.055         
PROCESSOR/processor_i/axi_crossbar_3/inst/gen_samd.crossbar_samd/gen_master_slots[1].gen_mi_write.wdata_mux_w/gen_wmux.wmux_aw_fifo/m_valid_i_reg/C
                               PROCESSOR/processor_i/axi_register_slice_13/inst/w.w_pipe/m_payload_i_reg[105]/CE
                                                              0.055         
PROCESSOR/processor_i/axi_register_slice_16/inst/w.w_pipe/s_ready_i_reg/C
                               PROCESSOR/processor_i/axi_register_slice_16/inst/w.w_pipe/m_payload_i_reg[127]/D
                                                              0.056         
PROCESSOR/processor_i/AXI_INTER/m01_couplers/auto_cc/inst/gen_clock_conv.gen_async_lite_conv.clock_conv_lite_fwd_w/handshake/dest_hsdata_ff_reg[11]/C
                               CBUF_REGS/Value_reg[74][11]/D  0.056         
HIGH_SPEED_ADC/HADC_BANK_65/inst/top_inst/bs_top_inst/u_rx_bs/RX_BS[2].rx_bitslice_if_bs/FIFO_RD_CLK
                               HIGH_SPEED_ADC/CHANNELS[2].SAMPLES[3].SAMPLE_SCALING.SCALING/SO/DSP/DSP_A_B_DATA_INST/A[29]
                                                              0.056         
PROCESSOR/processor_i/AXI_INTER/m01_couplers/auto_cc/inst/gen_clock_conv.gen_async_lite_conv.clock_conv_lite_fwd_w/handshake/dest_hsdata_ff_reg[11]/C
                               CBUF_REGS/Value_reg[108][11]/D 0.057         
PROCESSOR/processor_i/AXI_INTER/m01_couplers/auto_cc/inst/gen_clock_conv.gen_async_lite_conv.clock_conv_lite_fwd_w/handshake/dest_hsdata_ff_reg[12]/C
                               CBUF_REGS/Value_reg[61][12]/D  0.057         
HIGH_SPEED_ADC/HADC_BANK_65/inst/top_inst/bs_top_inst/u_rx_bs/RX_BS[2].rx_bitslice_if_bs/FIFO_RD_CLK
                               HIGH_SPEED_ADC/CHANNELS[2].SAMPLES[1].SAMPLE_SCALING.SCALING/SO/DSP/DSP_A_B_DATA_INST/A[10]
                                                              0.058         
INSTRS[3].INSTR_BLK.SLOT_DECOUPLE/StaticAOut_reg[0][Data][40]/C
                               DAC_MUX[2].DAC_reg[2][Data][40]/D
                                                              0.059         
INSTRS[1].INSTR_BLK.SLOT_DECOUPLE/StaticAOut_reg[0][Valid]/C
                               DAC_MUX[3].DAC_reg[3][Data][0]/CE
                                                              0.059         
HIGH_SPEED_ADC/HADC_BANK_65/inst/top_inst/bs_top_inst/u_rx_bs/RX_BS[2].rx_bitslice_if_bs/FIFO_RD_CLK
                               HIGH_SPEED_ADC/CHANNELS[2].SAMPLES[1].SAMPLE_SCALING.SCALING/SO/DSP/DSP_A_B_DATA_INST/A[23]
                                                              0.059         
PROCESSOR/processor_i/axi_register_slice_12/inst/w.w_pipe/s_ready_i_reg/C
                               CBUFS[3].CBUF/FIFO/U0/inst_fifo_gen/gconvfifo.rf/grf.rf/gntv_or_sync_fifo.mem/gbm.gbmg.gbmga.ngecc.bmg/inst_blk_mem_gen/gnbram.gnativebmg.native_blk_mem_gen/valid.cstr/ramloop[3].ram.r/prim_noinit.ram/DEVICE_8SERIES.NO_BMM_INFO.SDP.SIMPLE_PRIM36.ram/ENBWREN
                                                              0.059         
INSTRS[1].INSTR_BLK.SLOT_DECOUPLE/StaticAOut_reg[3][Valid]/C
                               DAC_MUX[0].DAC_reg[0][Data][10]/CE
                                                              0.059         
PROCESSOR/processor_i/RESET_DDR/U0/PR_OUT_DFF[0].FDRE_PER_replica_10/C
                               CBUF_REGS/axi_rdata_reg[0]/D   0.060         
PROCESSOR/processor_i/axi_crossbar_3/inst/gen_samd.crossbar_samd/gen_master_slots[1].gen_mi_write.wdata_mux_w/gen_wmux.wmux_aw_fifo/m_valid_i_reg/C
                               PROCESSOR/processor_i/axi_register_slice_13/inst/w.w_pipe/m_payload_i_reg[101]/CE
                                                              0.061         
PROCESSOR/processor_i/axi_crossbar_3/inst/gen_samd.crossbar_samd/gen_master_slots[1].gen_mi_write.wdata_mux_w/gen_wmux.wmux_aw_fifo/m_valid_i_reg/C
                               PROCESSOR/processor_i/axi_register_slice_13/inst/w.w_pipe/m_payload_i_reg[115]/CE
                                                              0.061         
PROCESSOR/processor_i/axi_crossbar_3/inst/gen_samd.crossbar_samd/gen_master_slots[1].gen_mi_write.wdata_mux_w/gen_wmux.wmux_aw_fifo/m_valid_i_reg/C
                               PROCESSOR/processor_i/axi_register_slice_13/inst/w.w_pipe/m_payload_i_reg[29]/CE
                                                              0.061         
PROCESSOR/processor_i/axi_crossbar_3/inst/gen_samd.crossbar_samd/gen_master_slots[1].gen_mi_write.wdata_mux_w/gen_wmux.wmux_aw_fifo/m_valid_i_reg/C
                               PROCESSOR/processor_i/axi_register_slice_13/inst/w.w_pipe/m_payload_i_reg[91]/CE
                                                              0.061         
INSTRS[1].INSTR_BLK.SLOT_DECOUPLE/StaticAOut_reg[3][Valid]/C
                               DAC_MUX[0].DAC_reg[0][Data][45]/CE
                                                              0.061         
INSTRS[1].INSTR_BLK.SLOT_DECOUPLE/StaticAOut_reg[1][Data][1]/C
                               INSTRS[3].INSTR_BLK.SlotAIn_reg[8][Data][1]/D
                                                              0.061         
HIGH_SPEED_ADC/HADC_BANK_65/inst/top_inst/bs_top_inst/u_rx_bs/RX_BS[2].rx_bitslice_if_bs/FIFO_RD_CLK
                               HIGH_SPEED_ADC/CHANNELS[2].SAMPLES[2].SAMPLE_SCALING.SCALING/SO/DSP/DSP_A_B_DATA_INST/A[22]
                                                              0.062         
PROCESSOR/processor_i/axi_crossbar_3/inst/gen_samd.crossbar_samd/gen_master_slots[1].gen_mi_write.wdata_mux_w/gen_wmux.wmux_aw_fifo/m_valid_i_reg/C
                               PROCESSOR/processor_i/axi_register_slice_13/inst/w.w_pipe/m_payload_i_reg[100]/CE
                                                              0.063         
PROCESSOR/processor_i/axi_crossbar_3/inst/gen_samd.crossbar_samd/gen_master_slots[1].gen_mi_write.wdata_mux_w/gen_wmux.wmux_aw_fifo/m_valid_i_reg/C
                               PROCESSOR/processor_i/axi_register_slice_13/inst/w.w_pipe/m_payload_i_reg[114]/CE
                                                              0.063         
PROCESSOR/processor_i/axi_crossbar_3/inst/gen_samd.crossbar_samd/gen_master_slots[1].gen_mi_write.wdata_mux_w/gen_wmux.wmux_aw_fifo/m_valid_i_reg/C
                               PROCESSOR/processor_i/axi_register_slice_13/inst/w.w_pipe/m_payload_i_reg[28]/CE
                                                              0.063         
PROCESSOR/processor_i/axi_crossbar_3/inst/gen_samd.crossbar_samd/gen_master_slots[1].gen_mi_write.wdata_mux_w/gen_wmux.wmux_aw_fifo/m_valid_i_reg/C
                               PROCESSOR/processor_i/axi_register_slice_13/inst/w.w_pipe/m_payload_i_reg[90]/CE
                                                              0.063         
HIGH_SPEED_ADC/HADC_BANK_65/inst/top_inst/bs_top_inst/u_rx_bs/RX_BS[2].rx_bitslice_if_bs/FIFO_RD_CLK
                               HIGH_SPEED_ADC/CHANNELS[2].SAMPLES[1].SAMPLE_SCALING.SCALING/SO/DSP/DSP_A_B_DATA_INST/A[9]
                                                              0.063         
CBUF_REGS/axi_araddr_reg[2]_rep__1/C
                               CBUF_REGS/axi_rdata_reg[21]/D  0.065         
LOW_SPEED_ADC/LADCS[1].SCALING/SO/DSP/DSP_ALU_INST/CLK
                               BLENDING.BLEND/CLIPPING[1].LADCClipped_reg[1][Data][6]/D
                                                              0.066         
LOW_SPEED_ADC/LADCS[1].SCALING/SO/DSP/DSP_ALU_INST/CLK
                               BLENDING.BLEND/CLIPPING[1].LADCClipped_reg[1][Data][12]/D
                                                              0.066         
PROCESSOR/processor_i/AXI_INTER/m01_couplers/auto_cc/inst/gen_clock_conv.gen_async_lite_conv.clock_conv_lite_fwd_w/handshake/dest_hsdata_ff_reg[1]/C
                               CBUF_REGS/Value_reg[36][1]/D   0.066         
INSTRS[3].INSTR_BLK.SLOT_DECOUPLE/StaticAOut_reg[0][Data][0]/C
                               DAC_MUX[2].DAC_reg[2][Data][0]/D
                                                              0.066         
INSTRS[3].INSTR_BLK.SLOT_DECOUPLE/StaticAOut_reg[1][Data][8]/C
                               INSTRS[1].INSTR_BLK.SlotAIn_reg[11][Data][8]/D
                                                              0.066         
HIGH_SPEED_ADC/HADC_BANK_65/inst/top_inst/bs_top_inst/u_rx_bs/RX_BS[2].rx_bitslice_if_bs/FIFO_RD_CLK
                               HIGH_SPEED_ADC/CHANNELS[2].SAMPLES[2].SAMPLE_SCALING.SCALING/SO/DSP/DSP_A_B_DATA_INST/A[29]
                                                              0.066         
CBUFS[5].CBUF/FSM/Count_reg[0]/C
                               PROCESSOR/processor_i/axi_register_slice_5/inst/b.b_pipe/s_ready_i_reg/D
                                                              0.066         
INSTRS[3].INSTR_BLK.SLOT_DECOUPLE/StaticAOut_reg[0][Data][15]/C
                               DAC_MUX[3].DAC_reg[3][Data][15]/D
                                                              0.067         
CBUFS[4].CBUF/FIFO/U0/inst_fifo_gen/gconvfifo.rf/grf.rf/gntv_or_sync_fifo.mem/gbm.gbmg.gbmga.ngecc.bmg/inst_blk_mem_gen/gnbram.gnativebmg.native_blk_mem_gen/valid.cstr/ramloop[5].ram.r/prim_noinit.ram/DEVICE_8SERIES.NO_BMM_INFO.SDP.SIMPLE_PRIM36.ram/CLKBWRCLK
                               PROCESSOR/processor_i/axi_register_slice_1/inst/w.w_pipe/m_payload_i_reg[98]/D
                                                              0.067         
LOW_SPEED_ADC/LADCS[1].SCALING/SO/DSP/DSP_ALU_INST/CLK
                               BLENDING.BLEND/CLIPPING[1].LADCClipped_reg[1][Data][8]/D
                                                              0.068         
HIGH_SPEED_ADC/HADC_BANK_65/inst/top_inst/bs_top_inst/u_rx_bs/RX_BS[2].rx_bitslice_if_bs/FIFO_RD_CLK
                               HIGH_SPEED_ADC/CHANNELS[2].SAMPLES[1].SAMPLE_SCALING.SCALING/SO/DSP/DSP_A_B_DATA_INST/A[26]
                                                              0.068         
PROCESSOR/processor_i/AXI_INTER/m01_couplers/auto_cc/inst/gen_clock_conv.gen_async_lite_conv.clock_conv_lite_fwd_w/handshake/dest_hsdata_ff_reg[16]/C
                               CBUF_REGS/Value_reg[3][16]/D   0.068         
HIGH_SPEED_ADC/HADC_BANK_65/inst/top_inst/bs_top_inst/u_rx_bs/RX_BS[2].rx_bitslice_if_bs/FIFO_RD_CLK
                               HIGH_SPEED_ADC/CHANNELS[2].SAMPLES[1].SAMPLE_SCALING.SCALING/SO/DSP/DSP_A_B_DATA_INST/A[14]
                                                              0.069         
HIGH_SPEED_ADC/HADC_BANK_65/inst/top_inst/bs_top_inst/u_rx_bs/RX_BS[2].rx_bitslice_if_bs/FIFO_RD_CLK
                               HIGH_SPEED_ADC/CHANNELS[2].SAMPLES[3].SAMPLE_SCALING.SCALING/SO/DSP/DSP_A_B_DATA_INST/A[26]
                                                              0.069         
INSTRS[3].INSTR_BLK.SLOT_DECOUPLE/StaticAOut_reg[2][Data][34]/C
                               DAC_MUX[1].DAC_reg[1][Data][34]/D
                                                              0.069         
HIGH_SPEED_ADC/HADC_BANK_65/inst/top_inst/bs_top_inst/u_rx_bs/RX_BS[2].rx_bitslice_if_bs/FIFO_RD_CLK
                               HIGH_SPEED_ADC/CHANNELS[2].SAMPLES[3].SAMPLE_SCALING.SCALING/SO/DSP/DSP_A_B_DATA_INST/A[17]
                                                              0.069         
PROCESSOR/processor_i/AXI_INTER/m01_couplers/auto_cc/inst/gen_clock_conv.gen_async_lite_conv.clock_conv_lite_fwd_w/handshake/dest_hsdata_ff_reg[11]/C
                               CBUF_REGS/Value_reg[10][11]/D  0.069         
HIGH_SPEED_ADC/HADC_BANK_65/inst/top_inst/bs_top_inst/u_rx_bs/RX_BS[2].rx_bitslice_if_bs/FIFO_RD_CLK
                               HIGH_SPEED_ADC/CHANNELS[2].SAMPLES[2].SAMPLE_SCALING.SCALING/SO/DSP/DSP_A_B_DATA_INST/A[18]
                                                              0.069         
PROCESSOR/processor_i/AXI_INTER/m01_couplers/auto_cc/inst/gen_clock_conv.gen_async_lite_conv.clock_conv_lite_fwd_w/handshake/dest_hsdata_ff_reg[18]/C
                               CBUF_REGS/Value_reg[93][18]/D  0.069         
HIGH_SPEED_ADC/HADC_BANK_65/inst/top_inst/bs_top_inst/u_rx_bs/RX_BS[6].rx_bitslice_if_bs/FIFO_RD_CLK
                               HIGH_SPEED_ADC/CHANNELS[2].SAMPLES[3].SAMPLE_SCALING.SCALING/SO/DSP/DSP_A_B_DATA_INST/A[5]
                                                              0.070         
HIGH_SPEED_ADC/HADC_BANK_65/inst/top_inst/bs_top_inst/u_rx_bs/RX_BS[2].rx_bitslice_if_bs/FIFO_RD_CLK
                               HIGH_SPEED_ADC/CHANNELS[2].SAMPLES[1].SAMPLE_SCALING.SCALING/SO/DSP/DSP_A_B_DATA_INST/A[24]
                                                              0.070         
LOW_SPEED_ADC/LADCS[1].SCALING/SO/DSP/DSP_ALU_INST/CLK
                               BLENDING.BLEND/CLIPPING[1].LADCClipped_reg[1][Data][10]/D
                                                              0.070         
HIGH_SPEED_ADC/HADC_BANK_65/inst/top_inst/bs_top_inst/u_rx_bs/RX_BS[2].rx_bitslice_if_bs/FIFO_RD_CLK
                               HIGH_SPEED_ADC/CHANNELS[2].SAMPLES[3].SAMPLE_SCALING.SCALING/SO/DSP/DSP_A_B_DATA_INST/A[27]
                                                              0.070         
PROCESSOR/processor_i/AXI_INTER/m01_couplers/auto_cc/inst/gen_clock_conv.gen_async_lite_conv.clock_conv_lite_fwd_w/handshake/dest_hsdata_ff_reg[12]/C
                               CBUF_REGS/Value_reg[52][12]/D  0.071         
CBUFS[4].CBUF/FIFO/U0/inst_fifo_gen/gconvfifo.rf/grf.rf/gntv_or_sync_fifo.mem/gbm.gbmg.gbmga.ngecc.bmg/inst_blk_mem_gen/gnbram.gnativebmg.native_blk_mem_gen/valid.cstr/ramloop[1].ram.r/prim_noinit.ram/DEVICE_8SERIES.NO_BMM_INFO.SDP.SIMPLE_PRIM36.ram/CLKBWRCLK
                               PROCESSOR/processor_i/axi_register_slice_1/inst/w.w_pipe/m_payload_i_reg[33]/D
                                                              0.071         
CBUFS[4].CBUF/FIFO/U0/inst_fifo_gen/gconvfifo.rf/grf.rf/gntv_or_sync_fifo.mem/gbm.gbmg.gbmga.ngecc.bmg/inst_blk_mem_gen/gnbram.gnativebmg.native_blk_mem_gen/valid.cstr/ramloop[2].ram.r/prim_noinit.ram/DEVICE_8SERIES.NO_BMM_INFO.SDP.SIMPLE_PRIM36.ram/CLKBWRCLK
                               PROCESSOR/processor_i/axi_register_slice_1/inst/w.w_pipe/m_payload_i_reg[45]/D
                                                              0.071         
INSTRS[3].INSTR_BLK.SLOT_DECOUPLE/StaticAOut_reg[1][Data][44]/C
                               DAC_MUX[2].DAC_reg[2][Data][44]/D
                                                              0.071         
PROCESSOR/processor_i/AXI_INTER/m01_couplers/auto_cc/inst/gen_clock_conv.gen_async_lite_conv.clock_conv_lite_fwd_w/handshake/dest_hsdata_ff_reg[11]/C
                               CBUF_REGS/Value_reg[77][11]/D  0.072         
HIGH_SPEED_ADC/HADC_BANK_65/inst/top_inst/bs_top_inst/u_rx_bs/RX_BS[2].rx_bitslice_if_bs/FIFO_RD_CLK
                               HIGH_SPEED_ADC/CHANNELS[2].SAMPLES[3].SAMPLE_SCALING.SCALING/SO/DSP/DSP_A_B_DATA_INST/A[13]
                                                              0.072         
CBUFS[7].CBUF/FSM/Count_reg[18]/C
                               CBUFS[7].CBUF/MAXI/XferToken_reg[2]/CE
                                                              0.072         
PROCESSOR/processor_i/AXI_INTER/m01_couplers/auto_cc/inst/gen_clock_conv.gen_async_lite_conv.clock_conv_lite_fwd_w/handshake/dest_hsdata_ff_reg[16]/C
                               CBUF_REGS/Value_reg[10][16]/D  0.073         
INSTRS[1].INSTR_BLK.SLOT_DECOUPLE/StaticAOut_reg[0][Valid]/C
                               DAC_MUX[3].DAC_reg[3][Data][11]/CE
                                                              0.073         
PROCESSOR/processor_i/AXI_INTER/m01_couplers/auto_cc/inst/gen_clock_conv.gen_async_lite_conv.clock_conv_lite_fwd_w/handshake/dest_hsdata_ff_reg[14]/C
                               CBUF_REGS/Value_reg[11][14]/D  0.073         
INSTRS[3].INSTR_BLK.SLOT_DECOUPLE/StaticAOut_reg[1][Data][8]/C
                               DAC_MUX[1].DAC_reg[1][Data][8]/D
                                                              0.074         
INSTRS[0].INSTR_BLK.SLOT_DECOUPLE/StaticAOut_reg[1][Data][79]/C
                               INSTRS[3].INSTR_BLK.SlotAIn_reg[11][Data][47]/D
                                                              0.074         
HIGH_SPEED_ADC/HADC_BANK_65/inst/top_inst/bs_top_inst/u_rx_bs/RX_BS[2].rx_bitslice_if_bs/FIFO_RD_CLK
                               HIGH_SPEED_ADC/CHANNELS[2].SAMPLES[1].SAMPLE_SCALING.SCALING/SO/DSP/DSP_A_B_DATA_INST/A[11]
                                                              0.074         
CBUFS[7].CBUF/FSM/Count_reg[18]/C
                               CBUFS[7].CBUF/MAXI/XferToken_reg[1]/CE
                                                              0.074         
PROCESSOR/processor_i/axi_register_slice_1/inst/aw.aw_pipe/m_valid_i_reg/C
                               PROCESSOR/processor_i/axi_crossbar_0/inst/gen_samd.crossbar_samd/addr_arbiter_aw/gen_arbiter.grant_hot_reg[0]/CE
                                                              0.075         
PROCESSOR/processor_i/axi_register_slice_1/inst/aw.aw_pipe/m_valid_i_reg/C
                               PROCESSOR/processor_i/axi_crossbar_0/inst/gen_samd.crossbar_samd/addr_arbiter_aw/gen_arbiter.grant_hot_reg[3]/CE
                                                              0.075         
HIGH_SPEED_ADC/HADC_BANK_65/inst/top_inst/bs_top_inst/u_rx_bs/RX_BS[2].rx_bitslice_if_bs/FIFO_RD_CLK
                               HIGH_SPEED_ADC/CHANNELS[2].SAMPLES[2].SAMPLE_SCALING.SCALING/SO/DSP/DSP_A_B_DATA_INST/A[20]
                                                              0.076         
PROCESSOR/processor_i/axi_register_slice_1/inst/aw.aw_pipe/m_valid_i_reg/C
                               PROCESSOR/processor_i/axi_crossbar_0/inst/gen_samd.crossbar_samd/addr_arbiter_aw/gen_arbiter.grant_hot_reg[2]/CE
                                                              0.076         
PROCESSOR/processor_i/axi_crossbar_3/inst/gen_samd.crossbar_samd/gen_master_slots[1].gen_mi_write.wdata_mux_w/gen_wmux.wmux_aw_fifo/m_valid_i_reg/C
                               PROCESSOR/processor_i/axi_register_slice_13/inst/w.w_pipe/m_payload_i_reg[118]/CE
                                                              0.077         
PROCESSOR/processor_i/axi_crossbar_3/inst/gen_samd.crossbar_samd/gen_master_slots[1].gen_mi_write.wdata_mux_w/gen_wmux.wmux_aw_fifo/m_valid_i_reg/C
                               PROCESSOR/processor_i/axi_register_slice_13/inst/w.w_pipe/m_payload_i_reg[126]/CE
                                                              0.077         
PROCESSOR/processor_i/axi_crossbar_3/inst/gen_samd.crossbar_samd/gen_master_slots[1].gen_mi_write.wdata_mux_w/gen_wmux.wmux_aw_fifo/m_valid_i_reg/C
                               PROCESSOR/processor_i/axi_register_slice_13/inst/w.w_pipe/m_payload_i_reg[32]/CE
                                                              0.077         
PROCESSOR/processor_i/axi_register_slice_16/inst/w.w_pipe/s_ready_i_reg/C
                               PROCESSOR/processor_i/axi_register_slice_16/inst/w.w_pipe/skid_buffer_reg[128]/CE
                                                              0.078         
PROCESSOR/processor_i/axi_register_slice_16/inst/w.w_pipe/s_ready_i_reg/C
                               PROCESSOR/processor_i/axi_register_slice_16/inst/w.w_pipe/skid_buffer_reg[132]/CE
                                                              0.078         
PROCESSOR/processor_i/axi_register_slice_16/inst/w.w_pipe/s_ready_i_reg/C
                               PROCESSOR/processor_i/axi_register_slice_16/inst/w.w_pipe/skid_buffer_reg[136]/CE
                                                              0.078         
PROCESSOR/processor_i/axi_register_slice_16/inst/w.w_pipe/s_ready_i_reg/C
                               PROCESSOR/processor_i/axi_register_slice_16/inst/w.w_pipe/skid_buffer_reg[14]/CE
                                                              0.078         
PROCESSOR/processor_i/AXI_INTER/m01_couplers/auto_cc/inst/gen_clock_conv.gen_async_lite_conv.clock_conv_lite_fwd_w/handshake/dest_hsdata_ff_reg[11]/C
                               CBUF_REGS/Value_reg[67][11]/D  0.078         
INSTRS[3].INSTR_BLK.SLOT_DECOUPLE/StaticAOut_reg[2][Data][2]/C
                               INSTRS[1].INSTR_BLK.SlotAIn_reg[8][Data][2]/D
                                                              0.078         
PROCESSOR/processor_i/axi_crossbar_3/inst/gen_samd.crossbar_samd/gen_master_slots[1].gen_mi_write.wdata_mux_w/gen_wmux.wmux_aw_fifo/m_valid_i_reg/C
                               PROCESSOR/processor_i/axi_register_slice_13/inst/w.w_pipe/m_payload_i_reg[119]/CE
                                                              0.078         
PROCESSOR/processor_i/axi_crossbar_3/inst/gen_samd.crossbar_samd/gen_master_slots[1].gen_mi_write.wdata_mux_w/gen_wmux.wmux_aw_fifo/m_valid_i_reg/C
                               PROCESSOR/processor_i/axi_register_slice_13/inst/w.w_pipe/m_payload_i_reg[127]/CE
                                                              0.078         
PROCESSOR/processor_i/axi_crossbar_3/inst/gen_samd.crossbar_samd/gen_master_slots[1].gen_mi_write.wdata_mux_w/gen_wmux.wmux_aw_fifo/m_valid_i_reg/C
                               PROCESSOR/processor_i/axi_register_slice_13/inst/w.w_pipe/m_payload_i_reg[33]/CE
                                                              0.078         
INSTRS[3].INSTR_BLK.SLOT_DECOUPLE/StaticAOut_reg[2][Data][34]/C
                               DAC_MUX[2].DAC_reg[2][Data][34]/D
                                                              0.078         
INSTRS[3].INSTR_BLK.SLOT_DECOUPLE/StaticAOut_reg[1][Data][47]/C
                               DAC_MUX[2].DAC_reg[2][Data][47]/D
                                                              0.079         
PROCESSOR/processor_i/axi_register_slice_16/inst/w.w_pipe/s_ready_i_reg/C
                               PROCESSOR/processor_i/axi_register_slice_16/inst/w.w_pipe/m_payload_i_reg[128]/D
                                                              0.079         
PROCESSOR/processor_i/AXI_INTER/m01_couplers/auto_cc/inst/gen_clock_conv.gen_async_lite_conv.clock_conv_lite_fwd_w/handshake/dest_hsdata_ff_reg[14]/C
                               CBUF_REGS/Value_reg[5][14]/D   0.079         
INSTRS[3].INSTR_BLK.SLOT_DECOUPLE/StaticAOut_reg[1][Data][8]/C
                               DAC_MUX[3].DAC_reg[3][Data][8]/D
                                                              0.079         
PROCESSOR/processor_i/axi_register_slice_16/inst/w.w_pipe/s_ready_i_reg/C
                               PROCESSOR/processor_i/axi_register_slice_16/inst/w.w_pipe/skid_buffer_reg[127]/CE
                                                              0.080         
PROCESSOR/processor_i/axi_register_slice_16/inst/w.w_pipe/s_ready_i_reg/C
                               PROCESSOR/processor_i/axi_register_slice_16/inst/w.w_pipe/skid_buffer_reg[131]/CE
                                                              0.080         
PROCESSOR/processor_i/axi_register_slice_16/inst/w.w_pipe/s_ready_i_reg/C
                               PROCESSOR/processor_i/axi_register_slice_16/inst/w.w_pipe/skid_buffer_reg[135]/CE
                                                              0.080         
PROCESSOR/processor_i/axi_register_slice_16/inst/w.w_pipe/s_ready_i_reg/C
                               PROCESSOR/processor_i/axi_register_slice_16/inst/w.w_pipe/skid_buffer_reg[13]/CE
                                                              0.080         
PROCESSOR/processor_i/AXI_INTER/m01_couplers/auto_cc/inst/gen_clock_conv.gen_async_lite_conv.clock_conv_lite_fwd_w/handshake/dest_hsdata_ff_reg[11]/C
                               CBUF_REGS/Value_reg[1][11]/D   0.080         
HIGH_SPEED_ADC/HADC_BANK_65/inst/top_inst/bs_top_inst/u_rx_bs/RX_BS[2].rx_bitslice_if_bs/FIFO_RD_CLK
                               HIGH_SPEED_ADC/CHANNELS[2].SAMPLES[1].SAMPLE_SCALING.SCALING/SO/DSP/DSP_A_B_DATA_INST/A[15]
                                                              0.080         
HIGH_SPEED_ADC/HADC_BANK_65/inst/top_inst/bs_top_inst/u_rx_bs/RX_BS[2].rx_bitslice_if_bs/FIFO_RD_CLK
                               HIGH_SPEED_ADC/CHANNELS[2].SAMPLES[1].SAMPLE_SCALING.SCALING/SO/DSP/DSP_A_B_DATA_INST/A[13]
                                                              0.081         
INSTRS[1].INSTR_BLK.SLOT_DECOUPLE/StaticAOut_reg[0][Data][67]/C
                               INSTRS[3].INSTR_BLK.SlotAIn_reg[11][Data][35]/D
                                                              0.081         
PROCESSOR/processor_i/AXI_INTER/m01_couplers/auto_cc/inst/gen_clock_conv.gen_async_lite_conv.clock_conv_lite_fwd_w/handshake/dest_hsdata_ff_reg[11]/C
                               CBUF_REGS/Value_reg[3][11]/D   0.082         
CBUFS[4].CBUF/FIFO/U0/inst_fifo_gen/gconvfifo.rf/grf.rf/gntv_or_sync_fifo.mem/gbm.gbmg.gbmga.ngecc.bmg/inst_blk_mem_gen/gnbram.gnativebmg.native_blk_mem_gen/valid.cstr/ramloop[2].ram.r/prim_noinit.ram/DEVICE_8SERIES.NO_BMM_INFO.SDP.SIMPLE_PRIM36.ram/CLKBWRCLK
                               PROCESSOR/processor_i/axi_register_slice_1/inst/w.w_pipe/skid_buffer_reg[36]/D
                                                              0.082         
HIGH_SPEED_ADC/HADC_BANK_65/inst/top_inst/bs_top_inst/u_rx_bs/RX_BS[2].rx_bitslice_if_bs/FIFO_RD_CLK
                               HIGH_SPEED_ADC/CHANNELS[2].SAMPLES[3].SAMPLE_SCALING.SCALING/SO/DSP/DSP_A_B_DATA_INST/A[16]
                                                              0.082         
PROCESSOR/processor_i/axi_register_slice_16/inst/w.w_pipe/s_ready_i_reg/C
                               PROCESSOR/processor_i/axi_register_slice_16/inst/w.w_pipe/m_payload_i_reg[13]/D
                                                              0.083         
HIGH_SPEED_ADC/HADC_BANK_65/inst/top_inst/bs_top_inst/u_rx_bs/RX_BS[2].rx_bitslice_if_bs/FIFO_RD_CLK
                               HIGH_SPEED_ADC/CHANNELS[2].SAMPLES[0].SAMPLE_SCALING.SCALING/SO/DSP/DSP_A_B_DATA_INST/A[10]
                                                              0.084         
LOW_SPEED_ADC/LADCS[1].SCALING/SO/DSP/DSP_ALU_INST/CLK
                               BLENDING.BLEND/CLIPPING[1].LADCClipped_reg[1][Data][13]/D
                                                              0.084         
HIGH_SPEED_ADC/HADC_BANK_65/inst/top_inst/bs_top_inst/u_rx_bs/RX_BS[2].rx_bitslice_if_bs/FIFO_RD_CLK
                               HIGH_SPEED_ADC/CHANNELS[2].SAMPLES[2].SAMPLE_SCALING.SCALING/SO/DSP/DSP_A_B_DATA_INST/A[19]
                                                              0.084         
HIGH_SPEED_ADC/HADC_BANK_65/inst/top_inst/bs_top_inst/u_rx_bs/RX_BS[2].rx_bitslice_if_bs/FIFO_RD_CLK
                               HIGH_SPEED_ADC/CHANNELS[2].SAMPLES[1].SAMPLE_SCALING.SCALING/SO/DSP/DSP_A_B_DATA_INST/A[12]
                                                              0.084         
HIGH_SPEED_ADC/HADC_BANK_65/inst/top_inst/bs_top_inst/u_rx_bs/RX_BS[2].rx_bitslice_if_bs/FIFO_RD_CLK
                               HIGH_SPEED_ADC/CHANNELS[2].SAMPLES[3].SAMPLE_SCALING.SCALING/SO/DSP/DSP_A_B_DATA_INST/A[14]
                                                              0.084         
PROCESSOR/processor_i/AXI_INTER/m01_couplers/auto_cc/inst/gen_clock_conv.gen_async_lite_conv.clock_conv_lite_fwd_w/handshake/dest_hsdata_ff_reg[11]/C
                               CBUF_REGS/Value_reg[13][11]/D  0.084         
INSTRS[3].INSTR_BLK.SLOT_DECOUPLE/StaticAOut_reg[2][Data][2]/C
                               INSTRS[1].INSTR_BLK.SlotAIn_reg[9][Data][2]/D
                                                              0.086         
PROCESSOR/processor_i/AXI_INTER/m01_couplers/auto_cc/inst/gen_clock_conv.gen_async_lite_conv.clock_conv_lite_fwd_w/handshake/dest_hsdata_ff_reg[14]/C
                               CBUF_REGS/Value_reg[13][14]/D  0.086         
CBUF_REGS/axi_araddr_reg[5]_rep__0/C
                               CBUF_REGS/axi_rdata_reg[5]/D   0.086         
PROCESSOR/processor_i/axi_register_slice_18/inst/w.w_pipe/s_ready_i_reg/C
                               PROCESSOR/processor_i/axi_register_slice_18/inst/w.w_pipe/m_payload_i_reg[11]/D
                                                              0.087         
INSTRS[1].INSTR_BLK.SLOT_DECOUPLE/StaticAOut_reg[0][Valid]/C
                               DAC_MUX[3].DAC_reg[3][Data][14]/CE
                                                              0.087         
PROCESSOR/processor_i/AXI_INTER/m01_couplers/auto_cc/inst/gen_clock_conv.gen_async_lite_conv.clock_conv_lite_fwd_w/handshake/dest_hsdata_ff_reg[12]/C
                               CBUF_REGS/Value_reg[53][12]/D  0.088         
INSTRS[3].INSTR_BLK.SLOT_DECOUPLE/StaticAOut_reg[0][Data][15]/C
                               DAC_MUX[2].DAC_reg[2][Data][15]/D
                                                              0.089         
INSTRS[1].INSTR_BLK.SLOT_DECOUPLE/StaticAOut_reg[0][Valid]/C
                               DAC_MUX[3].DAC_reg[3][Data][1]/CE
                                                              0.090         
INSTRS[3].INSTR_BLK.SLOT_DECOUPLE/StaticAOut_reg[3][Data][66]/C
                               DAC_MUX[2].DAC_reg[2][Data][66]/D
                                                              0.090         
PROCESSOR/processor_i/AXI_INTER/m01_couplers/auto_cc/inst/gen_clock_conv.gen_async_lite_conv.clock_conv_lite_fwd_w/handshake/dest_hsdata_ff_reg[18]/C
                               CBUF_REGS/Value_reg[17][18]/D  0.090         
HIGH_SPEED_ADC/HADC_BANK_65/inst/top_inst/bs_top_inst/u_rx_bs/RX_BS[2].rx_bitslice_if_bs/FIFO_RD_CLK
                               HIGH_SPEED_ADC/CHANNELS[2].SAMPLES[2].SAMPLE_SCALING.SCALING/SO/DSP/DSP_A_B_DATA_INST/A[13]
                                                              0.091         
PROCESSOR/processor_i/axi_register_slice_18/inst/w.w_pipe/s_ready_i_reg/C
                               PROCESSOR/processor_i/axi_register_slice_18/inst/w.w_pipe/skid_buffer_reg[110]/CE
                                                              0.092         
PROCESSOR/processor_i/axi_register_slice_18/inst/w.w_pipe/s_ready_i_reg/C
                               PROCESSOR/processor_i/axi_register_slice_18/inst/w.w_pipe/skid_buffer_reg[38]/CE
                                                              0.092         
PROCESSOR/processor_i/axi_register_slice_18/inst/w.w_pipe/s_ready_i_reg/C
                               PROCESSOR/processor_i/axi_register_slice_18/inst/w.w_pipe/skid_buffer_reg[72]/CE
                                                              0.092         
PROCESSOR/processor_i/axi_register_slice_18/inst/w.w_pipe/s_ready_i_reg/C
                               PROCESSOR/processor_i/axi_register_slice_18/inst/w.w_pipe/skid_buffer_reg[76]/CE
                                                              0.092         
CBUFS[4].CBUF/FIFO/U0/inst_fifo_gen/gconvfifo.rf/grf.rf/gntv_or_sync_fifo.mem/gbm.gbmg.gbmga.ngecc.bmg/inst_blk_mem_gen/gnbram.gnativebmg.native_blk_mem_gen/valid.cstr/ramloop[2].ram.r/prim_noinit.ram/DEVICE_8SERIES.NO_BMM_INFO.SDP.SIMPLE_PRIM36.ram/CLKBWRCLK
                               PROCESSOR/processor_i/axi_register_slice_1/inst/w.w_pipe/m_payload_i_reg[36]/D
                                                              0.092         
INSTRS[3].INSTR_BLK.SLOT_DECOUPLE/StaticAOut_reg[1][Valid]/C
                               DAC_MUX[2].DAC_reg[2][Data][15]/CE
                                                              0.093         
PROCESSOR/processor_i/axi_register_slice_18/inst/w.w_pipe/s_ready_i_reg/C
                               PROCESSOR/processor_i/axi_register_slice_18/inst/w.w_pipe/skid_buffer_reg[109]/CE
                                                              0.094         
PROCESSOR/processor_i/axi_register_slice_18/inst/w.w_pipe/s_ready_i_reg/C
                               PROCESSOR/processor_i/axi_register_slice_18/inst/w.w_pipe/skid_buffer_reg[37]/CE
                                                              0.094         
PROCESSOR/processor_i/axi_register_slice_18/inst/w.w_pipe/s_ready_i_reg/C
                               PROCESSOR/processor_i/axi_register_slice_18/inst/w.w_pipe/skid_buffer_reg[71]/CE
                                                              0.094         
PROCESSOR/processor_i/axi_register_slice_18/inst/w.w_pipe/s_ready_i_reg/C
                               PROCESSOR/processor_i/axi_register_slice_18/inst/w.w_pipe/skid_buffer_reg[75]/CE
                                                              0.094         
HIGH_SPEED_ADC/HADC_BANK_65/inst/top_inst/bs_top_inst/u_rx_bs/RX_BS[2].rx_bitslice_if_bs/FIFO_RD_CLK
                               HIGH_SPEED_ADC/CHANNELS[2].SAMPLES[2].SAMPLE_SCALING.SCALING/SO/DSP/DSP_A_B_DATA_INST/A[10]
                                                              0.094         
HIGH_SPEED_ADC/HADC_BANK_65/inst/top_inst/bs_top_inst/u_rx_bs/RX_BS[2].rx_bitslice_if_bs/FIFO_RD_CLK
                               HIGH_SPEED_ADC/CHANNELS[2].SAMPLES[2].SAMPLE_SCALING.SCALING/SO/DSP/DSP_A_B_DATA_INST/A[9]
                                                              0.094         
INSTRS[3].INSTR_BLK.SLOT_DECOUPLE/StaticAOut_reg[2][Data][73]/C
                               DAC_MUX[1].DAC_reg[1][Data][73]/D
                                                              0.094         
PROCESSOR/processor_i/AXI_INTER/m01_couplers/auto_cc/inst/gen_clock_conv.gen_async_lite_conv.clock_conv_lite_fwd_w/handshake/dest_hsdata_ff_reg[2]/C
                               CBUF_REGS/Value_reg[61][2]/D   0.094         
HIGH_SPEED_ADC/HADC_BANK_65/inst/top_inst/bs_top_inst/u_rx_bs/RX_BS[2].rx_bitslice_if_bs/FIFO_RD_CLK
                               HIGH_SPEED_ADC/CHANNELS[2].SAMPLES[1].SAMPLE_SCALING.SCALING/SO/DSP/DSP_A_B_DATA_INST/A[22]
                                                              0.095         
PROCESSOR/processor_i/AXI_INTER/m01_couplers/auto_cc/inst/gen_clock_conv.gen_async_lite_conv.clock_conv_lite_fwd_w/handshake/dest_hsdata_ff_reg[14]/C
                               CBUF_REGS/Value_reg[9][14]/D   0.095         
PROCESSOR/processor_i/axi_register_slice_18/inst/w.w_pipe/s_ready_i_reg/C
                               PROCESSOR/processor_i/axi_register_slice_18/inst/w.w_pipe/skid_buffer_reg[20]/CE
                                                              0.095         
PROCESSOR/processor_i/axi_register_slice_18/inst/w.w_pipe/s_ready_i_reg/C
                               PROCESSOR/processor_i/axi_register_slice_18/inst/w.w_pipe/skid_buffer_reg[30]/CE
                                                              0.095         
PROCESSOR/processor_i/axi_register_slice_18/inst/w.w_pipe/s_ready_i_reg/C
                               PROCESSOR/processor_i/axi_register_slice_18/inst/w.w_pipe/skid_buffer_reg[6]/CE
                                                              0.095         
PROCESSOR/processor_i/AXI_INTER/m01_couplers/auto_cc/inst/gen_clock_conv.gen_async_lite_conv.clock_conv_lite_fwd_w/handshake/dest_hsdata_ff_reg[12]/C
                               CBUF_REGS/Value_reg[35][12]/D  0.096         
PROCESSOR/processor_i/axi_register_slice_18/inst/w.w_pipe/s_ready_i_reg/C
                               PROCESSOR/processor_i/axi_register_slice_18/inst/w.w_pipe/m_payload_i_reg[5]/D
                                                              0.096         
PROCESSOR/processor_i/AXI_INTER/m01_couplers/auto_cc/inst/gen_clock_conv.gen_async_lite_conv.clock_conv_lite_fwd_w/handshake/dest_hsdata_ff_reg[14]/C
                               CBUF_REGS/Value_reg[84][14]/D  0.097         
PROCESSOR/processor_i/axi_register_slice_18/inst/w.w_pipe/s_ready_i_reg/C
                               PROCESSOR/processor_i/axi_register_slice_18/inst/w.w_pipe/skid_buffer_reg[19]/CE
                                                              0.097         
PROCESSOR/processor_i/axi_register_slice_18/inst/w.w_pipe/s_ready_i_reg/C
                               PROCESSOR/processor_i/axi_register_slice_18/inst/w.w_pipe/skid_buffer_reg[29]/CE
                                                              0.097         
PROCESSOR/processor_i/axi_register_slice_18/inst/w.w_pipe/s_ready_i_reg/C
                               PROCESSOR/processor_i/axi_register_slice_18/inst/w.w_pipe/skid_buffer_reg[5]/CE
                                                              0.097         
DACs/DAC_JESD_PHY/inst/jesd204_phy_block_i/dac_jesd_phy_gt_i/inst/gen_gtwizard_gthe4_top.dac_jesd_phy_gt_gtwizard_gthe4_inst/gen_gtwizard_gthe4.gen_pwrgood_delay_inst[3].delay_powergood_inst/gen_powergood_delay.int_pwr_on_fsm_reg/C
                               DACs/DAC_JESD_PHY/inst/jesd204_phy_block_i/dac_jesd_phy_gt_i/inst/gen_gtwizard_gthe4_top.dac_jesd_phy_gt_gtwizard_gthe4_inst/gen_gtwizard_gthe4.gen_pwrgood_delay_inst[3].delay_powergood_inst/gen_powergood_delay.intclk_rrst_n_r_reg[4]/CE
                                                              0.568         
DACs/DAC_JESD_PHY/inst/jesd204_phy_block_i/dac_jesd_phy_gt_i/inst/gen_gtwizard_gthe4_top.dac_jesd_phy_gt_gtwizard_gthe4_inst/gen_gtwizard_gthe4.gen_pwrgood_delay_inst[3].delay_powergood_inst/gen_powergood_delay.int_pwr_on_fsm_reg/C
                               DACs/DAC_JESD_PHY/inst/jesd204_phy_block_i/dac_jesd_phy_gt_i/inst/gen_gtwizard_gthe4_top.dac_jesd_phy_gt_gtwizard_gthe4_inst/gen_gtwizard_gthe4.gen_pwrgood_delay_inst[3].delay_powergood_inst/gen_powergood_delay.intclk_rrst_n_r_reg[0]/CE
                                                              0.574         
DACs/DAC_JESD_PHY/inst/jesd204_phy_block_i/dac_jesd_phy_gt_i/inst/gen_gtwizard_gthe4_top.dac_jesd_phy_gt_gtwizard_gthe4_inst/gen_gtwizard_gthe4.gen_pwrgood_delay_inst[3].delay_powergood_inst/gen_powergood_delay.int_pwr_on_fsm_reg/C
                               DACs/DAC_JESD_PHY/inst/jesd204_phy_block_i/dac_jesd_phy_gt_i/inst/gen_gtwizard_gthe4_top.dac_jesd_phy_gt_gtwizard_gthe4_inst/gen_gtwizard_gthe4.gen_pwrgood_delay_inst[3].delay_powergood_inst/gen_powergood_delay.intclk_rrst_n_r_reg[1]/CE
                                                              0.574         
DACs/DAC_JESD_PHY/inst/jesd204_phy_block_i/dac_jesd_phy_gt_i/inst/gen_gtwizard_gthe4_top.dac_jesd_phy_gt_gtwizard_gthe4_inst/gen_gtwizard_gthe4.gen_pwrgood_delay_inst[3].delay_powergood_inst/gen_powergood_delay.int_pwr_on_fsm_reg/C
                               DACs/DAC_JESD_PHY/inst/jesd204_phy_block_i/dac_jesd_phy_gt_i/inst/gen_gtwizard_gthe4_top.dac_jesd_phy_gt_gtwizard_gthe4_inst/gen_gtwizard_gthe4.gen_pwrgood_delay_inst[3].delay_powergood_inst/gen_powergood_delay.intclk_rrst_n_r_reg[2]/CE
                                                              0.574         
DACs/DAC_JESD_PHY/inst/jesd204_phy_block_i/dac_jesd_phy_gt_i/inst/gen_gtwizard_gthe4_top.dac_jesd_phy_gt_gtwizard_gthe4_inst/gen_gtwizard_gthe4.gen_pwrgood_delay_inst[3].delay_powergood_inst/gen_powergood_delay.int_pwr_on_fsm_reg/C
                               DACs/DAC_JESD_PHY/inst/jesd204_phy_block_i/dac_jesd_phy_gt_i/inst/gen_gtwizard_gthe4_top.dac_jesd_phy_gt_gtwizard_gthe4_inst/gen_gtwizard_gthe4.gen_pwrgood_delay_inst[3].delay_powergood_inst/gen_powergood_delay.intclk_rrst_n_r_reg[3]/CE
                                                              0.574         
DACs/DAC_JESD_PHY/inst/jesd204_phy_block_i/dac_jesd_phy_gt_i/inst/gen_gtwizard_gthe4_top.dac_jesd_phy_gt_gtwizard_gthe4_inst/gen_gtwizard_gthe4.gen_pwrgood_delay_inst[6].delay_powergood_inst/gen_powergood_delay.int_pwr_on_fsm_reg/C
                               DACs/DAC_JESD_PHY/inst/jesd204_phy_block_i/dac_jesd_phy_gt_i/inst/gen_gtwizard_gthe4_top.dac_jesd_phy_gt_gtwizard_gthe4_inst/gen_gtwizard_gthe4.gen_pwrgood_delay_inst[6].delay_powergood_inst/gen_powergood_delay.pwr_on_fsm_reg/D
                                                              0.630         
EXT_TRIGGER/LoadDelayClkDiv_reg/C
                               EXT_TRIGGER/PHASE[0].IDELAY/LOAD
                                                              0.640         
EXT_TRIGGER/LoadDelayClkDiv_reg/C
                               EXT_TRIGGER/PHASE[1].IDELAY/LOAD
                                                              0.649         
DACs/DAC_JESD_PHY/inst/jesd204_phy_block_i/dac_jesd_phy_gt_i/inst/gen_gtwizard_gthe4_top.dac_jesd_phy_gt_gtwizard_gthe4_inst/gen_gtwizard_gthe4.gen_pwrgood_delay_inst[5].delay_powergood_inst/gen_powergood_delay.int_pwr_on_fsm_reg/C
                               DACs/DAC_JESD_PHY/inst/jesd204_phy_block_i/dac_jesd_phy_gt_i/inst/gen_gtwizard_gthe4_top.dac_jesd_phy_gt_gtwizard_gthe4_inst/gen_gtwizard_gthe4.gen_pwrgood_delay_inst[5].delay_powergood_inst/gen_powergood_delay.int_pwr_on_fsm_reg/D
                                                              0.659         
DACs/DAC_JESD_PHY/inst/jesd204_phy_block_i/dac_jesd_phy_gt_i/inst/gen_gtwizard_gthe4_top.dac_jesd_phy_gt_gtwizard_gthe4_inst/gen_gtwizard_gthe4.gen_pwrgood_delay_inst[4].delay_powergood_inst/gen_powergood_delay.int_pwr_on_fsm_reg/C
                               DACs/DAC_JESD_PHY/inst/jesd204_phy_block_i/dac_jesd_phy_gt_i/inst/gen_gtwizard_gthe4_top.dac_jesd_phy_gt_gtwizard_gthe4_inst/gen_gtwizard_gthe4.gen_pwrgood_delay_inst[4].delay_powergood_inst/gen_powergood_delay.int_pwr_on_fsm_reg/D
                                                              0.687         
EXT_TRIGGER/LoadDelayClkDiv_reg/C
                               EXT_TRIGGER/PHASE[2].IDELAY/LOAD
                                                              0.691         
DACs/DAC_JESD_PHY/inst/jesd204_phy_block_i/dac_jesd_phy_gt_i/inst/gen_gtwizard_gthe4_top.dac_jesd_phy_gt_gtwizard_gthe4_inst/gen_gtwizard_gthe4.gen_pwrgood_delay_inst[7].delay_powergood_inst/gen_powergood_delay.int_pwr_on_fsm_reg/C
                               DACs/DAC_JESD_PHY/inst/jesd204_phy_block_i/dac_jesd_phy_gt_i/inst/gen_gtwizard_gthe4_top.dac_jesd_phy_gt_gtwizard_gthe4_inst/gen_gtwizard_gthe4.gen_pwrgood_delay_inst[7].delay_powergood_inst/gen_powergood_delay.wait_cnt_reg[0]/CE
                                                              0.747         
DACs/DAC_JESD_PHY/inst/jesd204_phy_block_i/dac_jesd_phy_gt_i/inst/gen_gtwizard_gthe4_top.dac_jesd_phy_gt_gtwizard_gthe4_inst/gen_gtwizard_gthe4.gen_pwrgood_delay_inst[3].delay_powergood_inst/gen_powergood_delay.intclk_rrst_n_r_reg[4]/C
                               DACs/DAC_JESD_PHY/inst/jesd204_phy_block_i/dac_jesd_phy_gt_i/inst/gen_gtwizard_gthe4_top.dac_jesd_phy_gt_gtwizard_gthe4_inst/gen_gtwizard_gthe4.gen_pwrgood_delay_inst[3].delay_powergood_inst/gen_powergood_delay.wait_cnt_reg[1]/R
                                                              0.753         
DACs/DAC_JESD_PHY/inst/jesd204_phy_block_i/dac_jesd_phy_gt_i/inst/gen_gtwizard_gthe4_top.dac_jesd_phy_gt_gtwizard_gthe4_inst/gen_gtwizard_gthe4.gen_pwrgood_delay_inst[3].delay_powergood_inst/gen_powergood_delay.intclk_rrst_n_r_reg[4]/C
                               DACs/DAC_JESD_PHY/inst/jesd204_phy_block_i/dac_jesd_phy_gt_i/inst/gen_gtwizard_gthe4_top.dac_jesd_phy_gt_gtwizard_gthe4_inst/gen_gtwizard_gthe4.gen_pwrgood_delay_inst[3].delay_powergood_inst/gen_powergood_delay.wait_cnt_reg[2]/R
                                                              0.753         
DACs/DAC_JESD_PHY/inst/jesd204_phy_block_i/dac_jesd_phy_gt_i/inst/gen_gtwizard_gthe4_top.dac_jesd_phy_gt_gtwizard_gthe4_inst/gen_gtwizard_gthe4.gen_pwrgood_delay_inst[3].delay_powergood_inst/gen_powergood_delay.intclk_rrst_n_r_reg[4]/C
                               DACs/DAC_JESD_PHY/inst/jesd204_phy_block_i/dac_jesd_phy_gt_i/inst/gen_gtwizard_gthe4_top.dac_jesd_phy_gt_gtwizard_gthe4_inst/gen_gtwizard_gthe4.gen_pwrgood_delay_inst[3].delay_powergood_inst/gen_powergood_delay.wait_cnt_reg[3]/R
                                                              0.753         
DACs/DAC_JESD_PHY/inst/jesd204_phy_block_i/dac_jesd_phy_gt_i/inst/gen_gtwizard_gthe4_top.dac_jesd_phy_gt_gtwizard_gthe4_inst/gen_gtwizard_gthe4.gen_pwrgood_delay_inst[3].delay_powergood_inst/gen_powergood_delay.intclk_rrst_n_r_reg[4]/C
                               DACs/DAC_JESD_PHY/inst/jesd204_phy_block_i/dac_jesd_phy_gt_i/inst/gen_gtwizard_gthe4_top.dac_jesd_phy_gt_gtwizard_gthe4_inst/gen_gtwizard_gthe4.gen_pwrgood_delay_inst[3].delay_powergood_inst/gen_powergood_delay.wait_cnt_reg[4]/R
                                                              0.753         
DACs/DAC_JESD_PHY/inst/jesd204_phy_block_i/dac_jesd_phy_gt_i/inst/gen_gtwizard_gthe4_top.dac_jesd_phy_gt_gtwizard_gthe4_inst/gen_gtwizard_gthe4.gen_pwrgood_delay_inst[3].delay_powergood_inst/gen_powergood_delay.intclk_rrst_n_r_reg[4]/C
                               DACs/DAC_JESD_PHY/inst/jesd204_phy_block_i/dac_jesd_phy_gt_i/inst/gen_gtwizard_gthe4_top.dac_jesd_phy_gt_gtwizard_gthe4_inst/gen_gtwizard_gthe4.gen_pwrgood_delay_inst[3].delay_powergood_inst/gen_powergood_delay.wait_cnt_reg[5]/R
                                                              0.756         
DACs/DAC_JESD_PHY/inst/jesd204_phy_block_i/dac_jesd_phy_gt_i/inst/gen_gtwizard_gthe4_top.dac_jesd_phy_gt_gtwizard_gthe4_inst/gen_gtwizard_gthe4.gen_pwrgood_delay_inst[3].delay_powergood_inst/gen_powergood_delay.intclk_rrst_n_r_reg[4]/C
                               DACs/DAC_JESD_PHY/inst/jesd204_phy_block_i/dac_jesd_phy_gt_i/inst/gen_gtwizard_gthe4_top.dac_jesd_phy_gt_gtwizard_gthe4_inst/gen_gtwizard_gthe4.gen_pwrgood_delay_inst[3].delay_powergood_inst/gen_powergood_delay.wait_cnt_reg[6]/R
                                                              0.756         
DACs/DAC_JESD_PHY/inst/jesd204_phy_block_i/dac_jesd_phy_gt_i/inst/gen_gtwizard_gthe4_top.dac_jesd_phy_gt_gtwizard_gthe4_inst/gen_gtwizard_gthe4.gen_pwrgood_delay_inst[3].delay_powergood_inst/gen_powergood_delay.intclk_rrst_n_r_reg[4]/C
                               DACs/DAC_JESD_PHY/inst/jesd204_phy_block_i/dac_jesd_phy_gt_i/inst/gen_gtwizard_gthe4_top.dac_jesd_phy_gt_gtwizard_gthe4_inst/gen_gtwizard_gthe4.gen_pwrgood_delay_inst[3].delay_powergood_inst/gen_powergood_delay.wait_cnt_reg[7]/R
                                                              0.756         
DACs/DAC_JESD_PHY/inst/jesd204_phy_block_i/dac_jesd_phy_gt_i/inst/gen_gtwizard_gthe4_top.dac_jesd_phy_gt_gtwizard_gthe4_inst/gen_gtwizard_gthe4.gen_pwrgood_delay_inst[2].delay_powergood_inst/gen_powergood_delay.int_pwr_on_fsm_reg/C
                               DACs/DAC_JESD_PHY/inst/jesd204_phy_block_i/dac_jesd_phy_gt_i/inst/gen_gtwizard_gthe4_top.dac_jesd_phy_gt_gtwizard_gthe4_inst/gen_gtwizard_gthe4.gen_pwrgood_delay_inst[2].delay_powergood_inst/gen_powergood_delay.int_pwr_on_fsm_reg/D
                                                              0.763         
EXT_TRIGGER/LoadDelayClkDiv_reg/C
                               EXT_TRIGGER/PHASE[3].IDELAY/LOAD
                                                              0.798         
DACs/DAC_JESD_PHY/inst/jesd204_phy_block_i/dac_jesd_phy_gt_i/inst/gen_gtwizard_gthe4_top.dac_jesd_phy_gt_gtwizard_gthe4_inst/gen_gtwizard_gthe4.gen_pwrgood_delay_inst[1].delay_powergood_inst/gen_powergood_delay.int_pwr_on_fsm_reg/C
                               DACs/DAC_JESD_PHY/inst/jesd204_phy_block_i/dac_jesd_phy_gt_i/inst/gen_gtwizard_gthe4_top.dac_jesd_phy_gt_gtwizard_gthe4_inst/gen_gtwizard_gthe4.gen_pwrgood_delay_inst[1].delay_powergood_inst/gen_powergood_delay.int_pwr_on_fsm_reg/D
                                                              0.801         
DACs/DAC_JESD_PHY/inst/jesd204_phy_block_i/dac_jesd_phy_gt_i/inst/gen_gtwizard_gthe4_top.dac_jesd_phy_gt_gtwizard_gthe4_inst/gen_gtwizard_gthe4.gen_pwrgood_delay_inst[3].delay_powergood_inst/gen_powergood_delay.intclk_rrst_n_r_reg[4]/C
                               DACs/DAC_JESD_PHY/inst/jesd204_phy_block_i/dac_jesd_phy_gt_i/inst/gen_gtwizard_gthe4_top.dac_jesd_phy_gt_gtwizard_gthe4_inst/gen_gtwizard_gthe4.gen_pwrgood_delay_inst[3].delay_powergood_inst/gen_powergood_delay.wait_cnt_reg[0]/CE
                                                              0.810         
DACs/DAC_JESD_PHY/inst/jesd204_phy_block_i/dac_jesd_phy_gt_i/inst/gen_gtwizard_gthe4_top.dac_jesd_phy_gt_gtwizard_gthe4_inst/gen_gtwizard_gthe4.gen_pwrgood_delay_inst[4].delay_powergood_inst/gen_powergood_delay.intclk_rrst_n_r_reg[4]/C
                               DACs/DAC_JESD_PHY/inst/jesd204_phy_block_i/dac_jesd_phy_gt_i/inst/gen_gtwizard_gthe4_top.dac_jesd_phy_gt_gtwizard_gthe4_inst/gen_gtwizard_gthe4.gen_pwrgood_delay_inst[4].delay_powergood_inst/gen_powergood_delay.wait_cnt_reg[0]/CE
                                                              0.819         
DACs/DAC_JESD_PHY/inst/jesd204_phy_block_i/dac_jesd_phy_gt_i/inst/gen_gtwizard_gthe4_top.dac_jesd_phy_gt_gtwizard_gthe4_inst/gen_gtwizard_gthe4.gen_pwrgood_delay_inst[0].delay_powergood_inst/gen_powergood_delay.int_pwr_on_fsm_reg/C
                               DACs/DAC_JESD_PHY/inst/jesd204_phy_block_i/dac_jesd_phy_gt_i/inst/gen_gtwizard_gthe4_top.dac_jesd_phy_gt_gtwizard_gthe4_inst/gen_gtwizard_gthe4.gen_pwrgood_delay_inst[0].delay_powergood_inst/gen_powergood_delay.int_pwr_on_fsm_reg/D
                                                              0.849         
DACs/DAC_JESD_PHY/inst/jesd204_phy_block_i/dac_jesd_phy_gt_i/inst/gen_gtwizard_gthe4_top.dac_jesd_phy_gt_gtwizard_gthe4_inst/gen_gtwizard_gthe4.gen_pwrgood_delay_inst[1].delay_powergood_inst/gen_powergood_delay.wait_cnt_reg[6]/C
                               DACs/DAC_JESD_PHY/inst/jesd204_phy_block_i/dac_jesd_phy_gt_i/inst/gen_gtwizard_gthe4_top.dac_jesd_phy_gt_gtwizard_gthe4_inst/gen_gtwizard_gthe4.gen_pwrgood_delay_inst[1].delay_powergood_inst/gen_powergood_delay.wait_cnt_reg[7]/D
                                                              0.896         
DACs/DAC_JESD_PHY/inst/jesd204_phy_block_i/dac_jesd_phy_gt_i/inst/gen_gtwizard_gthe4_top.dac_jesd_phy_gt_gtwizard_gthe4_inst/gen_gtwizard_gthe4.gen_pwrgood_delay_inst[6].delay_powergood_inst/gen_powergood_delay.int_pwr_on_fsm_reg/C
                               DACs/DAC_JESD_PHY/inst/jesd204_phy_block_i/dac_jesd_phy_gt_i/inst/gen_gtwizard_gthe4_top.dac_jesd_phy_gt_gtwizard_gthe4_inst/gen_gtwizard_gthe4.gen_pwrgood_delay_inst[6].delay_powergood_inst/gen_powergood_delay.wait_cnt_reg[5]/CE
                                                              0.931         
DACs/DAC_JESD_PHY/inst/jesd204_phy_block_i/dac_jesd_phy_gt_i/inst/gen_gtwizard_gthe4_top.dac_jesd_phy_gt_gtwizard_gthe4_inst/gen_gtwizard_gthe4.gen_pwrgood_delay_inst[6].delay_powergood_inst/gen_powergood_delay.int_pwr_on_fsm_reg/C
                               DACs/DAC_JESD_PHY/inst/jesd204_phy_block_i/dac_jesd_phy_gt_i/inst/gen_gtwizard_gthe4_top.dac_jesd_phy_gt_gtwizard_gthe4_inst/gen_gtwizard_gthe4.gen_pwrgood_delay_inst[6].delay_powergood_inst/gen_powergood_delay.wait_cnt_reg[6]/CE
                                                              0.931         
DACs/DAC_JESD_PHY/inst/jesd204_phy_block_i/dac_jesd_phy_gt_i/inst/gen_gtwizard_gthe4_top.dac_jesd_phy_gt_gtwizard_gthe4_inst/gen_gtwizard_gthe4.gen_pwrgood_delay_inst[6].delay_powergood_inst/gen_powergood_delay.int_pwr_on_fsm_reg/C
                               DACs/DAC_JESD_PHY/inst/jesd204_phy_block_i/dac_jesd_phy_gt_i/inst/gen_gtwizard_gthe4_top.dac_jesd_phy_gt_gtwizard_gthe4_inst/gen_gtwizard_gthe4.gen_pwrgood_delay_inst[6].delay_powergood_inst/gen_powergood_delay.wait_cnt_reg[7]/CE
                                                              0.931         
DACs/DAC_JESD_PHY/inst/jesd204_phy_block_i/dac_jesd_phy_gt_i/inst/gen_gtwizard_gthe4_top.dac_jesd_phy_gt_gtwizard_gthe4_inst/gen_gtwizard_gthe4.gen_pwrgood_delay_inst[6].delay_powergood_inst/gen_powergood_delay.int_pwr_on_fsm_reg/C
                               DACs/DAC_JESD_PHY/inst/jesd204_phy_block_i/dac_jesd_phy_gt_i/inst/gen_gtwizard_gthe4_top.dac_jesd_phy_gt_gtwizard_gthe4_inst/gen_gtwizard_gthe4.gen_pwrgood_delay_inst[6].delay_powergood_inst/gen_powergood_delay.wait_cnt_reg[1]/CE
                                                              0.936         
DACs/DAC_JESD_PHY/inst/jesd204_phy_block_i/dac_jesd_phy_gt_i/inst/gen_gtwizard_gthe4_top.dac_jesd_phy_gt_gtwizard_gthe4_inst/gen_gtwizard_gthe4.gen_pwrgood_delay_inst[6].delay_powergood_inst/gen_powergood_delay.int_pwr_on_fsm_reg/C
                               DACs/DAC_JESD_PHY/inst/jesd204_phy_block_i/dac_jesd_phy_gt_i/inst/gen_gtwizard_gthe4_top.dac_jesd_phy_gt_gtwizard_gthe4_inst/gen_gtwizard_gthe4.gen_pwrgood_delay_inst[6].delay_powergood_inst/gen_powergood_delay.wait_cnt_reg[2]/CE
                                                              0.936         
DACs/DAC_JESD_PHY/inst/jesd204_phy_block_i/dac_jesd_phy_gt_i/inst/gen_gtwizard_gthe4_top.dac_jesd_phy_gt_gtwizard_gthe4_inst/gen_gtwizard_gthe4.gen_pwrgood_delay_inst[6].delay_powergood_inst/gen_powergood_delay.int_pwr_on_fsm_reg/C
                               DACs/DAC_JESD_PHY/inst/jesd204_phy_block_i/dac_jesd_phy_gt_i/inst/gen_gtwizard_gthe4_top.dac_jesd_phy_gt_gtwizard_gthe4_inst/gen_gtwizard_gthe4.gen_pwrgood_delay_inst[6].delay_powergood_inst/gen_powergood_delay.wait_cnt_reg[3]/CE
                                                              0.936         
DACs/DAC_JESD_PHY/inst/jesd204_phy_block_i/dac_jesd_phy_gt_i/inst/gen_gtwizard_gthe4_top.dac_jesd_phy_gt_gtwizard_gthe4_inst/gen_gtwizard_gthe4.gen_pwrgood_delay_inst[6].delay_powergood_inst/gen_powergood_delay.int_pwr_on_fsm_reg/C
                               DACs/DAC_JESD_PHY/inst/jesd204_phy_block_i/dac_jesd_phy_gt_i/inst/gen_gtwizard_gthe4_top.dac_jesd_phy_gt_gtwizard_gthe4_inst/gen_gtwizard_gthe4.gen_pwrgood_delay_inst[6].delay_powergood_inst/gen_powergood_delay.wait_cnt_reg[4]/CE
                                                              0.936         
DACs/DAC_JESD_PHY/inst/jesd204_phy_block_i/dac_jesd_phy_gt_i/inst/gen_gtwizard_gthe4_top.dac_jesd_phy_gt_gtwizard_gthe4_inst/gen_gtwizard_gthe4.gen_pwrgood_delay_inst[1].delay_powergood_inst/gen_powergood_delay.wait_cnt_reg[0]/C
                               DACs/DAC_JESD_PHY/inst/jesd204_phy_block_i/dac_jesd_phy_gt_i/inst/gen_gtwizard_gthe4_top.dac_jesd_phy_gt_gtwizard_gthe4_inst/gen_gtwizard_gthe4.gen_pwrgood_delay_inst[1].delay_powergood_inst/gen_powergood_delay.wait_cnt_reg[1]/D
                                                              0.938         
DACs/DAC_JESD_PHY/inst/jesd204_phy_block_i/dac_jesd_phy_gt_i/inst/gen_gtwizard_gthe4_top.dac_jesd_phy_gt_gtwizard_gthe4_inst/gen_gtwizard_gthe4.gen_pwrgood_delay_inst[4].delay_powergood_inst/gen_powergood_delay.intclk_rrst_n_r_reg[4]/C
                               DACs/DAC_JESD_PHY/inst/jesd204_phy_block_i/dac_jesd_phy_gt_i/inst/gen_gtwizard_gthe4_top.dac_jesd_phy_gt_gtwizard_gthe4_inst/gen_gtwizard_gthe4.gen_pwrgood_delay_inst[4].delay_powergood_inst/gen_powergood_delay.wait_cnt_reg[1]/R
                                                              0.970         
DACs/DAC_JESD_PHY/inst/jesd204_phy_block_i/dac_jesd_phy_gt_i/inst/gen_gtwizard_gthe4_top.dac_jesd_phy_gt_gtwizard_gthe4_inst/gen_gtwizard_gthe4.gen_pwrgood_delay_inst[4].delay_powergood_inst/gen_powergood_delay.intclk_rrst_n_r_reg[4]/C
                               DACs/DAC_JESD_PHY/inst/jesd204_phy_block_i/dac_jesd_phy_gt_i/inst/gen_gtwizard_gthe4_top.dac_jesd_phy_gt_gtwizard_gthe4_inst/gen_gtwizard_gthe4.gen_pwrgood_delay_inst[4].delay_powergood_inst/gen_powergood_delay.wait_cnt_reg[2]/R
                                                              0.970         
DACs/DAC_JESD_PHY/inst/jesd204_phy_block_i/dac_jesd_phy_gt_i/inst/gen_gtwizard_gthe4_top.dac_jesd_phy_gt_gtwizard_gthe4_inst/gen_gtwizard_gthe4.gen_pwrgood_delay_inst[4].delay_powergood_inst/gen_powergood_delay.intclk_rrst_n_r_reg[4]/C
                               DACs/DAC_JESD_PHY/inst/jesd204_phy_block_i/dac_jesd_phy_gt_i/inst/gen_gtwizard_gthe4_top.dac_jesd_phy_gt_gtwizard_gthe4_inst/gen_gtwizard_gthe4.gen_pwrgood_delay_inst[4].delay_powergood_inst/gen_powergood_delay.wait_cnt_reg[3]/R
                                                              0.970         
DACs/DAC_JESD_PHY/inst/jesd204_phy_block_i/dac_jesd_phy_gt_i/inst/gen_gtwizard_gthe4_top.dac_jesd_phy_gt_gtwizard_gthe4_inst/gen_gtwizard_gthe4.gen_pwrgood_delay_inst[4].delay_powergood_inst/gen_powergood_delay.intclk_rrst_n_r_reg[4]/C
                               DACs/DAC_JESD_PHY/inst/jesd204_phy_block_i/dac_jesd_phy_gt_i/inst/gen_gtwizard_gthe4_top.dac_jesd_phy_gt_gtwizard_gthe4_inst/gen_gtwizard_gthe4.gen_pwrgood_delay_inst[4].delay_powergood_inst/gen_powergood_delay.wait_cnt_reg[4]/R
                                                              0.970         
DACs/DAC_JESD_PHY/inst/jesd204_phy_block_i/dac_jesd_phy_gt_i/inst/gen_gtwizard_gthe4_top.dac_jesd_phy_gt_gtwizard_gthe4_inst/gen_gtwizard_gthe4.gen_pwrgood_delay_inst[4].delay_powergood_inst/gen_powergood_delay.intclk_rrst_n_r_reg[4]/C
                               DACs/DAC_JESD_PHY/inst/jesd204_phy_block_i/dac_jesd_phy_gt_i/inst/gen_gtwizard_gthe4_top.dac_jesd_phy_gt_gtwizard_gthe4_inst/gen_gtwizard_gthe4.gen_pwrgood_delay_inst[4].delay_powergood_inst/gen_powergood_delay.wait_cnt_reg[5]/R
                                                              0.973         
DACs/DAC_JESD_PHY/inst/jesd204_phy_block_i/dac_jesd_phy_gt_i/inst/gen_gtwizard_gthe4_top.dac_jesd_phy_gt_gtwizard_gthe4_inst/gen_gtwizard_gthe4.gen_pwrgood_delay_inst[4].delay_powergood_inst/gen_powergood_delay.intclk_rrst_n_r_reg[4]/C
                               DACs/DAC_JESD_PHY/inst/jesd204_phy_block_i/dac_jesd_phy_gt_i/inst/gen_gtwizard_gthe4_top.dac_jesd_phy_gt_gtwizard_gthe4_inst/gen_gtwizard_gthe4.gen_pwrgood_delay_inst[4].delay_powergood_inst/gen_powergood_delay.wait_cnt_reg[6]/R
                                                              0.973         
DACs/DAC_JESD_PHY/inst/jesd204_phy_block_i/dac_jesd_phy_gt_i/inst/gen_gtwizard_gthe4_top.dac_jesd_phy_gt_gtwizard_gthe4_inst/gen_gtwizard_gthe4.gen_pwrgood_delay_inst[4].delay_powergood_inst/gen_powergood_delay.intclk_rrst_n_r_reg[4]/C
                               DACs/DAC_JESD_PHY/inst/jesd204_phy_block_i/dac_jesd_phy_gt_i/inst/gen_gtwizard_gthe4_top.dac_jesd_phy_gt_gtwizard_gthe4_inst/gen_gtwizard_gthe4.gen_pwrgood_delay_inst[4].delay_powergood_inst/gen_powergood_delay.wait_cnt_reg[7]/R
                                                              0.973         
DACs/DAC_JESD_PHY/inst/jesd204_phy_block_i/dac_jesd_phy_gt_i/inst/gen_gtwizard_gthe4_top.dac_jesd_phy_gt_gtwizard_gthe4_inst/gen_gtwizard_gthe4.gen_pwrgood_delay_inst[2].delay_powergood_inst/gen_powergood_delay.intclk_rrst_n_r_reg[4]/C
                               DACs/DAC_JESD_PHY/inst/jesd204_phy_block_i/dac_jesd_phy_gt_i/inst/gen_gtwizard_gthe4_top.dac_jesd_phy_gt_gtwizard_gthe4_inst/gen_gtwizard_gthe4.gen_pwrgood_delay_inst[2].delay_powergood_inst/gen_powergood_delay.wait_cnt_reg[0]/D
                                                              0.989         
DACs/DAC_JESD_PHY/inst/jesd204_phy_block_i/dac_jesd_phy_gt_i/inst/gen_gtwizard_gthe4_top.dac_jesd_phy_gt_gtwizard_gthe4_inst/gen_gtwizard_gthe4.gen_pwrgood_delay_inst[0].delay_powergood_inst/gen_powergood_delay.wait_cnt_reg[0]/C
                               DACs/DAC_JESD_PHY/inst/jesd204_phy_block_i/dac_jesd_phy_gt_i/inst/gen_gtwizard_gthe4_top.dac_jesd_phy_gt_gtwizard_gthe4_inst/gen_gtwizard_gthe4.gen_pwrgood_delay_inst[0].delay_powergood_inst/gen_powergood_delay.wait_cnt_reg[1]/D
                                                              0.991         
DACs/DAC_JESD_PHY/inst/jesd204_phy_block_i/dac_jesd_phy_gt_i/inst/gen_gtwizard_gthe4_top.dac_jesd_phy_gt_gtwizard_gthe4_inst/gen_gtwizard_gthe4.gen_pwrgood_delay_inst[3].delay_powergood_inst/gen_powergood_delay.intclk_rrst_n_r_reg[4]/C
                               DACs/DAC_JESD_PHY/inst/jesd204_phy_block_i/dac_jesd_phy_gt_i/inst/gen_gtwizard_gthe4_top.dac_jesd_phy_gt_gtwizard_gthe4_inst/gen_gtwizard_gthe4.gen_pwrgood_delay_inst[3].delay_powergood_inst/gen_powergood_delay.wait_cnt_reg[0]/D
                                                              1.019         
DACs/DAC_JESD_PHY/inst/jesd204_phy_block_i/dac_jesd_phy_gt_i/inst/gen_gtwizard_gthe4_top.dac_jesd_phy_gt_gtwizard_gthe4_inst/gen_gtwizard_gthe4.gen_pwrgood_delay_inst[0].delay_powergood_inst/gen_powergood_delay.intclk_rrst_n_r_reg[4]/C
                               DACs/DAC_JESD_PHY/inst/jesd204_phy_block_i/dac_jesd_phy_gt_i/inst/gen_gtwizard_gthe4_top.dac_jesd_phy_gt_gtwizard_gthe4_inst/gen_gtwizard_gthe4.gen_pwrgood_delay_inst[0].delay_powergood_inst/gen_powergood_delay.wait_cnt_reg[0]/D
                                                              1.073         
DACs/DAC_JESD_PHY/inst/jesd204_phy_block_i/dac_jesd_phy_gt_i/inst/gen_gtwizard_gthe4_top.dac_jesd_phy_gt_gtwizard_gthe4_inst/gen_gtwizard_gthe4.gen_pwrgood_delay_inst[1].delay_powergood_inst/gen_powergood_delay.wait_cnt_reg[4]/C
                               DACs/DAC_JESD_PHY/inst/jesd204_phy_block_i/dac_jesd_phy_gt_i/inst/gen_gtwizard_gthe4_top.dac_jesd_phy_gt_gtwizard_gthe4_inst/gen_gtwizard_gthe4.gen_pwrgood_delay_inst[1].delay_powergood_inst/gen_powergood_delay.wait_cnt_reg[5]/D
                                                              1.085         
DACs/DAC_JESD_PHY/inst/jesd204_phy_block_i/dac_jesd_phy_gt_i/inst/gen_gtwizard_gthe4_top.dac_jesd_phy_gt_gtwizard_gthe4_inst/gen_gtwizard_gthe4.gen_pwrgood_delay_inst[4].delay_powergood_inst/gen_powergood_delay.intclk_rrst_n_r_reg[4]/C
                               DACs/DAC_JESD_PHY/inst/jesd204_phy_block_i/dac_jesd_phy_gt_i/inst/gen_gtwizard_gthe4_top.dac_jesd_phy_gt_gtwizard_gthe4_inst/gen_gtwizard_gthe4.gen_pwrgood_delay_inst[4].delay_powergood_inst/gen_powergood_delay.wait_cnt_reg[0]/D
                                                              1.088         
DACs/DAC_JESD_PHY/inst/jesd204_phy_block_i/dac_jesd_phy_gt_i/inst/gen_gtwizard_gthe4_top.dac_jesd_phy_gt_gtwizard_gthe4_inst/gen_gtwizard_gthe4.gen_pwrgood_delay_inst[6].delay_powergood_inst/gen_powergood_delay.wait_cnt_reg[0]/C
                               DACs/DAC_JESD_PHY/inst/jesd204_phy_block_i/dac_jesd_phy_gt_i/inst/gen_gtwizard_gthe4_top.dac_jesd_phy_gt_gtwizard_gthe4_inst/gen_gtwizard_gthe4.gen_pwrgood_delay_inst[6].delay_powergood_inst/gen_powergood_delay.wait_cnt_reg[1]/D
                                                              1.092         
DACs/DAC_JESD_PHY/inst/jesd204_phy_block_i/dac_jesd_phy_gt_i/inst/gen_gtwizard_gthe4_top.dac_jesd_phy_gt_gtwizard_gthe4_inst/gen_gtwizard_gthe4.gen_pwrgood_delay_inst[5].delay_powergood_inst/gen_powergood_delay.wait_cnt_reg[0]/C
                               DACs/DAC_JESD_PHY/inst/jesd204_phy_block_i/dac_jesd_phy_gt_i/inst/gen_gtwizard_gthe4_top.dac_jesd_phy_gt_gtwizard_gthe4_inst/gen_gtwizard_gthe4.gen_pwrgood_delay_inst[5].delay_powergood_inst/gen_powergood_delay.wait_cnt_reg[1]/D
                                                              1.093         
DACs/DAC_JESD_PHY/inst/jesd204_phy_block_i/dac_jesd_phy_gt_i/inst/gen_gtwizard_gthe4_top.dac_jesd_phy_gt_gtwizard_gthe4_inst/gen_gtwizard_gthe4.gen_pwrgood_delay_inst[2].delay_powergood_inst/gen_powergood_delay.wait_cnt_reg[6]/C
                               DACs/DAC_JESD_PHY/inst/jesd204_phy_block_i/dac_jesd_phy_gt_i/inst/gen_gtwizard_gthe4_top.dac_jesd_phy_gt_gtwizard_gthe4_inst/gen_gtwizard_gthe4.gen_pwrgood_delay_inst[2].delay_powergood_inst/gen_powergood_delay.wait_cnt_reg[7]/D
                                                              1.094         
DACs/DAC_JESD_PHY/inst/jesd204_phy_block_i/dac_jesd_phy_gt_i/inst/gen_gtwizard_gthe4_top.dac_jesd_phy_gt_gtwizard_gthe4_inst/gen_gtwizard_gthe4.gen_pwrgood_delay_inst[6].delay_powergood_inst/gen_powergood_delay.int_pwr_on_fsm_reg/C
                               DACs/DAC_JESD_PHY/inst/jesd204_phy_block_i/dac_jesd_phy_gt_i/inst/gen_gtwizard_gthe4_top.dac_jesd_phy_gt_gtwizard_gthe4_inst/gen_gtwizard_gthe4.gen_pwrgood_delay_inst[6].delay_powergood_inst/gen_powergood_delay.intclk_rrst_n_r_reg[4]/CE
                                                              1.100         
DACs/DAC_JESD_PHY/inst/jesd204_phy_block_i/dac_jesd_phy_gt_i/inst/gen_gtwizard_gthe4_top.dac_jesd_phy_gt_gtwizard_gthe4_inst/gen_gtwizard_gthe4.gen_pwrgood_delay_inst[5].delay_powergood_inst/gen_powergood_delay.wait_cnt_reg[4]/C
                               DACs/DAC_JESD_PHY/inst/jesd204_phy_block_i/dac_jesd_phy_gt_i/inst/gen_gtwizard_gthe4_top.dac_jesd_phy_gt_gtwizard_gthe4_inst/gen_gtwizard_gthe4.gen_pwrgood_delay_inst[5].delay_powergood_inst/gen_powergood_delay.wait_cnt_reg[5]/D
                                                              1.101         
DACs/DAC_JESD_PHY/inst/jesd204_phy_block_i/dac_jesd_phy_gt_i/inst/gen_gtwizard_gthe4_top.dac_jesd_phy_gt_gtwizard_gthe4_inst/gen_gtwizard_gthe4.gen_pwrgood_delay_inst[6].delay_powergood_inst/gen_powergood_delay.int_pwr_on_fsm_reg/C
                               DACs/DAC_JESD_PHY/inst/jesd204_phy_block_i/dac_jesd_phy_gt_i/inst/gen_gtwizard_gthe4_top.dac_jesd_phy_gt_gtwizard_gthe4_inst/gen_gtwizard_gthe4.gen_pwrgood_delay_inst[6].delay_powergood_inst/gen_powergood_delay.intclk_rrst_n_r_reg[0]/CE
                                                              1.105         
DACs/DAC_JESD_PHY/inst/jesd204_phy_block_i/dac_jesd_phy_gt_i/inst/gen_gtwizard_gthe4_top.dac_jesd_phy_gt_gtwizard_gthe4_inst/gen_gtwizard_gthe4.gen_pwrgood_delay_inst[6].delay_powergood_inst/gen_powergood_delay.int_pwr_on_fsm_reg/C
                               DACs/DAC_JESD_PHY/inst/jesd204_phy_block_i/dac_jesd_phy_gt_i/inst/gen_gtwizard_gthe4_top.dac_jesd_phy_gt_gtwizard_gthe4_inst/gen_gtwizard_gthe4.gen_pwrgood_delay_inst[6].delay_powergood_inst/gen_powergood_delay.intclk_rrst_n_r_reg[1]/CE
                                                              1.105         
DACs/DAC_JESD_PHY/inst/jesd204_phy_block_i/dac_jesd_phy_gt_i/inst/gen_gtwizard_gthe4_top.dac_jesd_phy_gt_gtwizard_gthe4_inst/gen_gtwizard_gthe4.gen_pwrgood_delay_inst[6].delay_powergood_inst/gen_powergood_delay.int_pwr_on_fsm_reg/C
                               DACs/DAC_JESD_PHY/inst/jesd204_phy_block_i/dac_jesd_phy_gt_i/inst/gen_gtwizard_gthe4_top.dac_jesd_phy_gt_gtwizard_gthe4_inst/gen_gtwizard_gthe4.gen_pwrgood_delay_inst[6].delay_powergood_inst/gen_powergood_delay.intclk_rrst_n_r_reg[2]/CE
                                                              1.105         
DACs/DAC_JESD_PHY/inst/jesd204_phy_block_i/dac_jesd_phy_gt_i/inst/gen_gtwizard_gthe4_top.dac_jesd_phy_gt_gtwizard_gthe4_inst/gen_gtwizard_gthe4.gen_pwrgood_delay_inst[6].delay_powergood_inst/gen_powergood_delay.int_pwr_on_fsm_reg/C
                               DACs/DAC_JESD_PHY/inst/jesd204_phy_block_i/dac_jesd_phy_gt_i/inst/gen_gtwizard_gthe4_top.dac_jesd_phy_gt_gtwizard_gthe4_inst/gen_gtwizard_gthe4.gen_pwrgood_delay_inst[6].delay_powergood_inst/gen_powergood_delay.intclk_rrst_n_r_reg[3]/CE
                                                              1.105         
DACs/DAC_JESD_PHY/inst/jesd204_phy_block_i/dac_jesd_phy_gt_i/inst/gen_gtwizard_gthe4_top.dac_jesd_phy_gt_gtwizard_gthe4_inst/gen_gtwizard_gthe4.gen_pwrgood_delay_inst[7].delay_powergood_inst/gen_powergood_delay.intclk_rrst_n_r_reg[4]/C
                               DACs/DAC_JESD_PHY/inst/jesd204_phy_block_i/dac_jesd_phy_gt_i/inst/gen_gtwizard_gthe4_top.dac_jesd_phy_gt_gtwizard_gthe4_inst/gen_gtwizard_gthe4.gen_pwrgood_delay_inst[7].delay_powergood_inst/gen_powergood_delay.wait_cnt_reg[0]/D
                                                              1.125         
DACs/DAC_JESD_PHY/inst/jesd204_phy_block_i/dac_jesd_phy_gt_i/inst/gen_gtwizard_gthe4_top.dac_jesd_phy_gt_gtwizard_gthe4_inst/gen_gtwizard_gthe4.gen_pwrgood_delay_inst[2].delay_powergood_inst/gen_powergood_delay.intclk_rrst_n_r_reg[3]/C
                               DACs/DAC_JESD_PHY/inst/jesd204_phy_block_i/dac_jesd_phy_gt_i/inst/gen_gtwizard_gthe4_top.dac_jesd_phy_gt_gtwizard_gthe4_inst/gen_gtwizard_gthe4.gen_pwrgood_delay_inst[2].delay_powergood_inst/gen_powergood_delay.intclk_rrst_n_r_reg[4]/D
                                                              1.135         
DACs/DAC_JESD_PHY/inst/jesd204_phy_block_i/dac_jesd_phy_gt_i/inst/gen_gtwizard_gthe4_top.dac_jesd_phy_gt_gtwizard_gthe4_inst/gen_gtwizard_gthe4.gen_pwrgood_delay_inst[6].delay_powergood_inst/gen_powergood_delay.wait_cnt_reg[1]/C
                               DACs/DAC_JESD_PHY/inst/jesd204_phy_block_i/dac_jesd_phy_gt_i/inst/gen_gtwizard_gthe4_top.dac_jesd_phy_gt_gtwizard_gthe4_inst/gen_gtwizard_gthe4.gen_pwrgood_delay_inst[6].delay_powergood_inst/gen_powergood_delay.wait_cnt_reg[2]/D
                                                              1.168         
DACs/DAC_JESD_PHY/inst/jesd204_phy_block_i/dac_jesd_phy_gt_i/inst/gen_gtwizard_gthe4_top.dac_jesd_phy_gt_gtwizard_gthe4_inst/gen_gtwizard_gthe4.gen_pwrgood_delay_inst[6].delay_powergood_inst/gen_powergood_delay.wait_cnt_reg[3]/C
                               DACs/DAC_JESD_PHY/inst/jesd204_phy_block_i/dac_jesd_phy_gt_i/inst/gen_gtwizard_gthe4_top.dac_jesd_phy_gt_gtwizard_gthe4_inst/gen_gtwizard_gthe4.gen_pwrgood_delay_inst[6].delay_powergood_inst/gen_powergood_delay.wait_cnt_reg[4]/D
                                                              1.171         
DACs/DAC_JESD_PHY/inst/jesd204_phy_block_i/dac_jesd_phy_gt_i/inst/gen_gtwizard_gthe4_top.dac_jesd_phy_gt_gtwizard_gthe4_inst/gen_gtwizard_gthe4.gen_pwrgood_delay_inst[3].delay_powergood_inst/gen_powergood_delay.intclk_rrst_n_r_reg[0]/C
                               DACs/DAC_JESD_PHY/inst/jesd204_phy_block_i/dac_jesd_phy_gt_i/inst/gen_gtwizard_gthe4_top.dac_jesd_phy_gt_gtwizard_gthe4_inst/gen_gtwizard_gthe4.gen_pwrgood_delay_inst[3].delay_powergood_inst/gen_powergood_delay.intclk_rrst_n_r_reg[1]/D
                                                              1.176         
DACs/DAC_JESD_PHY/inst/jesd204_phy_block_i/dac_jesd_phy_gt_i/inst/gen_gtwizard_gthe4_top.dac_jesd_phy_gt_gtwizard_gthe4_inst/gen_gtwizard_gthe4.gen_pwrgood_delay_inst[2].delay_powergood_inst/gen_powergood_delay.wait_cnt_reg[2]/C
                               DACs/DAC_JESD_PHY/inst/jesd204_phy_block_i/dac_jesd_phy_gt_i/inst/gen_gtwizard_gthe4_top.dac_jesd_phy_gt_gtwizard_gthe4_inst/gen_gtwizard_gthe4.gen_pwrgood_delay_inst[2].delay_powergood_inst/gen_powergood_delay.wait_cnt_reg[3]/D
                                                              1.183         
DACs/DAC_JESD_PHY/inst/jesd204_phy_block_i/dac_jesd_phy_gt_i/inst/gen_gtwizard_gthe4_top.dac_jesd_phy_gt_gtwizard_gthe4_inst/gen_gtwizard_gthe4.gen_pwrgood_delay_inst[1].delay_powergood_inst/gen_powergood_delay.intclk_rrst_n_r_reg[4]/C
                               DACs/DAC_JESD_PHY/inst/jesd204_phy_block_i/dac_jesd_phy_gt_i/inst/gen_gtwizard_gthe4_top.dac_jesd_phy_gt_gtwizard_gthe4_inst/gen_gtwizard_gthe4.gen_pwrgood_delay_inst[1].delay_powergood_inst/gen_powergood_delay.wait_cnt_reg[0]/D
                                                              1.188         
DACs/DAC_JESD_PHY/inst/jesd204_phy_block_i/dac_jesd_phy_gt_i/inst/gen_gtwizard_gthe4_top.dac_jesd_phy_gt_gtwizard_gthe4_inst/gen_gtwizard_gthe4.gen_pwrgood_delay_inst[6].delay_powergood_inst/gen_powergood_delay.wait_cnt_reg[2]/C
                               DACs/DAC_JESD_PHY/inst/jesd204_phy_block_i/dac_jesd_phy_gt_i/inst/gen_gtwizard_gthe4_top.dac_jesd_phy_gt_gtwizard_gthe4_inst/gen_gtwizard_gthe4.gen_pwrgood_delay_inst[6].delay_powergood_inst/gen_powergood_delay.wait_cnt_reg[3]/D
                                                              1.192         
DACs/DAC_JESD_PHY/inst/jesd204_phy_block_i/dac_jesd_phy_gt_i/inst/gen_gtwizard_gthe4_top.dac_jesd_phy_gt_gtwizard_gthe4_inst/gen_gtwizard_gthe4.gen_pwrgood_delay_inst[2].delay_powergood_inst/gen_powergood_delay.intclk_rrst_n_r_reg[0]/C
                               DACs/DAC_JESD_PHY/inst/jesd204_phy_block_i/dac_jesd_phy_gt_i/inst/gen_gtwizard_gthe4_top.dac_jesd_phy_gt_gtwizard_gthe4_inst/gen_gtwizard_gthe4.gen_pwrgood_delay_inst[2].delay_powergood_inst/gen_powergood_delay.intclk_rrst_n_r_reg[1]/D
                                                              1.195         
DACs/DAC_JESD_PHY/inst/jesd204_phy_block_i/dac_jesd_phy_gt_i/inst/gen_gtwizard_gthe4_top.dac_jesd_phy_gt_gtwizard_gthe4_inst/gen_gtwizard_gthe4.gen_pwrgood_delay_inst[6].delay_powergood_inst/gen_powergood_delay.int_pwr_on_fsm_reg/C
                               DACs/DAC_JESD_PHY/inst/jesd204_phy_block_i/dac_jesd_phy_gt_i/inst/gen_gtwizard_gthe4_top.dac_jesd_phy_gt_gtwizard_gthe4_inst/gen_gtwizard_gthe4.gen_pwrgood_delay_inst[6].delay_powergood_inst/gen_powergood_delay.int_pwr_on_fsm_reg/D
                                                              1.198         
DACs/DAC_JESD_PHY/inst/jesd204_phy_block_i/dac_jesd_phy_gt_i/inst/gen_gtwizard_gthe4_top.dac_jesd_phy_gt_gtwizard_gthe4_inst/gen_gtwizard_gthe4.gen_pwrgood_delay_inst[6].delay_powergood_inst/gen_powergood_delay.intclk_rrst_n_r_reg[3]/C
                               DACs/DAC_JESD_PHY/inst/jesd204_phy_block_i/dac_jesd_phy_gt_i/inst/gen_gtwizard_gthe4_top.dac_jesd_phy_gt_gtwizard_gthe4_inst/gen_gtwizard_gthe4.gen_pwrgood_delay_inst[6].delay_powergood_inst/gen_powergood_delay.intclk_rrst_n_r_reg[4]/D
                                                              1.208         
DACs/DAC_JESD_PHY/inst/jesd204_phy_block_i/dac_jesd_phy_gt_i/inst/gen_gtwizard_gthe4_top.dac_jesd_phy_gt_gtwizard_gthe4_inst/gen_gtwizard_gthe4.gen_pwrgood_delay_inst[6].delay_powergood_inst/gen_powergood_delay.wait_cnt_reg[5]/C
                               DACs/DAC_JESD_PHY/inst/jesd204_phy_block_i/dac_jesd_phy_gt_i/inst/gen_gtwizard_gthe4_top.dac_jesd_phy_gt_gtwizard_gthe4_inst/gen_gtwizard_gthe4.gen_pwrgood_delay_inst[6].delay_powergood_inst/gen_powergood_delay.wait_cnt_reg[6]/D
                                                              1.210         
DACs/DAC_JESD_PHY/inst/jesd204_phy_block_i/dac_jesd_phy_gt_i/inst/gen_gtwizard_gthe4_top.dac_jesd_phy_gt_gtwizard_gthe4_inst/gen_gtwizard_gthe4.gen_pwrgood_delay_inst[4].delay_powergood_inst/gen_powergood_delay.wait_cnt_reg[0]/C
                               DACs/DAC_JESD_PHY/inst/jesd204_phy_block_i/dac_jesd_phy_gt_i/inst/gen_gtwizard_gthe4_top.dac_jesd_phy_gt_gtwizard_gthe4_inst/gen_gtwizard_gthe4.gen_pwrgood_delay_inst[4].delay_powergood_inst/gen_powergood_delay.wait_cnt_reg[1]/D
                                                              1.213         
DACs/DAC_JESD_PHY/inst/jesd204_phy_block_i/dac_jesd_phy_gt_i/inst/gen_gtwizard_gthe4_top.dac_jesd_phy_gt_gtwizard_gthe4_inst/gen_gtwizard_gthe4.gen_pwrgood_delay_inst[6].delay_powergood_inst/gen_powergood_delay.wait_cnt_reg[4]/C
                               DACs/DAC_JESD_PHY/inst/jesd204_phy_block_i/dac_jesd_phy_gt_i/inst/gen_gtwizard_gthe4_top.dac_jesd_phy_gt_gtwizard_gthe4_inst/gen_gtwizard_gthe4.gen_pwrgood_delay_inst[6].delay_powergood_inst/gen_powergood_delay.wait_cnt_reg[5]/D
                                                              1.213         
DACs/DAC_JESD_PHY/inst/jesd204_phy_block_i/dac_jesd_phy_gt_i/inst/gen_gtwizard_gthe4_top.dac_jesd_phy_gt_gtwizard_gthe4_inst/gen_gtwizard_gthe4.gen_pwrgood_delay_inst[4].delay_powergood_inst/gen_powergood_delay.wait_cnt_reg[1]/C
                               DACs/DAC_JESD_PHY/inst/jesd204_phy_block_i/dac_jesd_phy_gt_i/inst/gen_gtwizard_gthe4_top.dac_jesd_phy_gt_gtwizard_gthe4_inst/gen_gtwizard_gthe4.gen_pwrgood_delay_inst[4].delay_powergood_inst/gen_powergood_delay.wait_cnt_reg[2]/D
                                                              1.222         
DACs/DAC_JESD_PHY/inst/jesd204_phy_block_i/dac_jesd_phy_gt_i/inst/gen_gtwizard_gthe4_top.dac_jesd_phy_gt_gtwizard_gthe4_inst/gen_gtwizard_gthe4.gen_pwrgood_delay_inst[1].delay_powergood_inst/gen_powergood_delay.wait_cnt_reg[2]/C
                               DACs/DAC_JESD_PHY/inst/jesd204_phy_block_i/dac_jesd_phy_gt_i/inst/gen_gtwizard_gthe4_top.dac_jesd_phy_gt_gtwizard_gthe4_inst/gen_gtwizard_gthe4.gen_pwrgood_delay_inst[1].delay_powergood_inst/gen_powergood_delay.wait_cnt_reg[3]/D
                                                              1.224         
DACs/DAC_JESD_PHY/inst/jesd204_phy_block_i/dac_jesd_phy_gt_i/inst/gen_gtwizard_gthe4_top.dac_jesd_phy_gt_gtwizard_gthe4_inst/gen_gtwizard_gthe4.gen_pwrgood_delay_inst[4].delay_powergood_inst/gen_powergood_delay.wait_cnt_reg[3]/C
                               DACs/DAC_JESD_PHY/inst/jesd204_phy_block_i/dac_jesd_phy_gt_i/inst/gen_gtwizard_gthe4_top.dac_jesd_phy_gt_gtwizard_gthe4_inst/gen_gtwizard_gthe4.gen_pwrgood_delay_inst[4].delay_powergood_inst/gen_powergood_delay.wait_cnt_reg[4]/D
                                                              1.232         
DACs/DAC_JESD_PHY/inst/jesd204_phy_block_i/dac_jesd_phy_gt_i/inst/gen_gtwizard_gthe4_top.dac_jesd_phy_gt_gtwizard_gthe4_inst/gen_gtwizard_gthe4.gen_pwrgood_delay_inst[6].delay_powergood_inst/gen_powergood_delay.wait_cnt_reg[6]/C
                               DACs/DAC_JESD_PHY/inst/jesd204_phy_block_i/dac_jesd_phy_gt_i/inst/gen_gtwizard_gthe4_top.dac_jesd_phy_gt_gtwizard_gthe4_inst/gen_gtwizard_gthe4.gen_pwrgood_delay_inst[6].delay_powergood_inst/gen_powergood_delay.wait_cnt_reg[7]/D
                                                              1.234         
DACs/DAC_JESD_PHY/inst/jesd204_phy_block_i/dac_jesd_phy_gt_i/inst/gen_gtwizard_gthe4_top.dac_jesd_phy_gt_gtwizard_gthe4_inst/gen_gtwizard_gthe4.gen_pwrgood_delay_inst[5].delay_powergood_inst/gen_powergood_delay.int_pwr_on_fsm_reg/C
                               DACs/DAC_JESD_PHY/inst/jesd204_phy_block_i/dac_jesd_phy_gt_i/inst/gen_gtwizard_gthe4_top.dac_jesd_phy_gt_gtwizard_gthe4_inst/gen_gtwizard_gthe4.gen_pwrgood_delay_inst[5].delay_powergood_inst/gen_powergood_delay.wait_cnt_reg[1]/CE
                                                              1.234         
DACs/DAC_JESD_PHY/inst/jesd204_phy_block_i/dac_jesd_phy_gt_i/inst/gen_gtwizard_gthe4_top.dac_jesd_phy_gt_gtwizard_gthe4_inst/gen_gtwizard_gthe4.gen_pwrgood_delay_inst[5].delay_powergood_inst/gen_powergood_delay.int_pwr_on_fsm_reg/C
                               DACs/DAC_JESD_PHY/inst/jesd204_phy_block_i/dac_jesd_phy_gt_i/inst/gen_gtwizard_gthe4_top.dac_jesd_phy_gt_gtwizard_gthe4_inst/gen_gtwizard_gthe4.gen_pwrgood_delay_inst[5].delay_powergood_inst/gen_powergood_delay.wait_cnt_reg[2]/CE
                                                              1.234         
DACs/DAC_JESD_PHY/inst/jesd204_phy_block_i/dac_jesd_phy_gt_i/inst/gen_gtwizard_gthe4_top.dac_jesd_phy_gt_gtwizard_gthe4_inst/gen_gtwizard_gthe4.gen_pwrgood_delay_inst[5].delay_powergood_inst/gen_powergood_delay.int_pwr_on_fsm_reg/C
                               DACs/DAC_JESD_PHY/inst/jesd204_phy_block_i/dac_jesd_phy_gt_i/inst/gen_gtwizard_gthe4_top.dac_jesd_phy_gt_gtwizard_gthe4_inst/gen_gtwizard_gthe4.gen_pwrgood_delay_inst[5].delay_powergood_inst/gen_powergood_delay.wait_cnt_reg[3]/CE
                                                              1.234         
DACs/DAC_JESD_PHY/inst/jesd204_phy_block_i/dac_jesd_phy_gt_i/inst/gen_gtwizard_gthe4_top.dac_jesd_phy_gt_gtwizard_gthe4_inst/gen_gtwizard_gthe4.gen_pwrgood_delay_inst[5].delay_powergood_inst/gen_powergood_delay.int_pwr_on_fsm_reg/C
                               DACs/DAC_JESD_PHY/inst/jesd204_phy_block_i/dac_jesd_phy_gt_i/inst/gen_gtwizard_gthe4_top.dac_jesd_phy_gt_gtwizard_gthe4_inst/gen_gtwizard_gthe4.gen_pwrgood_delay_inst[5].delay_powergood_inst/gen_powergood_delay.wait_cnt_reg[4]/CE
                                                              1.234         
DACs/DAC_JESD_PHY/inst/jesd204_phy_block_i/dac_jesd_phy_gt_i/inst/gen_gtwizard_gthe4_top.dac_jesd_phy_gt_gtwizard_gthe4_inst/gen_gtwizard_gthe4.gen_pwrgood_delay_inst[4].delay_powergood_inst/gen_powergood_delay.intclk_rrst_n_r_reg[0]/C
                               DACs/DAC_JESD_PHY/inst/jesd204_phy_block_i/dac_jesd_phy_gt_i/inst/gen_gtwizard_gthe4_top.dac_jesd_phy_gt_gtwizard_gthe4_inst/gen_gtwizard_gthe4.gen_pwrgood_delay_inst[4].delay_powergood_inst/gen_powergood_delay.intclk_rrst_n_r_reg[1]/D
                                                              1.242         
DACs/DAC_JESD_PHY/inst/jesd204_phy_block_i/dac_jesd_phy_gt_i/inst/gen_gtwizard_gthe4_top.dac_jesd_phy_gt_gtwizard_gthe4_inst/gen_gtwizard_gthe4.gen_pwrgood_delay_inst[6].delay_powergood_inst/gen_powergood_delay.intclk_rrst_n_r_reg[4]/C
                               DACs/DAC_JESD_PHY/inst/jesd204_phy_block_i/dac_jesd_phy_gt_i/inst/gen_gtwizard_gthe4_top.dac_jesd_phy_gt_gtwizard_gthe4_inst/gen_gtwizard_gthe4.gen_pwrgood_delay_inst[6].delay_powergood_inst/gen_powergood_delay.wait_cnt_reg[1]/R
                                                              1.242         
DACs/DAC_JESD_PHY/inst/jesd204_phy_block_i/dac_jesd_phy_gt_i/inst/gen_gtwizard_gthe4_top.dac_jesd_phy_gt_gtwizard_gthe4_inst/gen_gtwizard_gthe4.gen_pwrgood_delay_inst[6].delay_powergood_inst/gen_powergood_delay.intclk_rrst_n_r_reg[4]/C
                               DACs/DAC_JESD_PHY/inst/jesd204_phy_block_i/dac_jesd_phy_gt_i/inst/gen_gtwizard_gthe4_top.dac_jesd_phy_gt_gtwizard_gthe4_inst/gen_gtwizard_gthe4.gen_pwrgood_delay_inst[6].delay_powergood_inst/gen_powergood_delay.wait_cnt_reg[2]/R
                                                              1.242         
DACs/DAC_JESD_PHY/inst/jesd204_phy_block_i/dac_jesd_phy_gt_i/inst/gen_gtwizard_gthe4_top.dac_jesd_phy_gt_gtwizard_gthe4_inst/gen_gtwizard_gthe4.gen_pwrgood_delay_inst[6].delay_powergood_inst/gen_powergood_delay.intclk_rrst_n_r_reg[4]/C
                               DACs/DAC_JESD_PHY/inst/jesd204_phy_block_i/dac_jesd_phy_gt_i/inst/gen_gtwizard_gthe4_top.dac_jesd_phy_gt_gtwizard_gthe4_inst/gen_gtwizard_gthe4.gen_pwrgood_delay_inst[6].delay_powergood_inst/gen_powergood_delay.wait_cnt_reg[3]/R
                                                              1.242         
DACs/DAC_JESD_PHY/inst/jesd204_phy_block_i/dac_jesd_phy_gt_i/inst/gen_gtwizard_gthe4_top.dac_jesd_phy_gt_gtwizard_gthe4_inst/gen_gtwizard_gthe4.gen_pwrgood_delay_inst[6].delay_powergood_inst/gen_powergood_delay.intclk_rrst_n_r_reg[4]/C
                               DACs/DAC_JESD_PHY/inst/jesd204_phy_block_i/dac_jesd_phy_gt_i/inst/gen_gtwizard_gthe4_top.dac_jesd_phy_gt_gtwizard_gthe4_inst/gen_gtwizard_gthe4.gen_pwrgood_delay_inst[6].delay_powergood_inst/gen_powergood_delay.wait_cnt_reg[4]/R
                                                              1.242         
DACs/DAC_JESD_PHY/inst/jesd204_phy_block_i/dac_jesd_phy_gt_i/inst/gen_gtwizard_gthe4_top.dac_jesd_phy_gt_gtwizard_gthe4_inst/gen_gtwizard_gthe4.gen_pwrgood_delay_inst[6].delay_powergood_inst/gen_powergood_delay.intclk_rrst_n_r_reg[4]/C
                               DACs/DAC_JESD_PHY/inst/jesd204_phy_block_i/dac_jesd_phy_gt_i/inst/gen_gtwizard_gthe4_top.dac_jesd_phy_gt_gtwizard_gthe4_inst/gen_gtwizard_gthe4.gen_pwrgood_delay_inst[6].delay_powergood_inst/gen_powergood_delay.wait_cnt_reg[5]/R
                                                              1.244         
DACs/DAC_JESD_PHY/inst/jesd204_phy_block_i/dac_jesd_phy_gt_i/inst/gen_gtwizard_gthe4_top.dac_jesd_phy_gt_gtwizard_gthe4_inst/gen_gtwizard_gthe4.gen_pwrgood_delay_inst[6].delay_powergood_inst/gen_powergood_delay.intclk_rrst_n_r_reg[4]/C
                               DACs/DAC_JESD_PHY/inst/jesd204_phy_block_i/dac_jesd_phy_gt_i/inst/gen_gtwizard_gthe4_top.dac_jesd_phy_gt_gtwizard_gthe4_inst/gen_gtwizard_gthe4.gen_pwrgood_delay_inst[6].delay_powergood_inst/gen_powergood_delay.wait_cnt_reg[6]/R
                                                              1.244         
DACs/DAC_JESD_PHY/inst/jesd204_phy_block_i/dac_jesd_phy_gt_i/inst/gen_gtwizard_gthe4_top.dac_jesd_phy_gt_gtwizard_gthe4_inst/gen_gtwizard_gthe4.gen_pwrgood_delay_inst[6].delay_powergood_inst/gen_powergood_delay.intclk_rrst_n_r_reg[4]/C
                               DACs/DAC_JESD_PHY/inst/jesd204_phy_block_i/dac_jesd_phy_gt_i/inst/gen_gtwizard_gthe4_top.dac_jesd_phy_gt_gtwizard_gthe4_inst/gen_gtwizard_gthe4.gen_pwrgood_delay_inst[6].delay_powergood_inst/gen_powergood_delay.wait_cnt_reg[7]/R
                                                              1.244         
DACs/DAC_JESD_PHY/inst/jesd204_phy_block_i/dac_jesd_phy_gt_i/inst/gen_gtwizard_gthe4_top.dac_jesd_phy_gt_gtwizard_gthe4_inst/gen_gtwizard_gthe4.gen_pwrgood_delay_inst[7].delay_powergood_inst/gen_powergood_delay.int_pwr_on_fsm_reg/C
                               DACs/DAC_JESD_PHY/inst/jesd204_phy_block_i/dac_jesd_phy_gt_i/inst/gen_gtwizard_gthe4_top.dac_jesd_phy_gt_gtwizard_gthe4_inst/gen_gtwizard_gthe4.gen_pwrgood_delay_inst[7].delay_powergood_inst/gen_powergood_delay.int_pwr_on_fsm_reg/D
                                                              1.244         
DACs/DAC_JESD_PHY/inst/jesd204_phy_block_i/dac_jesd_phy_gt_i/inst/gen_gtwizard_gthe4_top.dac_jesd_phy_gt_gtwizard_gthe4_inst/gen_gtwizard_gthe4.gen_pwrgood_delay_inst[3].delay_powergood_inst/gen_powergood_delay.int_pwr_on_fsm_reg/C
                               DACs/DAC_JESD_PHY/inst/jesd204_phy_block_i/dac_jesd_phy_gt_i/inst/gen_gtwizard_gthe4_top.dac_jesd_phy_gt_gtwizard_gthe4_inst/gen_gtwizard_gthe4.gen_pwrgood_delay_inst[3].delay_powergood_inst/gen_powergood_delay.pwr_on_fsm_reg/D
                                                              1.245         
DACs/DAC_JESD_PHY/inst/jesd204_phy_block_i/dac_jesd_phy_gt_i/inst/gen_gtwizard_gthe4_top.dac_jesd_phy_gt_gtwizard_gthe4_inst/gen_gtwizard_gthe4.gen_pwrgood_delay_inst[2].delay_powergood_inst/gen_powergood_delay.intclk_rrst_n_r_reg[2]/C
                               DACs/DAC_JESD_PHY/inst/jesd204_phy_block_i/dac_jesd_phy_gt_i/inst/gen_gtwizard_gthe4_top.dac_jesd_phy_gt_gtwizard_gthe4_inst/gen_gtwizard_gthe4.gen_pwrgood_delay_inst[2].delay_powergood_inst/gen_powergood_delay.intclk_rrst_n_r_reg[3]/D
                                                              1.253         
DACs/DAC_JESD_PHY/inst/jesd204_phy_block_i/dac_jesd_phy_gt_i/inst/gen_gtwizard_gthe4_top.dac_jesd_phy_gt_gtwizard_gthe4_inst/gen_gtwizard_gthe4.gen_pwrgood_delay_inst[5].delay_powergood_inst/gen_powergood_delay.intclk_rrst_n_r_reg[0]/C
                               DACs/DAC_JESD_PHY/inst/jesd204_phy_block_i/dac_jesd_phy_gt_i/inst/gen_gtwizard_gthe4_top.dac_jesd_phy_gt_gtwizard_gthe4_inst/gen_gtwizard_gthe4.gen_pwrgood_delay_inst[5].delay_powergood_inst/gen_powergood_delay.intclk_rrst_n_r_reg[1]/D
                                                              1.257         
DACs/DAC_JESD_PHY/inst/jesd204_phy_block_i/dac_jesd_phy_gt_i/inst/gen_gtwizard_gthe4_top.dac_jesd_phy_gt_gtwizard_gthe4_inst/gen_gtwizard_gthe4.gen_pwrgood_delay_inst[3].delay_powergood_inst/gen_powergood_delay.int_pwr_on_fsm_reg/C
                               DACs/DAC_JESD_PHY/inst/jesd204_phy_block_i/dac_jesd_phy_gt_i/inst/gen_gtwizard_gthe4_top.dac_jesd_phy_gt_gtwizard_gthe4_inst/gen_gtwizard_gthe4.gen_pwrgood_delay_inst[3].delay_powergood_inst/gen_powergood_delay.int_pwr_on_fsm_reg/D
                                                              1.260         
DACs/DAC_JESD_PHY/inst/jesd204_phy_block_i/dac_jesd_phy_gt_i/inst/gen_gtwizard_gthe4_top.dac_jesd_phy_gt_gtwizard_gthe4_inst/gen_gtwizard_gthe4.gen_pwrgood_delay_inst[4].delay_powergood_inst/gen_powergood_delay.intclk_rrst_n_r_reg[3]/C
                               DACs/DAC_JESD_PHY/inst/jesd204_phy_block_i/dac_jesd_phy_gt_i/inst/gen_gtwizard_gthe4_top.dac_jesd_phy_gt_gtwizard_gthe4_inst/gen_gtwizard_gthe4.gen_pwrgood_delay_inst[4].delay_powergood_inst/gen_powergood_delay.intclk_rrst_n_r_reg[4]/D
                                                              1.269         
DACs/DAC_JESD_PHY/inst/jesd204_phy_block_i/dac_jesd_phy_gt_i/inst/gen_gtwizard_gthe4_top.dac_jesd_phy_gt_gtwizard_gthe4_inst/gen_gtwizard_gthe4.gen_pwrgood_delay_inst[2].delay_powergood_inst/gen_powergood_delay.wait_cnt_reg[4]/C
                               DACs/DAC_JESD_PHY/inst/jesd204_phy_block_i/dac_jesd_phy_gt_i/inst/gen_gtwizard_gthe4_top.dac_jesd_phy_gt_gtwizard_gthe4_inst/gen_gtwizard_gthe4.gen_pwrgood_delay_inst[2].delay_powergood_inst/gen_powergood_delay.wait_cnt_reg[5]/D
                                                              1.279         
DACs/DAC_JESD_PHY/inst/jesd204_phy_block_i/dac_jesd_phy_gt_i/inst/gen_gtwizard_gthe4_top.dac_jesd_phy_gt_gtwizard_gthe4_inst/gen_gtwizard_gthe4.gen_pwrgood_delay_inst[4].delay_powergood_inst/gen_powergood_delay.intclk_rrst_n_r_reg[2]/C
                               DACs/DAC_JESD_PHY/inst/jesd204_phy_block_i/dac_jesd_phy_gt_i/inst/gen_gtwizard_gthe4_top.dac_jesd_phy_gt_gtwizard_gthe4_inst/gen_gtwizard_gthe4.gen_pwrgood_delay_inst[4].delay_powergood_inst/gen_powergood_delay.intclk_rrst_n_r_reg[3]/D
                                                              1.280         
DACs/DAC_JESD_PHY/inst/jesd204_phy_block_i/dac_jesd_phy_gt_i/inst/gen_gtwizard_gthe4_top.dac_jesd_phy_gt_gtwizard_gthe4_inst/gen_gtwizard_gthe4.gen_pwrgood_delay_inst[5].delay_powergood_inst/gen_powergood_delay.wait_cnt_reg[3]/C
                               DACs/DAC_JESD_PHY/inst/jesd204_phy_block_i/dac_jesd_phy_gt_i/inst/gen_gtwizard_gthe4_top.dac_jesd_phy_gt_gtwizard_gthe4_inst/gen_gtwizard_gthe4.gen_pwrgood_delay_inst[5].delay_powergood_inst/gen_powergood_delay.wait_cnt_reg[4]/D
                                                              1.282         
DACs/DAC_JESD_PHY/inst/jesd204_phy_block_i/dac_jesd_phy_gt_i/inst/gen_gtwizard_gthe4_top.dac_jesd_phy_gt_gtwizard_gthe4_inst/gen_gtwizard_gthe4.gen_pwrgood_delay_inst[0].delay_powergood_inst/gen_powergood_delay.intclk_rrst_n_r_reg[3]/C
                               DACs/DAC_JESD_PHY/inst/jesd204_phy_block_i/dac_jesd_phy_gt_i/inst/gen_gtwizard_gthe4_top.dac_jesd_phy_gt_gtwizard_gthe4_inst/gen_gtwizard_gthe4.gen_pwrgood_delay_inst[0].delay_powergood_inst/gen_powergood_delay.intclk_rrst_n_r_reg[4]/D
                                                              1.285         
DACs/DAC_JESD_PHY/inst/jesd204_phy_block_i/dac_jesd_phy_gt_i/inst/gen_gtwizard_gthe4_top.dac_jesd_phy_gt_gtwizard_gthe4_inst/gen_gtwizard_gthe4.gen_pwrgood_delay_inst[4].delay_powergood_inst/gen_powergood_delay.int_pwr_on_fsm_reg/C
                               DACs/DAC_JESD_PHY/inst/jesd204_phy_block_i/dac_jesd_phy_gt_i/inst/gen_gtwizard_gthe4_top.dac_jesd_phy_gt_gtwizard_gthe4_inst/gen_gtwizard_gthe4.gen_pwrgood_delay_inst[4].delay_powergood_inst/gen_powergood_delay.intclk_rrst_n_r_reg[4]/CE
                                                              1.286         
DACs/DAC_JESD_PHY/inst/jesd204_phy_block_i/dac_jesd_phy_gt_i/inst/gen_gtwizard_gthe4_top.dac_jesd_phy_gt_gtwizard_gthe4_inst/gen_gtwizard_gthe4.gen_pwrgood_delay_inst[5].delay_powergood_inst/gen_powergood_delay.wait_cnt_reg[5]/C
                               DACs/DAC_JESD_PHY/inst/jesd204_phy_block_i/dac_jesd_phy_gt_i/inst/gen_gtwizard_gthe4_top.dac_jesd_phy_gt_gtwizard_gthe4_inst/gen_gtwizard_gthe4.gen_pwrgood_delay_inst[5].delay_powergood_inst/gen_powergood_delay.wait_cnt_reg[6]/D
                                                              1.292         
DACs/DAC_JESD_PHY/inst/jesd204_phy_block_i/dac_jesd_phy_gt_i/inst/gen_gtwizard_gthe4_top.dac_jesd_phy_gt_gtwizard_gthe4_inst/gen_gtwizard_gthe4.gen_pwrgood_delay_inst[6].delay_powergood_inst/gen_powergood_delay.intclk_rrst_n_r_reg[0]/C
                               DACs/DAC_JESD_PHY/inst/jesd204_phy_block_i/dac_jesd_phy_gt_i/inst/gen_gtwizard_gthe4_top.dac_jesd_phy_gt_gtwizard_gthe4_inst/gen_gtwizard_gthe4.gen_pwrgood_delay_inst[6].delay_powergood_inst/gen_powergood_delay.intclk_rrst_n_r_reg[1]/D
                                                              1.296         
DACs/DAC_JESD_PHY/inst/jesd204_phy_block_i/dac_jesd_phy_gt_i/inst/gen_gtwizard_gthe4_top.dac_jesd_phy_gt_gtwizard_gthe4_inst/gen_gtwizard_gthe4.gen_pwrgood_delay_inst[2].delay_powergood_inst/gen_powergood_delay.wait_cnt_reg[1]/C
                               DACs/DAC_JESD_PHY/inst/jesd204_phy_block_i/dac_jesd_phy_gt_i/inst/gen_gtwizard_gthe4_top.dac_jesd_phy_gt_gtwizard_gthe4_inst/gen_gtwizard_gthe4.gen_pwrgood_delay_inst[2].delay_powergood_inst/gen_powergood_delay.wait_cnt_reg[2]/D
                                                              1.296         
DACs/DAC_JESD_PHY/inst/jesd204_phy_block_i/dac_jesd_phy_gt_i/inst/gen_gtwizard_gthe4_top.dac_jesd_phy_gt_gtwizard_gthe4_inst/gen_gtwizard_gthe4.gen_pwrgood_delay_inst[2].delay_powergood_inst/gen_powergood_delay.intclk_rrst_n_r_reg[1]/C
                               DACs/DAC_JESD_PHY/inst/jesd204_phy_block_i/dac_jesd_phy_gt_i/inst/gen_gtwizard_gthe4_top.dac_jesd_phy_gt_gtwizard_gthe4_inst/gen_gtwizard_gthe4.gen_pwrgood_delay_inst[2].delay_powergood_inst/gen_powergood_delay.intclk_rrst_n_r_reg[2]/D
                                                              1.313         
DACs/DAC_JESD_PHY/inst/jesd204_phy_block_i/dac_jesd_phy_gt_i/inst/gen_gtwizard_gthe4_top.dac_jesd_phy_gt_gtwizard_gthe4_inst/gen_gtwizard_gthe4.gen_pwrgood_delay_inst[5].delay_powergood_inst/gen_powergood_delay.int_pwr_on_fsm_reg/C
                               DACs/DAC_JESD_PHY/inst/jesd204_phy_block_i/dac_jesd_phy_gt_i/inst/gen_gtwizard_gthe4_top.dac_jesd_phy_gt_gtwizard_gthe4_inst/gen_gtwizard_gthe4.gen_pwrgood_delay_inst[5].delay_powergood_inst/gen_powergood_delay.wait_cnt_reg[5]/CE
                                                              1.313         
DACs/DAC_JESD_PHY/inst/jesd204_phy_block_i/dac_jesd_phy_gt_i/inst/gen_gtwizard_gthe4_top.dac_jesd_phy_gt_gtwizard_gthe4_inst/gen_gtwizard_gthe4.gen_pwrgood_delay_inst[5].delay_powergood_inst/gen_powergood_delay.int_pwr_on_fsm_reg/C
                               DACs/DAC_JESD_PHY/inst/jesd204_phy_block_i/dac_jesd_phy_gt_i/inst/gen_gtwizard_gthe4_top.dac_jesd_phy_gt_gtwizard_gthe4_inst/gen_gtwizard_gthe4.gen_pwrgood_delay_inst[5].delay_powergood_inst/gen_powergood_delay.wait_cnt_reg[6]/CE
                                                              1.313         
DACs/DAC_JESD_PHY/inst/jesd204_phy_block_i/dac_jesd_phy_gt_i/inst/gen_gtwizard_gthe4_top.dac_jesd_phy_gt_gtwizard_gthe4_inst/gen_gtwizard_gthe4.gen_pwrgood_delay_inst[5].delay_powergood_inst/gen_powergood_delay.int_pwr_on_fsm_reg/C
                               DACs/DAC_JESD_PHY/inst/jesd204_phy_block_i/dac_jesd_phy_gt_i/inst/gen_gtwizard_gthe4_top.dac_jesd_phy_gt_gtwizard_gthe4_inst/gen_gtwizard_gthe4.gen_pwrgood_delay_inst[5].delay_powergood_inst/gen_powergood_delay.wait_cnt_reg[7]/CE
                                                              1.313         
DACs/DAC_JESD_PHY/inst/jesd204_phy_block_i/dac_jesd_phy_gt_i/inst/gen_gtwizard_gthe4_top.dac_jesd_phy_gt_gtwizard_gthe4_inst/gen_gtwizard_gthe4.gen_pwrgood_delay_inst[5].delay_powergood_inst/gen_powergood_delay.int_pwr_on_fsm_reg/C
                               DACs/DAC_JESD_PHY/inst/jesd204_phy_block_i/dac_jesd_phy_gt_i/inst/gen_gtwizard_gthe4_top.dac_jesd_phy_gt_gtwizard_gthe4_inst/gen_gtwizard_gthe4.gen_pwrgood_delay_inst[5].delay_powergood_inst/gen_powergood_delay.intclk_rrst_n_r_reg[0]/CE
                                                              1.317         
DACs/DAC_JESD_PHY/inst/jesd204_phy_block_i/dac_jesd_phy_gt_i/inst/gen_gtwizard_gthe4_top.dac_jesd_phy_gt_gtwizard_gthe4_inst/gen_gtwizard_gthe4.gen_pwrgood_delay_inst[5].delay_powergood_inst/gen_powergood_delay.int_pwr_on_fsm_reg/C
                               DACs/DAC_JESD_PHY/inst/jesd204_phy_block_i/dac_jesd_phy_gt_i/inst/gen_gtwizard_gthe4_top.dac_jesd_phy_gt_gtwizard_gthe4_inst/gen_gtwizard_gthe4.gen_pwrgood_delay_inst[5].delay_powergood_inst/gen_powergood_delay.intclk_rrst_n_r_reg[1]/CE
                                                              1.317         
DACs/DAC_JESD_PHY/inst/jesd204_phy_block_i/dac_jesd_phy_gt_i/inst/gen_gtwizard_gthe4_top.dac_jesd_phy_gt_gtwizard_gthe4_inst/gen_gtwizard_gthe4.gen_pwrgood_delay_inst[5].delay_powergood_inst/gen_powergood_delay.int_pwr_on_fsm_reg/C
                               DACs/DAC_JESD_PHY/inst/jesd204_phy_block_i/dac_jesd_phy_gt_i/inst/gen_gtwizard_gthe4_top.dac_jesd_phy_gt_gtwizard_gthe4_inst/gen_gtwizard_gthe4.gen_pwrgood_delay_inst[5].delay_powergood_inst/gen_powergood_delay.intclk_rrst_n_r_reg[2]/CE
                                                              1.317         
DACs/DAC_JESD_PHY/inst/jesd204_phy_block_i/dac_jesd_phy_gt_i/inst/gen_gtwizard_gthe4_top.dac_jesd_phy_gt_gtwizard_gthe4_inst/gen_gtwizard_gthe4.gen_pwrgood_delay_inst[5].delay_powergood_inst/gen_powergood_delay.int_pwr_on_fsm_reg/C
                               DACs/DAC_JESD_PHY/inst/jesd204_phy_block_i/dac_jesd_phy_gt_i/inst/gen_gtwizard_gthe4_top.dac_jesd_phy_gt_gtwizard_gthe4_inst/gen_gtwizard_gthe4.gen_pwrgood_delay_inst[5].delay_powergood_inst/gen_powergood_delay.intclk_rrst_n_r_reg[3]/CE
                                                              1.317         
DACs/DAC_JESD_PHY/inst/jesd204_phy_block_i/dac_jesd_phy_gt_i/inst/gen_gtwizard_gthe4_top.dac_jesd_phy_gt_gtwizard_gthe4_inst/gen_gtwizard_gthe4.gen_pwrgood_delay_inst[3].delay_powergood_inst/gen_powergood_delay.int_pwr_on_fsm_reg/C
                               DACs/DAC_JESD_PHY/inst/jesd204_phy_block_i/dac_jesd_phy_gt_i/inst/gen_gtwizard_gthe4_top.dac_jesd_phy_gt_gtwizard_gthe4_inst/gen_gtwizard_gthe4.gen_pwrgood_delay_inst[3].delay_powergood_inst/gen_powergood_delay.wait_cnt_reg[5]/CE
                                                              1.321         
DACs/DAC_JESD_PHY/inst/jesd204_phy_block_i/dac_jesd_phy_gt_i/inst/gen_gtwizard_gthe4_top.dac_jesd_phy_gt_gtwizard_gthe4_inst/gen_gtwizard_gthe4.gen_pwrgood_delay_inst[3].delay_powergood_inst/gen_powergood_delay.int_pwr_on_fsm_reg/C
                               DACs/DAC_JESD_PHY/inst/jesd204_phy_block_i/dac_jesd_phy_gt_i/inst/gen_gtwizard_gthe4_top.dac_jesd_phy_gt_gtwizard_gthe4_inst/gen_gtwizard_gthe4.gen_pwrgood_delay_inst[3].delay_powergood_inst/gen_powergood_delay.wait_cnt_reg[6]/CE
                                                              1.321         
DACs/DAC_JESD_PHY/inst/jesd204_phy_block_i/dac_jesd_phy_gt_i/inst/gen_gtwizard_gthe4_top.dac_jesd_phy_gt_gtwizard_gthe4_inst/gen_gtwizard_gthe4.gen_pwrgood_delay_inst[3].delay_powergood_inst/gen_powergood_delay.int_pwr_on_fsm_reg/C
                               DACs/DAC_JESD_PHY/inst/jesd204_phy_block_i/dac_jesd_phy_gt_i/inst/gen_gtwizard_gthe4_top.dac_jesd_phy_gt_gtwizard_gthe4_inst/gen_gtwizard_gthe4.gen_pwrgood_delay_inst[3].delay_powergood_inst/gen_powergood_delay.wait_cnt_reg[7]/CE
                                                              1.321         
DACs/DAC_JESD_PHY/inst/jesd204_phy_block_i/dac_jesd_phy_gt_i/inst/gen_gtwizard_gthe4_top.dac_jesd_phy_gt_gtwizard_gthe4_inst/gen_gtwizard_gthe4.gen_pwrgood_delay_inst[3].delay_powergood_inst/gen_powergood_delay.int_pwr_on_fsm_reg/C
                               DACs/DAC_JESD_PHY/inst/jesd204_phy_block_i/dac_jesd_phy_gt_i/inst/gen_gtwizard_gthe4_top.dac_jesd_phy_gt_gtwizard_gthe4_inst/gen_gtwizard_gthe4.gen_pwrgood_delay_inst[3].delay_powergood_inst/gen_powergood_delay.wait_cnt_reg[1]/CE
                                                              1.323         
DACs/DAC_JESD_PHY/inst/jesd204_phy_block_i/dac_jesd_phy_gt_i/inst/gen_gtwizard_gthe4_top.dac_jesd_phy_gt_gtwizard_gthe4_inst/gen_gtwizard_gthe4.gen_pwrgood_delay_inst[3].delay_powergood_inst/gen_powergood_delay.int_pwr_on_fsm_reg/C
                               DACs/DAC_JESD_PHY/inst/jesd204_phy_block_i/dac_jesd_phy_gt_i/inst/gen_gtwizard_gthe4_top.dac_jesd_phy_gt_gtwizard_gthe4_inst/gen_gtwizard_gthe4.gen_pwrgood_delay_inst[3].delay_powergood_inst/gen_powergood_delay.wait_cnt_reg[2]/CE
                                                              1.323         
DACs/DAC_JESD_PHY/inst/jesd204_phy_block_i/dac_jesd_phy_gt_i/inst/gen_gtwizard_gthe4_top.dac_jesd_phy_gt_gtwizard_gthe4_inst/gen_gtwizard_gthe4.gen_pwrgood_delay_inst[3].delay_powergood_inst/gen_powergood_delay.int_pwr_on_fsm_reg/C
                               DACs/DAC_JESD_PHY/inst/jesd204_phy_block_i/dac_jesd_phy_gt_i/inst/gen_gtwizard_gthe4_top.dac_jesd_phy_gt_gtwizard_gthe4_inst/gen_gtwizard_gthe4.gen_pwrgood_delay_inst[3].delay_powergood_inst/gen_powergood_delay.wait_cnt_reg[3]/CE
                                                              1.323         
DACs/DAC_JESD_PHY/inst/jesd204_phy_block_i/dac_jesd_phy_gt_i/inst/gen_gtwizard_gthe4_top.dac_jesd_phy_gt_gtwizard_gthe4_inst/gen_gtwizard_gthe4.gen_pwrgood_delay_inst[3].delay_powergood_inst/gen_powergood_delay.int_pwr_on_fsm_reg/C
                               DACs/DAC_JESD_PHY/inst/jesd204_phy_block_i/dac_jesd_phy_gt_i/inst/gen_gtwizard_gthe4_top.dac_jesd_phy_gt_gtwizard_gthe4_inst/gen_gtwizard_gthe4.gen_pwrgood_delay_inst[3].delay_powergood_inst/gen_powergood_delay.wait_cnt_reg[4]/CE
                                                              1.323         
DACs/DAC_JESD_PHY/inst/jesd204_phy_block_i/dac_jesd_phy_gt_i/inst/gen_gtwizard_gthe4_top.dac_jesd_phy_gt_gtwizard_gthe4_inst/gen_gtwizard_gthe4.gen_pwrgood_delay_inst[3].delay_powergood_inst/gen_powergood_delay.wait_cnt_reg[2]/C
                               DACs/DAC_JESD_PHY/inst/jesd204_phy_block_i/dac_jesd_phy_gt_i/inst/gen_gtwizard_gthe4_top.dac_jesd_phy_gt_gtwizard_gthe4_inst/gen_gtwizard_gthe4.gen_pwrgood_delay_inst[3].delay_powergood_inst/gen_powergood_delay.wait_cnt_reg[3]/D
                                                              1.332         
DACs/DAC_JESD_PHY/inst/jesd204_phy_block_i/dac_jesd_phy_gt_i/inst/gen_gtwizard_gthe4_top.dac_jesd_phy_gt_gtwizard_gthe4_inst/gen_gtwizard_gthe4.gen_pwrgood_delay_inst[5].delay_powergood_inst/gen_powergood_delay.wait_cnt_reg[1]/C
                               DACs/DAC_JESD_PHY/inst/jesd204_phy_block_i/dac_jesd_phy_gt_i/inst/gen_gtwizard_gthe4_top.dac_jesd_phy_gt_gtwizard_gthe4_inst/gen_gtwizard_gthe4.gen_pwrgood_delay_inst[5].delay_powergood_inst/gen_powergood_delay.wait_cnt_reg[2]/D
                                                              1.338         
DACs/DAC_JESD_PHY/inst/jesd204_phy_block_i/dac_jesd_phy_gt_i/inst/gen_gtwizard_gthe4_top.dac_jesd_phy_gt_gtwizard_gthe4_inst/gen_gtwizard_gthe4.gen_pwrgood_delay_inst[5].delay_powergood_inst/gen_powergood_delay.int_pwr_on_fsm_reg/C
                               DACs/DAC_JESD_PHY/inst/jesd204_phy_block_i/dac_jesd_phy_gt_i/inst/gen_gtwizard_gthe4_top.dac_jesd_phy_gt_gtwizard_gthe4_inst/gen_gtwizard_gthe4.gen_pwrgood_delay_inst[5].delay_powergood_inst/gen_powergood_delay.intclk_rrst_n_r_reg[4]/CE
                                                              1.347         
DACs/DAC_JESD_PHY/inst/jesd204_phy_block_i/dac_jesd_phy_gt_i/inst/gen_gtwizard_gthe4_top.dac_jesd_phy_gt_gtwizard_gthe4_inst/gen_gtwizard_gthe4.gen_pwrgood_delay_inst[4].delay_powergood_inst/gen_powergood_delay.int_pwr_on_fsm_reg/C
                               DACs/DAC_JESD_PHY/inst/jesd204_phy_block_i/dac_jesd_phy_gt_i/inst/gen_gtwizard_gthe4_top.dac_jesd_phy_gt_gtwizard_gthe4_inst/gen_gtwizard_gthe4.gen_pwrgood_delay_inst[4].delay_powergood_inst/gen_powergood_delay.wait_cnt_reg[5]/CE
                                                              1.347         
DACs/DAC_JESD_PHY/inst/jesd204_phy_block_i/dac_jesd_phy_gt_i/inst/gen_gtwizard_gthe4_top.dac_jesd_phy_gt_gtwizard_gthe4_inst/gen_gtwizard_gthe4.gen_pwrgood_delay_inst[4].delay_powergood_inst/gen_powergood_delay.int_pwr_on_fsm_reg/C
                               DACs/DAC_JESD_PHY/inst/jesd204_phy_block_i/dac_jesd_phy_gt_i/inst/gen_gtwizard_gthe4_top.dac_jesd_phy_gt_gtwizard_gthe4_inst/gen_gtwizard_gthe4.gen_pwrgood_delay_inst[4].delay_powergood_inst/gen_powergood_delay.wait_cnt_reg[6]/CE
                                                              1.347         
DACs/DAC_JESD_PHY/inst/jesd204_phy_block_i/dac_jesd_phy_gt_i/inst/gen_gtwizard_gthe4_top.dac_jesd_phy_gt_gtwizard_gthe4_inst/gen_gtwizard_gthe4.gen_pwrgood_delay_inst[4].delay_powergood_inst/gen_powergood_delay.int_pwr_on_fsm_reg/C
                               DACs/DAC_JESD_PHY/inst/jesd204_phy_block_i/dac_jesd_phy_gt_i/inst/gen_gtwizard_gthe4_top.dac_jesd_phy_gt_gtwizard_gthe4_inst/gen_gtwizard_gthe4.gen_pwrgood_delay_inst[4].delay_powergood_inst/gen_powergood_delay.wait_cnt_reg[7]/CE
                                                              1.347         
DACs/DAC_JESD_PHY/inst/jesd204_phy_block_i/dac_jesd_phy_gt_i/inst/gen_gtwizard_gthe4_top.dac_jesd_phy_gt_gtwizard_gthe4_inst/gen_gtwizard_gthe4.gen_pwrgood_delay_inst[5].delay_powergood_inst/gen_powergood_delay.intclk_rrst_n_r_reg[1]/C
                               DACs/DAC_JESD_PHY/inst/jesd204_phy_block_i/dac_jesd_phy_gt_i/inst/gen_gtwizard_gthe4_top.dac_jesd_phy_gt_gtwizard_gthe4_inst/gen_gtwizard_gthe4.gen_pwrgood_delay_inst[5].delay_powergood_inst/gen_powergood_delay.intclk_rrst_n_r_reg[2]/D
                                                              1.349         
DACs/DAC_JESD_PHY/inst/jesd204_phy_block_i/dac_jesd_phy_gt_i/inst/gen_gtwizard_gthe4_top.dac_jesd_phy_gt_gtwizard_gthe4_inst/gen_gtwizard_gthe4.gen_pwrgood_delay_inst[5].delay_powergood_inst/gen_powergood_delay.intclk_rrst_n_r_reg[4]/C
                               DACs/DAC_JESD_PHY/inst/jesd204_phy_block_i/dac_jesd_phy_gt_i/inst/gen_gtwizard_gthe4_top.dac_jesd_phy_gt_gtwizard_gthe4_inst/gen_gtwizard_gthe4.gen_pwrgood_delay_inst[5].delay_powergood_inst/gen_powergood_delay.wait_cnt_reg[1]/R
                                                              1.349         
DACs/DAC_JESD_PHY/inst/jesd204_phy_block_i/dac_jesd_phy_gt_i/inst/gen_gtwizard_gthe4_top.dac_jesd_phy_gt_gtwizard_gthe4_inst/gen_gtwizard_gthe4.gen_pwrgood_delay_inst[5].delay_powergood_inst/gen_powergood_delay.intclk_rrst_n_r_reg[4]/C
                               DACs/DAC_JESD_PHY/inst/jesd204_phy_block_i/dac_jesd_phy_gt_i/inst/gen_gtwizard_gthe4_top.dac_jesd_phy_gt_gtwizard_gthe4_inst/gen_gtwizard_gthe4.gen_pwrgood_delay_inst[5].delay_powergood_inst/gen_powergood_delay.wait_cnt_reg[2]/R
                                                              1.349         
DACs/DAC_JESD_PHY/inst/jesd204_phy_block_i/dac_jesd_phy_gt_i/inst/gen_gtwizard_gthe4_top.dac_jesd_phy_gt_gtwizard_gthe4_inst/gen_gtwizard_gthe4.gen_pwrgood_delay_inst[5].delay_powergood_inst/gen_powergood_delay.intclk_rrst_n_r_reg[4]/C
                               DACs/DAC_JESD_PHY/inst/jesd204_phy_block_i/dac_jesd_phy_gt_i/inst/gen_gtwizard_gthe4_top.dac_jesd_phy_gt_gtwizard_gthe4_inst/gen_gtwizard_gthe4.gen_pwrgood_delay_inst[5].delay_powergood_inst/gen_powergood_delay.wait_cnt_reg[3]/R
                                                              1.349         
DACs/DAC_JESD_PHY/inst/jesd204_phy_block_i/dac_jesd_phy_gt_i/inst/gen_gtwizard_gthe4_top.dac_jesd_phy_gt_gtwizard_gthe4_inst/gen_gtwizard_gthe4.gen_pwrgood_delay_inst[5].delay_powergood_inst/gen_powergood_delay.intclk_rrst_n_r_reg[4]/C
                               DACs/DAC_JESD_PHY/inst/jesd204_phy_block_i/dac_jesd_phy_gt_i/inst/gen_gtwizard_gthe4_top.dac_jesd_phy_gt_gtwizard_gthe4_inst/gen_gtwizard_gthe4.gen_pwrgood_delay_inst[5].delay_powergood_inst/gen_powergood_delay.wait_cnt_reg[4]/R
                                                              1.349         
DACs/DAC_JESD_PHY/inst/jesd204_phy_block_i/dac_jesd_phy_gt_i/inst/gen_gtwizard_gthe4_top.dac_jesd_phy_gt_gtwizard_gthe4_inst/gen_gtwizard_gthe4.gen_pwrgood_delay_inst[1].delay_powergood_inst/gen_powergood_delay.intclk_rrst_n_r_reg[3]/C
                               DACs/DAC_JESD_PHY/inst/jesd204_phy_block_i/dac_jesd_phy_gt_i/inst/gen_gtwizard_gthe4_top.dac_jesd_phy_gt_gtwizard_gthe4_inst/gen_gtwizard_gthe4.gen_pwrgood_delay_inst[1].delay_powergood_inst/gen_powergood_delay.intclk_rrst_n_r_reg[4]/D
                                                              1.351         
DACs/DAC_JESD_PHY/inst/jesd204_phy_block_i/dac_jesd_phy_gt_i/inst/gen_gtwizard_gthe4_top.dac_jesd_phy_gt_gtwizard_gthe4_inst/gen_gtwizard_gthe4.gen_pwrgood_delay_inst[5].delay_powergood_inst/gen_powergood_delay.intclk_rrst_n_r_reg[4]/C
                               DACs/DAC_JESD_PHY/inst/jesd204_phy_block_i/dac_jesd_phy_gt_i/inst/gen_gtwizard_gthe4_top.dac_jesd_phy_gt_gtwizard_gthe4_inst/gen_gtwizard_gthe4.gen_pwrgood_delay_inst[5].delay_powergood_inst/gen_powergood_delay.wait_cnt_reg[5]/R
                                                              1.351         
DACs/DAC_JESD_PHY/inst/jesd204_phy_block_i/dac_jesd_phy_gt_i/inst/gen_gtwizard_gthe4_top.dac_jesd_phy_gt_gtwizard_gthe4_inst/gen_gtwizard_gthe4.gen_pwrgood_delay_inst[5].delay_powergood_inst/gen_powergood_delay.intclk_rrst_n_r_reg[4]/C
                               DACs/DAC_JESD_PHY/inst/jesd204_phy_block_i/dac_jesd_phy_gt_i/inst/gen_gtwizard_gthe4_top.dac_jesd_phy_gt_gtwizard_gthe4_inst/gen_gtwizard_gthe4.gen_pwrgood_delay_inst[5].delay_powergood_inst/gen_powergood_delay.wait_cnt_reg[6]/R
                                                              1.351         
DACs/DAC_JESD_PHY/inst/jesd204_phy_block_i/dac_jesd_phy_gt_i/inst/gen_gtwizard_gthe4_top.dac_jesd_phy_gt_gtwizard_gthe4_inst/gen_gtwizard_gthe4.gen_pwrgood_delay_inst[5].delay_powergood_inst/gen_powergood_delay.intclk_rrst_n_r_reg[4]/C
                               DACs/DAC_JESD_PHY/inst/jesd204_phy_block_i/dac_jesd_phy_gt_i/inst/gen_gtwizard_gthe4_top.dac_jesd_phy_gt_gtwizard_gthe4_inst/gen_gtwizard_gthe4.gen_pwrgood_delay_inst[5].delay_powergood_inst/gen_powergood_delay.wait_cnt_reg[7]/R
                                                              1.351         
DACs/DAC_JESD_PHY/inst/jesd204_phy_block_i/dac_jesd_phy_gt_i/inst/gen_gtwizard_gthe4_top.dac_jesd_phy_gt_gtwizard_gthe4_inst/gen_gtwizard_gthe4.gen_pwrgood_delay_inst[4].delay_powergood_inst/gen_powergood_delay.int_pwr_on_fsm_reg/C
                               DACs/DAC_JESD_PHY/inst/jesd204_phy_block_i/dac_jesd_phy_gt_i/inst/gen_gtwizard_gthe4_top.dac_jesd_phy_gt_gtwizard_gthe4_inst/gen_gtwizard_gthe4.gen_pwrgood_delay_inst[4].delay_powergood_inst/gen_powergood_delay.wait_cnt_reg[1]/CE
                                                              1.352         
DACs/DAC_JESD_PHY/inst/jesd204_phy_block_i/dac_jesd_phy_gt_i/inst/gen_gtwizard_gthe4_top.dac_jesd_phy_gt_gtwizard_gthe4_inst/gen_gtwizard_gthe4.gen_pwrgood_delay_inst[4].delay_powergood_inst/gen_powergood_delay.int_pwr_on_fsm_reg/C
                               DACs/DAC_JESD_PHY/inst/jesd204_phy_block_i/dac_jesd_phy_gt_i/inst/gen_gtwizard_gthe4_top.dac_jesd_phy_gt_gtwizard_gthe4_inst/gen_gtwizard_gthe4.gen_pwrgood_delay_inst[4].delay_powergood_inst/gen_powergood_delay.wait_cnt_reg[2]/CE
                                                              1.352         
DACs/DAC_JESD_PHY/inst/jesd204_phy_block_i/dac_jesd_phy_gt_i/inst/gen_gtwizard_gthe4_top.dac_jesd_phy_gt_gtwizard_gthe4_inst/gen_gtwizard_gthe4.gen_pwrgood_delay_inst[4].delay_powergood_inst/gen_powergood_delay.int_pwr_on_fsm_reg/C
                               DACs/DAC_JESD_PHY/inst/jesd204_phy_block_i/dac_jesd_phy_gt_i/inst/gen_gtwizard_gthe4_top.dac_jesd_phy_gt_gtwizard_gthe4_inst/gen_gtwizard_gthe4.gen_pwrgood_delay_inst[4].delay_powergood_inst/gen_powergood_delay.wait_cnt_reg[3]/CE
                                                              1.352         
DACs/DAC_JESD_PHY/inst/jesd204_phy_block_i/dac_jesd_phy_gt_i/inst/gen_gtwizard_gthe4_top.dac_jesd_phy_gt_gtwizard_gthe4_inst/gen_gtwizard_gthe4.gen_pwrgood_delay_inst[4].delay_powergood_inst/gen_powergood_delay.int_pwr_on_fsm_reg/C
                               DACs/DAC_JESD_PHY/inst/jesd204_phy_block_i/dac_jesd_phy_gt_i/inst/gen_gtwizard_gthe4_top.dac_jesd_phy_gt_gtwizard_gthe4_inst/gen_gtwizard_gthe4.gen_pwrgood_delay_inst[4].delay_powergood_inst/gen_powergood_delay.wait_cnt_reg[4]/CE
                                                              1.352         
DACs/DAC_JESD_PHY/inst/jesd204_phy_block_i/dac_jesd_phy_gt_i/inst/gen_gtwizard_gthe4_top.dac_jesd_phy_gt_gtwizard_gthe4_inst/gen_gtwizard_gthe4.gen_pwrgood_delay_inst[0].delay_powergood_inst/gen_powergood_delay.wait_cnt_reg[2]/C
                               DACs/DAC_JESD_PHY/inst/jesd204_phy_block_i/dac_jesd_phy_gt_i/inst/gen_gtwizard_gthe4_top.dac_jesd_phy_gt_gtwizard_gthe4_inst/gen_gtwizard_gthe4.gen_pwrgood_delay_inst[0].delay_powergood_inst/gen_powergood_delay.wait_cnt_reg[3]/D
                                                              1.354         
DACs/DAC_JESD_PHY/inst/jesd204_phy_block_i/dac_jesd_phy_gt_i/inst/gen_gtwizard_gthe4_top.dac_jesd_phy_gt_gtwizard_gthe4_inst/gen_gtwizard_gthe4.gen_pwrgood_delay_inst[2].delay_powergood_inst/gen_powergood_delay.wait_cnt_reg[0]/C
                               DACs/DAC_JESD_PHY/inst/jesd204_phy_block_i/dac_jesd_phy_gt_i/inst/gen_gtwizard_gthe4_top.dac_jesd_phy_gt_gtwizard_gthe4_inst/gen_gtwizard_gthe4.gen_pwrgood_delay_inst[2].delay_powergood_inst/gen_powergood_delay.wait_cnt_reg[1]/D
                                                              1.355         
DACs/DAC_JESD_PHY/inst/jesd204_phy_block_i/dac_jesd_phy_gt_i/inst/gen_gtwizard_gthe4_top.dac_jesd_phy_gt_gtwizard_gthe4_inst/gen_gtwizard_gthe4.gen_pwrgood_delay_inst[5].delay_powergood_inst/gen_powergood_delay.intclk_rrst_n_r_reg[2]/C
                               DACs/DAC_JESD_PHY/inst/jesd204_phy_block_i/dac_jesd_phy_gt_i/inst/gen_gtwizard_gthe4_top.dac_jesd_phy_gt_gtwizard_gthe4_inst/gen_gtwizard_gthe4.gen_pwrgood_delay_inst[5].delay_powergood_inst/gen_powergood_delay.intclk_rrst_n_r_reg[3]/D
                                                              1.356         
DACs/DAC_JESD_PHY/inst/jesd204_phy_block_i/dac_jesd_phy_gt_i/inst/gen_gtwizard_gthe4_top.dac_jesd_phy_gt_gtwizard_gthe4_inst/gen_gtwizard_gthe4.gen_pwrgood_delay_inst[0].delay_powergood_inst/gen_powergood_delay.wait_cnt_reg[5]/C
                               DACs/DAC_JESD_PHY/inst/jesd204_phy_block_i/dac_jesd_phy_gt_i/inst/gen_gtwizard_gthe4_top.dac_jesd_phy_gt_gtwizard_gthe4_inst/gen_gtwizard_gthe4.gen_pwrgood_delay_inst[0].delay_powergood_inst/gen_powergood_delay.wait_cnt_reg[6]/D
                                                              1.359         
DACs/DAC_JESD_PHY/inst/jesd204_phy_block_i/dac_jesd_phy_gt_i/inst/gen_gtwizard_gthe4_top.dac_jesd_phy_gt_gtwizard_gthe4_inst/gen_gtwizard_gthe4.gen_pwrgood_delay_inst[4].delay_powergood_inst/gen_powergood_delay.int_pwr_on_fsm_reg/C
                               DACs/DAC_JESD_PHY/inst/jesd204_phy_block_i/dac_jesd_phy_gt_i/inst/gen_gtwizard_gthe4_top.dac_jesd_phy_gt_gtwizard_gthe4_inst/gen_gtwizard_gthe4.gen_pwrgood_delay_inst[4].delay_powergood_inst/gen_powergood_delay.intclk_rrst_n_r_reg[0]/CE
                                                              1.359         
DACs/DAC_JESD_PHY/inst/jesd204_phy_block_i/dac_jesd_phy_gt_i/inst/gen_gtwizard_gthe4_top.dac_jesd_phy_gt_gtwizard_gthe4_inst/gen_gtwizard_gthe4.gen_pwrgood_delay_inst[4].delay_powergood_inst/gen_powergood_delay.int_pwr_on_fsm_reg/C
                               DACs/DAC_JESD_PHY/inst/jesd204_phy_block_i/dac_jesd_phy_gt_i/inst/gen_gtwizard_gthe4_top.dac_jesd_phy_gt_gtwizard_gthe4_inst/gen_gtwizard_gthe4.gen_pwrgood_delay_inst[4].delay_powergood_inst/gen_powergood_delay.intclk_rrst_n_r_reg[1]/CE
                                                              1.359         
DACs/DAC_JESD_PHY/inst/jesd204_phy_block_i/dac_jesd_phy_gt_i/inst/gen_gtwizard_gthe4_top.dac_jesd_phy_gt_gtwizard_gthe4_inst/gen_gtwizard_gthe4.gen_pwrgood_delay_inst[4].delay_powergood_inst/gen_powergood_delay.int_pwr_on_fsm_reg/C
                               DACs/DAC_JESD_PHY/inst/jesd204_phy_block_i/dac_jesd_phy_gt_i/inst/gen_gtwizard_gthe4_top.dac_jesd_phy_gt_gtwizard_gthe4_inst/gen_gtwizard_gthe4.gen_pwrgood_delay_inst[4].delay_powergood_inst/gen_powergood_delay.intclk_rrst_n_r_reg[2]/CE
                                                              1.359         
DACs/DAC_JESD_PHY/inst/jesd204_phy_block_i/dac_jesd_phy_gt_i/inst/gen_gtwizard_gthe4_top.dac_jesd_phy_gt_gtwizard_gthe4_inst/gen_gtwizard_gthe4.gen_pwrgood_delay_inst[4].delay_powergood_inst/gen_powergood_delay.int_pwr_on_fsm_reg/C
                               DACs/DAC_JESD_PHY/inst/jesd204_phy_block_i/dac_jesd_phy_gt_i/inst/gen_gtwizard_gthe4_top.dac_jesd_phy_gt_gtwizard_gthe4_inst/gen_gtwizard_gthe4.gen_pwrgood_delay_inst[4].delay_powergood_inst/gen_powergood_delay.intclk_rrst_n_r_reg[3]/CE
                                                              1.359         
DACs/DAC_JESD_PHY/inst/jesd204_phy_block_i/dac_jesd_phy_gt_i/inst/gen_gtwizard_gthe4_top.dac_jesd_phy_gt_gtwizard_gthe4_inst/gen_gtwizard_gthe4.gen_pwrgood_delay_inst[0].delay_powergood_inst/gen_powergood_delay.int_pwr_on_fsm_reg/C
                               DACs/DAC_JESD_PHY/inst/jesd204_phy_block_i/dac_jesd_phy_gt_i/inst/gen_gtwizard_gthe4_top.dac_jesd_phy_gt_gtwizard_gthe4_inst/gen_gtwizard_gthe4.gen_pwrgood_delay_inst[0].delay_powergood_inst/gen_powergood_delay.wait_cnt_reg[0]/CE
                                                              1.373         
DACs/DAC_JESD_PHY/inst/jesd204_phy_block_i/dac_jesd_phy_gt_i/inst/gen_gtwizard_gthe4_top.dac_jesd_phy_gt_gtwizard_gthe4_inst/gen_gtwizard_gthe4.gen_pwrgood_delay_inst[7].delay_powergood_inst/gen_powergood_delay.intclk_rrst_n_r_reg[4]/C
                               DACs/DAC_JESD_PHY/inst/jesd204_phy_block_i/dac_jesd_phy_gt_i/inst/gen_gtwizard_gthe4_top.dac_jesd_phy_gt_gtwizard_gthe4_inst/gen_gtwizard_gthe4.gen_pwrgood_delay_inst[7].delay_powergood_inst/gen_powergood_delay.wait_cnt_reg[1]/R
                                                              1.379         
DACs/DAC_JESD_PHY/inst/jesd204_phy_block_i/dac_jesd_phy_gt_i/inst/gen_gtwizard_gthe4_top.dac_jesd_phy_gt_gtwizard_gthe4_inst/gen_gtwizard_gthe4.gen_pwrgood_delay_inst[7].delay_powergood_inst/gen_powergood_delay.intclk_rrst_n_r_reg[4]/C
                               DACs/DAC_JESD_PHY/inst/jesd204_phy_block_i/dac_jesd_phy_gt_i/inst/gen_gtwizard_gthe4_top.dac_jesd_phy_gt_gtwizard_gthe4_inst/gen_gtwizard_gthe4.gen_pwrgood_delay_inst[7].delay_powergood_inst/gen_powergood_delay.wait_cnt_reg[2]/R
                                                              1.379         
DACs/DAC_JESD_PHY/inst/jesd204_phy_block_i/dac_jesd_phy_gt_i/inst/gen_gtwizard_gthe4_top.dac_jesd_phy_gt_gtwizard_gthe4_inst/gen_gtwizard_gthe4.gen_pwrgood_delay_inst[7].delay_powergood_inst/gen_powergood_delay.intclk_rrst_n_r_reg[4]/C
                               DACs/DAC_JESD_PHY/inst/jesd204_phy_block_i/dac_jesd_phy_gt_i/inst/gen_gtwizard_gthe4_top.dac_jesd_phy_gt_gtwizard_gthe4_inst/gen_gtwizard_gthe4.gen_pwrgood_delay_inst[7].delay_powergood_inst/gen_powergood_delay.wait_cnt_reg[3]/R
                                                              1.379         
DACs/DAC_JESD_PHY/inst/jesd204_phy_block_i/dac_jesd_phy_gt_i/inst/gen_gtwizard_gthe4_top.dac_jesd_phy_gt_gtwizard_gthe4_inst/gen_gtwizard_gthe4.gen_pwrgood_delay_inst[7].delay_powergood_inst/gen_powergood_delay.intclk_rrst_n_r_reg[4]/C
                               DACs/DAC_JESD_PHY/inst/jesd204_phy_block_i/dac_jesd_phy_gt_i/inst/gen_gtwizard_gthe4_top.dac_jesd_phy_gt_gtwizard_gthe4_inst/gen_gtwizard_gthe4.gen_pwrgood_delay_inst[7].delay_powergood_inst/gen_powergood_delay.wait_cnt_reg[4]/R
                                                              1.379         
DACs/DAC_JESD_PHY/inst/jesd204_phy_block_i/dac_jesd_phy_gt_i/inst/gen_gtwizard_gthe4_top.dac_jesd_phy_gt_gtwizard_gthe4_inst/gen_gtwizard_gthe4.gen_pwrgood_delay_inst[7].delay_powergood_inst/gen_powergood_delay.intclk_rrst_n_r_reg[4]/C
                               DACs/DAC_JESD_PHY/inst/jesd204_phy_block_i/dac_jesd_phy_gt_i/inst/gen_gtwizard_gthe4_top.dac_jesd_phy_gt_gtwizard_gthe4_inst/gen_gtwizard_gthe4.gen_pwrgood_delay_inst[7].delay_powergood_inst/gen_powergood_delay.wait_cnt_reg[5]/R
                                                              1.382         
DACs/DAC_JESD_PHY/inst/jesd204_phy_block_i/dac_jesd_phy_gt_i/inst/gen_gtwizard_gthe4_top.dac_jesd_phy_gt_gtwizard_gthe4_inst/gen_gtwizard_gthe4.gen_pwrgood_delay_inst[7].delay_powergood_inst/gen_powergood_delay.intclk_rrst_n_r_reg[4]/C
                               DACs/DAC_JESD_PHY/inst/jesd204_phy_block_i/dac_jesd_phy_gt_i/inst/gen_gtwizard_gthe4_top.dac_jesd_phy_gt_gtwizard_gthe4_inst/gen_gtwizard_gthe4.gen_pwrgood_delay_inst[7].delay_powergood_inst/gen_powergood_delay.wait_cnt_reg[6]/R
                                                              1.382         
DACs/DAC_JESD_PHY/inst/jesd204_phy_block_i/dac_jesd_phy_gt_i/inst/gen_gtwizard_gthe4_top.dac_jesd_phy_gt_gtwizard_gthe4_inst/gen_gtwizard_gthe4.gen_pwrgood_delay_inst[7].delay_powergood_inst/gen_powergood_delay.intclk_rrst_n_r_reg[4]/C
                               DACs/DAC_JESD_PHY/inst/jesd204_phy_block_i/dac_jesd_phy_gt_i/inst/gen_gtwizard_gthe4_top.dac_jesd_phy_gt_gtwizard_gthe4_inst/gen_gtwizard_gthe4.gen_pwrgood_delay_inst[7].delay_powergood_inst/gen_powergood_delay.wait_cnt_reg[7]/R
                                                              1.382         
DACs/DAC_JESD_PHY/inst/jesd204_phy_block_i/dac_jesd_phy_gt_i/inst/gen_gtwizard_gthe4_top.dac_jesd_phy_gt_gtwizard_gthe4_inst/gen_gtwizard_gthe4.gen_pwrgood_delay_inst[6].delay_powergood_inst/gen_powergood_delay.intclk_rrst_n_r_reg[4]/C
                               DACs/DAC_JESD_PHY/inst/jesd204_phy_block_i/dac_jesd_phy_gt_i/inst/gen_gtwizard_gthe4_top.dac_jesd_phy_gt_gtwizard_gthe4_inst/gen_gtwizard_gthe4.gen_pwrgood_delay_inst[6].delay_powergood_inst/gen_powergood_delay.wait_cnt_reg[0]/D
                                                              1.385         
DACs/DAC_JESD_PHY/inst/jesd204_phy_block_i/dac_jesd_phy_gt_i/inst/gen_gtwizard_gthe4_top.dac_jesd_phy_gt_gtwizard_gthe4_inst/gen_gtwizard_gthe4.gen_pwrgood_delay_inst[7].delay_powergood_inst/gen_powergood_delay.wait_cnt_reg[0]/C
                               DACs/DAC_JESD_PHY/inst/jesd204_phy_block_i/dac_jesd_phy_gt_i/inst/gen_gtwizard_gthe4_top.dac_jesd_phy_gt_gtwizard_gthe4_inst/gen_gtwizard_gthe4.gen_pwrgood_delay_inst[7].delay_powergood_inst/gen_powergood_delay.wait_cnt_reg[1]/D
                                                              1.394         
DACs/DAC_JESD_PHY/inst/jesd204_phy_block_i/dac_jesd_phy_gt_i/inst/gen_gtwizard_gthe4_top.dac_jesd_phy_gt_gtwizard_gthe4_inst/gen_gtwizard_gthe4.gen_pwrgood_delay_inst[2].delay_powergood_inst/gen_powergood_delay.int_pwr_on_fsm_reg/C
                               DACs/DAC_JESD_PHY/inst/jesd204_phy_block_i/dac_jesd_phy_gt_i/inst/gen_gtwizard_gthe4_top.dac_jesd_phy_gt_gtwizard_gthe4_inst/gen_gtwizard_gthe4.gen_pwrgood_delay_inst[2].delay_powergood_inst/gen_powergood_delay.pwr_on_fsm_reg/D
                                                              1.402         
DACs/DAC_JESD_PHY/inst/jesd204_phy_block_i/dac_jesd_phy_gt_i/inst/gen_gtwizard_gthe4_top.dac_jesd_phy_gt_gtwizard_gthe4_inst/gen_gtwizard_gthe4.gen_pwrgood_delay_inst[2].delay_powergood_inst/gen_powergood_delay.wait_cnt_reg[5]/C
                               DACs/DAC_JESD_PHY/inst/jesd204_phy_block_i/dac_jesd_phy_gt_i/inst/gen_gtwizard_gthe4_top.dac_jesd_phy_gt_gtwizard_gthe4_inst/gen_gtwizard_gthe4.gen_pwrgood_delay_inst[2].delay_powergood_inst/gen_powergood_delay.wait_cnt_reg[6]/D
                                                              1.409         
DACs/DAC_JESD_PHY/inst/jesd204_phy_block_i/dac_jesd_phy_gt_i/inst/gen_gtwizard_gthe4_top.dac_jesd_phy_gt_gtwizard_gthe4_inst/gen_gtwizard_gthe4.gen_pwrgood_delay_inst[5].delay_powergood_inst/gen_powergood_delay.intclk_rrst_n_r_reg[3]/C
                               DACs/DAC_JESD_PHY/inst/jesd204_phy_block_i/dac_jesd_phy_gt_i/inst/gen_gtwizard_gthe4_top.dac_jesd_phy_gt_gtwizard_gthe4_inst/gen_gtwizard_gthe4.gen_pwrgood_delay_inst[5].delay_powergood_inst/gen_powergood_delay.intclk_rrst_n_r_reg[4]/D
                                                              1.427         
DACs/DAC_JESD_PHY/inst/jesd204_phy_block_i/dac_jesd_phy_gt_i/inst/gen_gtwizard_gthe4_top.dac_jesd_phy_gt_gtwizard_gthe4_inst/gen_gtwizard_gthe4.gen_pwrgood_delay_inst[6].delay_powergood_inst/gen_powergood_delay.intclk_rrst_n_r_reg[1]/C
                               DACs/DAC_JESD_PHY/inst/jesd204_phy_block_i/dac_jesd_phy_gt_i/inst/gen_gtwizard_gthe4_top.dac_jesd_phy_gt_gtwizard_gthe4_inst/gen_gtwizard_gthe4.gen_pwrgood_delay_inst[6].delay_powergood_inst/gen_powergood_delay.intclk_rrst_n_r_reg[2]/D
                                                              1.430         
DACs/DAC_JESD_PHY/inst/jesd204_phy_block_i/dac_jesd_phy_gt_i/inst/gen_gtwizard_gthe4_top.dac_jesd_phy_gt_gtwizard_gthe4_inst/gen_gtwizard_gthe4.gen_pwrgood_delay_inst[5].delay_powergood_inst/gen_powergood_delay.intclk_rrst_n_r_reg[4]/C
                               DACs/DAC_JESD_PHY/inst/jesd204_phy_block_i/dac_jesd_phy_gt_i/inst/gen_gtwizard_gthe4_top.dac_jesd_phy_gt_gtwizard_gthe4_inst/gen_gtwizard_gthe4.gen_pwrgood_delay_inst[5].delay_powergood_inst/gen_powergood_delay.wait_cnt_reg[0]/D
                                                              1.437         
DACs/DAC_JESD_PHY/inst/jesd204_phy_block_i/dac_jesd_phy_gt_i/inst/gen_gtwizard_gthe4_top.dac_jesd_phy_gt_gtwizard_gthe4_inst/gen_gtwizard_gthe4.gen_pwrgood_delay_inst[0].delay_powergood_inst/gen_powergood_delay.intclk_rrst_n_r_reg[1]/C
                               DACs/DAC_JESD_PHY/inst/jesd204_phy_block_i/dac_jesd_phy_gt_i/inst/gen_gtwizard_gthe4_top.dac_jesd_phy_gt_gtwizard_gthe4_inst/gen_gtwizard_gthe4.gen_pwrgood_delay_inst[0].delay_powergood_inst/gen_powergood_delay.intclk_rrst_n_r_reg[2]/D
                                                              1.442         
DACs/DAC_JESD_PHY/inst/jesd204_phy_block_i/dac_jesd_phy_gt_i/inst/gen_gtwizard_gthe4_top.dac_jesd_phy_gt_gtwizard_gthe4_inst/gen_gtwizard_gthe4.gen_pwrgood_delay_inst[4].delay_powergood_inst/gen_powergood_delay.wait_cnt_reg[5]/C
                               DACs/DAC_JESD_PHY/inst/jesd204_phy_block_i/dac_jesd_phy_gt_i/inst/gen_gtwizard_gthe4_top.dac_jesd_phy_gt_gtwizard_gthe4_inst/gen_gtwizard_gthe4.gen_pwrgood_delay_inst[4].delay_powergood_inst/gen_powergood_delay.wait_cnt_reg[6]/D
                                                              1.443         
DACs/DAC_JESD_PHY/inst/jesd204_phy_block_i/dac_jesd_phy_gt_i/inst/gen_gtwizard_gthe4_top.dac_jesd_phy_gt_gtwizard_gthe4_inst/gen_gtwizard_gthe4.gen_pwrgood_delay_inst[3].delay_powergood_inst/gen_powergood_delay.intclk_rrst_n_r_reg[3]/C
                               DACs/DAC_JESD_PHY/inst/jesd204_phy_block_i/dac_jesd_phy_gt_i/inst/gen_gtwizard_gthe4_top.dac_jesd_phy_gt_gtwizard_gthe4_inst/gen_gtwizard_gthe4.gen_pwrgood_delay_inst[3].delay_powergood_inst/gen_powergood_delay.intclk_rrst_n_r_reg[4]/D
                                                              1.450         
DACs/DAC_JESD_PHY/inst/jesd204_phy_block_i/dac_jesd_phy_gt_i/inst/gen_gtwizard_gthe4_top.dac_jesd_phy_gt_gtwizard_gthe4_inst/gen_gtwizard_gthe4.gen_pwrgood_delay_inst[5].delay_powergood_inst/gen_powergood_delay.wait_cnt_reg[2]/C
                               DACs/DAC_JESD_PHY/inst/jesd204_phy_block_i/dac_jesd_phy_gt_i/inst/gen_gtwizard_gthe4_top.dac_jesd_phy_gt_gtwizard_gthe4_inst/gen_gtwizard_gthe4.gen_pwrgood_delay_inst[5].delay_powergood_inst/gen_powergood_delay.wait_cnt_reg[3]/D
                                                              1.455         
DACs/DAC_JESD_PHY/inst/jesd204_phy_block_i/dac_jesd_phy_gt_i/inst/gen_gtwizard_gthe4_top.dac_jesd_phy_gt_gtwizard_gthe4_inst/gen_gtwizard_gthe4.gen_pwrgood_delay_inst[1].delay_powergood_inst/gen_powergood_delay.intclk_rrst_n_r_reg[2]/C
                               DACs/DAC_JESD_PHY/inst/jesd204_phy_block_i/dac_jesd_phy_gt_i/inst/gen_gtwizard_gthe4_top.dac_jesd_phy_gt_gtwizard_gthe4_inst/gen_gtwizard_gthe4.gen_pwrgood_delay_inst[1].delay_powergood_inst/gen_powergood_delay.intclk_rrst_n_r_reg[3]/D
                                                              1.457         
DACs/DAC_JESD_PHY/inst/jesd204_phy_block_i/dac_jesd_phy_gt_i/inst/gen_gtwizard_gthe4_top.dac_jesd_phy_gt_gtwizard_gthe4_inst/gen_gtwizard_gthe4.gen_pwrgood_delay_inst[1].delay_powergood_inst/gen_powergood_delay.intclk_rrst_n_r_reg[0]/C
                               DACs/DAC_JESD_PHY/inst/jesd204_phy_block_i/dac_jesd_phy_gt_i/inst/gen_gtwizard_gthe4_top.dac_jesd_phy_gt_gtwizard_gthe4_inst/gen_gtwizard_gthe4.gen_pwrgood_delay_inst[1].delay_powergood_inst/gen_powergood_delay.intclk_rrst_n_r_reg[1]/D
                                                              1.467         
DACs/DAC_JESD_PHY/inst/jesd204_phy_block_i/dac_jesd_phy_gt_i/inst/gen_gtwizard_gthe4_top.dac_jesd_phy_gt_gtwizard_gthe4_inst/gen_gtwizard_gthe4.gen_pwrgood_delay_inst[3].delay_powergood_inst/gen_powergood_delay.wait_cnt_reg[0]/C
                               DACs/DAC_JESD_PHY/inst/jesd204_phy_block_i/dac_jesd_phy_gt_i/inst/gen_gtwizard_gthe4_top.dac_jesd_phy_gt_gtwizard_gthe4_inst/gen_gtwizard_gthe4.gen_pwrgood_delay_inst[3].delay_powergood_inst/gen_powergood_delay.wait_cnt_reg[1]/D
                                                              1.477         
DACs/DAC_JESD_PHY/inst/jesd204_phy_block_i/dac_jesd_phy_gt_i/inst/gen_gtwizard_gthe4_top.dac_jesd_phy_gt_gtwizard_gthe4_inst/gen_gtwizard_gthe4.gen_pwrgood_delay_inst[0].delay_powergood_inst/gen_powergood_delay.intclk_rrst_n_r_reg[2]/C
                               DACs/DAC_JESD_PHY/inst/jesd204_phy_block_i/dac_jesd_phy_gt_i/inst/gen_gtwizard_gthe4_top.dac_jesd_phy_gt_gtwizard_gthe4_inst/gen_gtwizard_gthe4.gen_pwrgood_delay_inst[0].delay_powergood_inst/gen_powergood_delay.intclk_rrst_n_r_reg[3]/D
                                                              1.488         
DACs/DAC_JESD_PHY/inst/jesd204_phy_block_i/dac_jesd_phy_gt_i/inst/gen_gtwizard_gthe4_top.dac_jesd_phy_gt_gtwizard_gthe4_inst/gen_gtwizard_gthe4.gen_pwrgood_delay_inst[1].delay_powergood_inst/gen_powergood_delay.wait_cnt_reg[1]/C
                               DACs/DAC_JESD_PHY/inst/jesd204_phy_block_i/dac_jesd_phy_gt_i/inst/gen_gtwizard_gthe4_top.dac_jesd_phy_gt_gtwizard_gthe4_inst/gen_gtwizard_gthe4.gen_pwrgood_delay_inst[1].delay_powergood_inst/gen_powergood_delay.wait_cnt_reg[2]/D
                                                              1.491         
DACs/DAC_JESD_PHY/inst/jesd204_phy_block_i/dac_jesd_phy_gt_i/inst/gen_gtwizard_gthe4_top.dac_jesd_phy_gt_gtwizard_gthe4_inst/gen_gtwizard_gthe4.gen_pwrgood_delay_inst[5].delay_powergood_inst/gen_powergood_delay.int_pwr_on_fsm_reg/C
                               DACs/DAC_JESD_PHY/inst/jesd204_phy_block_i/dac_jesd_phy_gt_i/inst/gen_gtwizard_gthe4_top.dac_jesd_phy_gt_gtwizard_gthe4_inst/gen_gtwizard_gthe4.gen_pwrgood_delay_inst[5].delay_powergood_inst/gen_powergood_delay.pwr_on_fsm_reg/D
                                                              1.491         
DACs/DAC_JESD_PHY/inst/jesd204_phy_block_i/dac_jesd_phy_gt_i/inst/gen_gtwizard_gthe4_top.dac_jesd_phy_gt_gtwizard_gthe4_inst/gen_gtwizard_gthe4.gen_pwrgood_delay_inst[7].delay_powergood_inst/gen_powergood_delay.int_pwr_on_fsm_reg/C
                               DACs/DAC_JESD_PHY/inst/jesd204_phy_block_i/dac_jesd_phy_gt_i/inst/gen_gtwizard_gthe4_top.dac_jesd_phy_gt_gtwizard_gthe4_inst/gen_gtwizard_gthe4.gen_pwrgood_delay_inst[7].delay_powergood_inst/gen_powergood_delay.pwr_on_fsm_reg/D
                                                              1.493         
DACs/DAC_JESD_PHY/inst/jesd204_phy_block_i/dac_jesd_phy_gt_i/inst/gen_gtwizard_gthe4_top.dac_jesd_phy_gt_gtwizard_gthe4_inst/gen_gtwizard_gthe4.gen_pwrgood_delay_inst[0].delay_powergood_inst/gen_powergood_delay.wait_cnt_reg[4]/C
                               DACs/DAC_JESD_PHY/inst/jesd204_phy_block_i/dac_jesd_phy_gt_i/inst/gen_gtwizard_gthe4_top.dac_jesd_phy_gt_gtwizard_gthe4_inst/gen_gtwizard_gthe4.gen_pwrgood_delay_inst[0].delay_powergood_inst/gen_powergood_delay.wait_cnt_reg[5]/D
                                                              1.498         
DACs/DAC_JESD_PHY/inst/jesd204_phy_block_i/dac_jesd_phy_gt_i/inst/gen_gtwizard_gthe4_top.dac_jesd_phy_gt_gtwizard_gthe4_inst/gen_gtwizard_gthe4.gen_pwrgood_delay_inst[1].delay_powergood_inst/gen_powergood_delay.wait_cnt_reg[3]/C
                               DACs/DAC_JESD_PHY/inst/jesd204_phy_block_i/dac_jesd_phy_gt_i/inst/gen_gtwizard_gthe4_top.dac_jesd_phy_gt_gtwizard_gthe4_inst/gen_gtwizard_gthe4.gen_pwrgood_delay_inst[1].delay_powergood_inst/gen_powergood_delay.wait_cnt_reg[4]/D
                                                              1.506         
DACs/DAC_JESD_PHY/inst/jesd204_phy_block_i/dac_jesd_phy_gt_i/inst/gen_gtwizard_gthe4_top.dac_jesd_phy_gt_gtwizard_gthe4_inst/gen_gtwizard_gthe4.gen_pwrgood_delay_inst[3].delay_powergood_inst/gen_powergood_delay.wait_cnt_reg[3]/C
                               DACs/DAC_JESD_PHY/inst/jesd204_phy_block_i/dac_jesd_phy_gt_i/inst/gen_gtwizard_gthe4_top.dac_jesd_phy_gt_gtwizard_gthe4_inst/gen_gtwizard_gthe4.gen_pwrgood_delay_inst[3].delay_powergood_inst/gen_powergood_delay.wait_cnt_reg[4]/D
                                                              1.511         
DACs/DAC_JESD_PHY/inst/jesd204_phy_block_i/dac_jesd_phy_gt_i/inst/gen_gtwizard_gthe4_top.dac_jesd_phy_gt_gtwizard_gthe4_inst/gen_gtwizard_gthe4.gen_pwrgood_delay_inst[0].delay_powergood_inst/gen_powergood_delay.wait_cnt_reg[3]/C
                               DACs/DAC_JESD_PHY/inst/jesd204_phy_block_i/dac_jesd_phy_gt_i/inst/gen_gtwizard_gthe4_top.dac_jesd_phy_gt_gtwizard_gthe4_inst/gen_gtwizard_gthe4.gen_pwrgood_delay_inst[0].delay_powergood_inst/gen_powergood_delay.wait_cnt_reg[4]/D
                                                              1.511         
DACs/DAC_JESD_PHY/inst/jesd204_phy_block_i/dac_jesd_phy_gt_i/inst/gen_gtwizard_gthe4_top.dac_jesd_phy_gt_gtwizard_gthe4_inst/gen_gtwizard_gthe4.gen_pwrgood_delay_inst[6].delay_powergood_inst/gen_powergood_delay.intclk_rrst_n_r_reg[2]/C
                               DACs/DAC_JESD_PHY/inst/jesd204_phy_block_i/dac_jesd_phy_gt_i/inst/gen_gtwizard_gthe4_top.dac_jesd_phy_gt_gtwizard_gthe4_inst/gen_gtwizard_gthe4.gen_pwrgood_delay_inst[6].delay_powergood_inst/gen_powergood_delay.intclk_rrst_n_r_reg[3]/D
                                                              1.524         
DACs/DAC_JESD_PHY/inst/jesd204_phy_block_i/dac_jesd_phy_gt_i/inst/gen_gtwizard_gthe4_top.dac_jesd_phy_gt_gtwizard_gthe4_inst/gen_gtwizard_gthe4.gen_pwrgood_delay_inst[2].delay_powergood_inst/gen_powergood_delay.wait_cnt_reg[3]/C
                               DACs/DAC_JESD_PHY/inst/jesd204_phy_block_i/dac_jesd_phy_gt_i/inst/gen_gtwizard_gthe4_top.dac_jesd_phy_gt_gtwizard_gthe4_inst/gen_gtwizard_gthe4.gen_pwrgood_delay_inst[2].delay_powergood_inst/gen_powergood_delay.wait_cnt_reg[4]/D
                                                              1.535         
DACs/DAC_JESD_PHY/inst/jesd204_phy_block_i/dac_jesd_phy_gt_i/inst/gen_gtwizard_gthe4_top.dac_jesd_phy_gt_gtwizard_gthe4_inst/gen_gtwizard_gthe4.gen_pwrgood_delay_inst[4].delay_powergood_inst/gen_powergood_delay.wait_cnt_reg[6]/C
                               DACs/DAC_JESD_PHY/inst/jesd204_phy_block_i/dac_jesd_phy_gt_i/inst/gen_gtwizard_gthe4_top.dac_jesd_phy_gt_gtwizard_gthe4_inst/gen_gtwizard_gthe4.gen_pwrgood_delay_inst[4].delay_powergood_inst/gen_powergood_delay.wait_cnt_reg[7]/D
                                                              1.545         
DACs/DAC_JESD_PHY/inst/jesd204_phy_block_i/dac_jesd_phy_gt_i/inst/gen_gtwizard_gthe4_top.dac_jesd_phy_gt_gtwizard_gthe4_inst/gen_gtwizard_gthe4.gen_pwrgood_delay_inst[0].delay_powergood_inst/gen_powergood_delay.intclk_rrst_n_r_reg[0]/C
                               DACs/DAC_JESD_PHY/inst/jesd204_phy_block_i/dac_jesd_phy_gt_i/inst/gen_gtwizard_gthe4_top.dac_jesd_phy_gt_gtwizard_gthe4_inst/gen_gtwizard_gthe4.gen_pwrgood_delay_inst[0].delay_powergood_inst/gen_powergood_delay.intclk_rrst_n_r_reg[1]/D
                                                              1.545         
DACs/DAC_JESD_PHY/inst/jesd204_phy_block_i/dac_jesd_phy_gt_i/inst/gen_gtwizard_gthe4_top.dac_jesd_phy_gt_gtwizard_gthe4_inst/gen_gtwizard_gthe4.gen_pwrgood_delay_inst[3].delay_powergood_inst/gen_powergood_delay.intclk_rrst_n_r_reg[2]/C
                               DACs/DAC_JESD_PHY/inst/jesd204_phy_block_i/dac_jesd_phy_gt_i/inst/gen_gtwizard_gthe4_top.dac_jesd_phy_gt_gtwizard_gthe4_inst/gen_gtwizard_gthe4.gen_pwrgood_delay_inst[3].delay_powergood_inst/gen_powergood_delay.intclk_rrst_n_r_reg[3]/D
                                                              1.549         
DACs/DAC_JESD_PHY/inst/jesd204_phy_block_i/dac_jesd_phy_gt_i/inst/gen_gtwizard_gthe4_top.dac_jesd_phy_gt_gtwizard_gthe4_inst/gen_gtwizard_gthe4.gen_pwrgood_delay_inst[4].delay_powergood_inst/gen_powergood_delay.int_pwr_on_fsm_reg/C
                               DACs/DAC_JESD_PHY/inst/jesd204_phy_block_i/dac_jesd_phy_gt_i/inst/gen_gtwizard_gthe4_top.dac_jesd_phy_gt_gtwizard_gthe4_inst/gen_gtwizard_gthe4.gen_pwrgood_delay_inst[4].delay_powergood_inst/gen_powergood_delay.pwr_on_fsm_reg/D
                                                              1.550         
DACs/DAC_JESD_PHY/inst/jesd204_phy_block_i/dac_jesd_phy_gt_i/inst/gen_gtwizard_gthe4_top.dac_jesd_phy_gt_gtwizard_gthe4_inst/gen_gtwizard_gthe4.gen_pwrgood_delay_inst[6].delay_powergood_inst/gen_powergood_delay.intclk_rrst_n_r_reg[4]/C
                               DACs/DAC_JESD_PHY/inst/jesd204_phy_block_i/dac_jesd_phy_gt_i/inst/gen_gtwizard_gthe4_top.dac_jesd_phy_gt_gtwizard_gthe4_inst/gen_gtwizard_gthe4.gen_pwrgood_delay_inst[6].delay_powergood_inst/gen_powergood_delay.wait_cnt_reg[0]/CE
                                                              1.556         
DACs/DAC_JESD_PHY/inst/jesd204_phy_block_i/dac_jesd_phy_gt_i/inst/gen_gtwizard_gthe4_top.dac_jesd_phy_gt_gtwizard_gthe4_inst/gen_gtwizard_gthe4.gen_pwrgood_delay_inst[0].delay_powergood_inst/gen_powergood_delay.int_pwr_on_fsm_reg/C
                               DACs/DAC_JESD_PHY/inst/jesd204_phy_block_i/dac_jesd_phy_gt_i/inst/gen_gtwizard_gthe4_top.dac_jesd_phy_gt_gtwizard_gthe4_inst/gen_gtwizard_gthe4.gen_pwrgood_delay_inst[0].delay_powergood_inst/gen_powergood_delay.intclk_rrst_n_r_reg[0]/CE
                                                              1.562         
DACs/DAC_JESD_PHY/inst/jesd204_phy_block_i/dac_jesd_phy_gt_i/inst/gen_gtwizard_gthe4_top.dac_jesd_phy_gt_gtwizard_gthe4_inst/gen_gtwizard_gthe4.gen_pwrgood_delay_inst[0].delay_powergood_inst/gen_powergood_delay.int_pwr_on_fsm_reg/C
                               DACs/DAC_JESD_PHY/inst/jesd204_phy_block_i/dac_jesd_phy_gt_i/inst/gen_gtwizard_gthe4_top.dac_jesd_phy_gt_gtwizard_gthe4_inst/gen_gtwizard_gthe4.gen_pwrgood_delay_inst[0].delay_powergood_inst/gen_powergood_delay.intclk_rrst_n_r_reg[1]/CE
                                                              1.562         
DACs/DAC_JESD_PHY/inst/jesd204_phy_block_i/dac_jesd_phy_gt_i/inst/gen_gtwizard_gthe4_top.dac_jesd_phy_gt_gtwizard_gthe4_inst/gen_gtwizard_gthe4.gen_pwrgood_delay_inst[0].delay_powergood_inst/gen_powergood_delay.int_pwr_on_fsm_reg/C
                               DACs/DAC_JESD_PHY/inst/jesd204_phy_block_i/dac_jesd_phy_gt_i/inst/gen_gtwizard_gthe4_top.dac_jesd_phy_gt_gtwizard_gthe4_inst/gen_gtwizard_gthe4.gen_pwrgood_delay_inst[0].delay_powergood_inst/gen_powergood_delay.intclk_rrst_n_r_reg[2]/CE
                                                              1.562         
DACs/DAC_JESD_PHY/inst/jesd204_phy_block_i/dac_jesd_phy_gt_i/inst/gen_gtwizard_gthe4_top.dac_jesd_phy_gt_gtwizard_gthe4_inst/gen_gtwizard_gthe4.gen_pwrgood_delay_inst[0].delay_powergood_inst/gen_powergood_delay.int_pwr_on_fsm_reg/C
                               DACs/DAC_JESD_PHY/inst/jesd204_phy_block_i/dac_jesd_phy_gt_i/inst/gen_gtwizard_gthe4_top.dac_jesd_phy_gt_gtwizard_gthe4_inst/gen_gtwizard_gthe4.gen_pwrgood_delay_inst[0].delay_powergood_inst/gen_powergood_delay.intclk_rrst_n_r_reg[3]/CE
                                                              1.562         
DACs/DAC_JESD_PHY/inst/jesd204_phy_block_i/dac_jesd_phy_gt_i/inst/gen_gtwizard_gthe4_top.dac_jesd_phy_gt_gtwizard_gthe4_inst/gen_gtwizard_gthe4.gen_pwrgood_delay_inst[3].delay_powergood_inst/gen_powergood_delay.wait_cnt_reg[4]/C
                               DACs/DAC_JESD_PHY/inst/jesd204_phy_block_i/dac_jesd_phy_gt_i/inst/gen_gtwizard_gthe4_top.dac_jesd_phy_gt_gtwizard_gthe4_inst/gen_gtwizard_gthe4.gen_pwrgood_delay_inst[3].delay_powergood_inst/gen_powergood_delay.wait_cnt_reg[5]/D
                                                              1.587         
DACs/DAC_JESD_PHY/inst/jesd204_phy_block_i/dac_jesd_phy_gt_i/inst/gen_gtwizard_gthe4_top.dac_jesd_phy_gt_gtwizard_gthe4_inst/gen_gtwizard_gthe4.gen_pwrgood_delay_inst[3].delay_powergood_inst/gen_powergood_delay.intclk_rrst_n_r_reg[1]/C
                               DACs/DAC_JESD_PHY/inst/jesd204_phy_block_i/dac_jesd_phy_gt_i/inst/gen_gtwizard_gthe4_top.dac_jesd_phy_gt_gtwizard_gthe4_inst/gen_gtwizard_gthe4.gen_pwrgood_delay_inst[3].delay_powergood_inst/gen_powergood_delay.intclk_rrst_n_r_reg[2]/D
                                                              1.588         
DACs/DAC_JESD_PHY/inst/jesd204_phy_block_i/dac_jesd_phy_gt_i/inst/gen_gtwizard_gthe4_top.dac_jesd_phy_gt_gtwizard_gthe4_inst/gen_gtwizard_gthe4.gen_pwrgood_delay_inst[1].delay_powergood_inst/gen_powergood_delay.int_pwr_on_fsm_reg/C
                               DACs/DAC_JESD_PHY/inst/jesd204_phy_block_i/dac_jesd_phy_gt_i/inst/gen_gtwizard_gthe4_top.dac_jesd_phy_gt_gtwizard_gthe4_inst/gen_gtwizard_gthe4.gen_pwrgood_delay_inst[1].delay_powergood_inst/gen_powergood_delay.pwr_on_fsm_reg/D
                                                              1.588         
DACs/DAC_JESD_PHY/inst/jesd204_phy_block_i/dac_jesd_phy_gt_i/inst/gen_gtwizard_gthe4_top.dac_jesd_phy_gt_gtwizard_gthe4_inst/gen_gtwizard_gthe4.gen_pwrgood_delay_inst[7].delay_powergood_inst/gen_powergood_delay.intclk_rrst_n_r_reg[3]/C
                               DACs/DAC_JESD_PHY/inst/jesd204_phy_block_i/dac_jesd_phy_gt_i/inst/gen_gtwizard_gthe4_top.dac_jesd_phy_gt_gtwizard_gthe4_inst/gen_gtwizard_gthe4.gen_pwrgood_delay_inst[7].delay_powergood_inst/gen_powergood_delay.intclk_rrst_n_r_reg[4]/D
                                                              1.594         
DACs/DAC_JESD_PHY/inst/jesd204_phy_block_i/dac_jesd_phy_gt_i/inst/gen_gtwizard_gthe4_top.dac_jesd_phy_gt_gtwizard_gthe4_inst/gen_gtwizard_gthe4.gen_pwrgood_delay_inst[0].delay_powergood_inst/gen_powergood_delay.wait_cnt_reg[6]/C
                               DACs/DAC_JESD_PHY/inst/jesd204_phy_block_i/dac_jesd_phy_gt_i/inst/gen_gtwizard_gthe4_top.dac_jesd_phy_gt_gtwizard_gthe4_inst/gen_gtwizard_gthe4.gen_pwrgood_delay_inst[0].delay_powergood_inst/gen_powergood_delay.wait_cnt_reg[7]/D
                                                              1.598         
DACs/DAC_JESD_PHY/inst/jesd204_phy_block_i/dac_jesd_phy_gt_i/inst/gen_gtwizard_gthe4_top.dac_jesd_phy_gt_gtwizard_gthe4_inst/gen_gtwizard_gthe4.gen_pwrgood_delay_inst[0].delay_powergood_inst/gen_powergood_delay.int_pwr_on_fsm_reg/C
                               DACs/DAC_JESD_PHY/inst/jesd204_phy_block_i/dac_jesd_phy_gt_i/inst/gen_gtwizard_gthe4_top.dac_jesd_phy_gt_gtwizard_gthe4_inst/gen_gtwizard_gthe4.gen_pwrgood_delay_inst[0].delay_powergood_inst/gen_powergood_delay.wait_cnt_reg[1]/CE
                                                              1.599         
DACs/DAC_JESD_PHY/inst/jesd204_phy_block_i/dac_jesd_phy_gt_i/inst/gen_gtwizard_gthe4_top.dac_jesd_phy_gt_gtwizard_gthe4_inst/gen_gtwizard_gthe4.gen_pwrgood_delay_inst[0].delay_powergood_inst/gen_powergood_delay.int_pwr_on_fsm_reg/C
                               DACs/DAC_JESD_PHY/inst/jesd204_phy_block_i/dac_jesd_phy_gt_i/inst/gen_gtwizard_gthe4_top.dac_jesd_phy_gt_gtwizard_gthe4_inst/gen_gtwizard_gthe4.gen_pwrgood_delay_inst[0].delay_powergood_inst/gen_powergood_delay.wait_cnt_reg[2]/CE
                                                              1.599         
DACs/DAC_JESD_PHY/inst/jesd204_phy_block_i/dac_jesd_phy_gt_i/inst/gen_gtwizard_gthe4_top.dac_jesd_phy_gt_gtwizard_gthe4_inst/gen_gtwizard_gthe4.gen_pwrgood_delay_inst[0].delay_powergood_inst/gen_powergood_delay.int_pwr_on_fsm_reg/C
                               DACs/DAC_JESD_PHY/inst/jesd204_phy_block_i/dac_jesd_phy_gt_i/inst/gen_gtwizard_gthe4_top.dac_jesd_phy_gt_gtwizard_gthe4_inst/gen_gtwizard_gthe4.gen_pwrgood_delay_inst[0].delay_powergood_inst/gen_powergood_delay.wait_cnt_reg[3]/CE
                                                              1.599         
DACs/DAC_JESD_PHY/inst/jesd204_phy_block_i/dac_jesd_phy_gt_i/inst/gen_gtwizard_gthe4_top.dac_jesd_phy_gt_gtwizard_gthe4_inst/gen_gtwizard_gthe4.gen_pwrgood_delay_inst[0].delay_powergood_inst/gen_powergood_delay.int_pwr_on_fsm_reg/C
                               DACs/DAC_JESD_PHY/inst/jesd204_phy_block_i/dac_jesd_phy_gt_i/inst/gen_gtwizard_gthe4_top.dac_jesd_phy_gt_gtwizard_gthe4_inst/gen_gtwizard_gthe4.gen_pwrgood_delay_inst[0].delay_powergood_inst/gen_powergood_delay.wait_cnt_reg[4]/CE
                                                              1.599         
DACs/DAC_JESD_PHY/inst/jesd204_phy_block_i/dac_jesd_phy_gt_i/inst/gen_gtwizard_gthe4_top.dac_jesd_phy_gt_gtwizard_gthe4_inst/gen_gtwizard_gthe4.gen_pwrgood_delay_inst[0].delay_powergood_inst/gen_powergood_delay.wait_cnt_reg[1]/C
                               DACs/DAC_JESD_PHY/inst/jesd204_phy_block_i/dac_jesd_phy_gt_i/inst/gen_gtwizard_gthe4_top.dac_jesd_phy_gt_gtwizard_gthe4_inst/gen_gtwizard_gthe4.gen_pwrgood_delay_inst[0].delay_powergood_inst/gen_powergood_delay.wait_cnt_reg[2]/D
                                                              1.612         
DACs/DAC_JESD_PHY/inst/jesd204_phy_block_i/dac_jesd_phy_gt_i/inst/gen_gtwizard_gthe4_top.dac_jesd_phy_gt_gtwizard_gthe4_inst/gen_gtwizard_gthe4.gen_pwrgood_delay_inst[4].delay_powergood_inst/gen_powergood_delay.wait_cnt_reg[4]/C
                               DACs/DAC_JESD_PHY/inst/jesd204_phy_block_i/dac_jesd_phy_gt_i/inst/gen_gtwizard_gthe4_top.dac_jesd_phy_gt_gtwizard_gthe4_inst/gen_gtwizard_gthe4.gen_pwrgood_delay_inst[4].delay_powergood_inst/gen_powergood_delay.wait_cnt_reg[5]/D
                                                              1.628         
DACs/DAC_JESD_PHY/inst/jesd204_phy_block_i/dac_jesd_phy_gt_i/inst/gen_gtwizard_gthe4_top.dac_jesd_phy_gt_gtwizard_gthe4_inst/gen_gtwizard_gthe4.gen_pwrgood_delay_inst[7].delay_powergood_inst/gen_powergood_delay.wait_cnt_reg[5]/C
                               DACs/DAC_JESD_PHY/inst/jesd204_phy_block_i/dac_jesd_phy_gt_i/inst/gen_gtwizard_gthe4_top.dac_jesd_phy_gt_gtwizard_gthe4_inst/gen_gtwizard_gthe4.gen_pwrgood_delay_inst[7].delay_powergood_inst/gen_powergood_delay.wait_cnt_reg[6]/D
                                                              1.631         
DACs/DAC_JESD_PHY/inst/jesd204_phy_block_i/dac_jesd_phy_gt_i/inst/gen_gtwizard_gthe4_top.dac_jesd_phy_gt_gtwizard_gthe4_inst/gen_gtwizard_gthe4.gen_pwrgood_delay_inst[0].delay_powergood_inst/gen_powergood_delay.int_pwr_on_fsm_reg/C
                               DACs/DAC_JESD_PHY/inst/jesd204_phy_block_i/dac_jesd_phy_gt_i/inst/gen_gtwizard_gthe4_top.dac_jesd_phy_gt_gtwizard_gthe4_inst/gen_gtwizard_gthe4.gen_pwrgood_delay_inst[0].delay_powergood_inst/gen_powergood_delay.pwr_on_fsm_reg/D
                                                              1.638         
DACs/DAC_JESD_PHY/inst/jesd204_phy_block_i/dac_jesd_phy_gt_i/inst/gen_gtwizard_gthe4_top.dac_jesd_phy_gt_gtwizard_gthe4_inst/gen_gtwizard_gthe4.gen_pwrgood_delay_inst[4].delay_powergood_inst/gen_powergood_delay.wait_cnt_reg[2]/C
                               DACs/DAC_JESD_PHY/inst/jesd204_phy_block_i/dac_jesd_phy_gt_i/inst/gen_gtwizard_gthe4_top.dac_jesd_phy_gt_gtwizard_gthe4_inst/gen_gtwizard_gthe4.gen_pwrgood_delay_inst[4].delay_powergood_inst/gen_powergood_delay.wait_cnt_reg[3]/D
                                                              1.650         
DACs/DAC_JESD_PHY/inst/jesd204_phy_block_i/dac_jesd_phy_gt_i/inst/gen_gtwizard_gthe4_top.dac_jesd_phy_gt_gtwizard_gthe4_inst/gen_gtwizard_gthe4.gen_pwrgood_delay_inst[3].delay_powergood_inst/gen_powergood_delay.wait_cnt_reg[1]/C
                               DACs/DAC_JESD_PHY/inst/jesd204_phy_block_i/dac_jesd_phy_gt_i/inst/gen_gtwizard_gthe4_top.dac_jesd_phy_gt_gtwizard_gthe4_inst/gen_gtwizard_gthe4.gen_pwrgood_delay_inst[3].delay_powergood_inst/gen_powergood_delay.wait_cnt_reg[2]/D
                                                              1.661         
DACs/DAC_JESD_PHY/inst/jesd204_phy_block_i/dac_jesd_phy_gt_i/inst/gen_gtwizard_gthe4_top.dac_jesd_phy_gt_gtwizard_gthe4_inst/gen_gtwizard_gthe4.gen_pwrgood_delay_inst[7].delay_powergood_inst/gen_powergood_delay.wait_cnt_reg[4]/C
                               DACs/DAC_JESD_PHY/inst/jesd204_phy_block_i/dac_jesd_phy_gt_i/inst/gen_gtwizard_gthe4_top.dac_jesd_phy_gt_gtwizard_gthe4_inst/gen_gtwizard_gthe4.gen_pwrgood_delay_inst[7].delay_powergood_inst/gen_powergood_delay.wait_cnt_reg[5]/D
                                                              1.675         
DACs/DAC_JESD_PHY/inst/jesd204_phy_block_i/dac_jesd_phy_gt_i/inst/gen_gtwizard_gthe4_top.dac_jesd_phy_gt_gtwizard_gthe4_inst/gen_gtwizard_gthe4.gen_pwrgood_delay_inst[0].delay_powergood_inst/gen_powergood_delay.int_pwr_on_fsm_reg/C
                               DACs/DAC_JESD_PHY/inst/jesd204_phy_block_i/dac_jesd_phy_gt_i/inst/gen_gtwizard_gthe4_top.dac_jesd_phy_gt_gtwizard_gthe4_inst/gen_gtwizard_gthe4.gen_pwrgood_delay_inst[0].delay_powergood_inst/gen_powergood_delay.wait_cnt_reg[5]/CE
                                                              1.687         
DACs/DAC_JESD_PHY/inst/jesd204_phy_block_i/dac_jesd_phy_gt_i/inst/gen_gtwizard_gthe4_top.dac_jesd_phy_gt_gtwizard_gthe4_inst/gen_gtwizard_gthe4.gen_pwrgood_delay_inst[0].delay_powergood_inst/gen_powergood_delay.int_pwr_on_fsm_reg/C
                               DACs/DAC_JESD_PHY/inst/jesd204_phy_block_i/dac_jesd_phy_gt_i/inst/gen_gtwizard_gthe4_top.dac_jesd_phy_gt_gtwizard_gthe4_inst/gen_gtwizard_gthe4.gen_pwrgood_delay_inst[0].delay_powergood_inst/gen_powergood_delay.wait_cnt_reg[6]/CE
                                                              1.687         
DACs/DAC_JESD_PHY/inst/jesd204_phy_block_i/dac_jesd_phy_gt_i/inst/gen_gtwizard_gthe4_top.dac_jesd_phy_gt_gtwizard_gthe4_inst/gen_gtwizard_gthe4.gen_pwrgood_delay_inst[0].delay_powergood_inst/gen_powergood_delay.int_pwr_on_fsm_reg/C
                               DACs/DAC_JESD_PHY/inst/jesd204_phy_block_i/dac_jesd_phy_gt_i/inst/gen_gtwizard_gthe4_top.dac_jesd_phy_gt_gtwizard_gthe4_inst/gen_gtwizard_gthe4.gen_pwrgood_delay_inst[0].delay_powergood_inst/gen_powergood_delay.wait_cnt_reg[7]/CE
                                                              1.687         
DACs/DAC_JESD_PHY/inst/jesd204_phy_block_i/dac_jesd_phy_gt_i/inst/gen_gtwizard_gthe4_top.dac_jesd_phy_gt_gtwizard_gthe4_inst/gen_gtwizard_gthe4.gen_pwrgood_delay_inst[7].delay_powergood_inst/gen_powergood_delay.intclk_rrst_n_r_reg[0]/C
                               DACs/DAC_JESD_PHY/inst/jesd204_phy_block_i/dac_jesd_phy_gt_i/inst/gen_gtwizard_gthe4_top.dac_jesd_phy_gt_gtwizard_gthe4_inst/gen_gtwizard_gthe4.gen_pwrgood_delay_inst[7].delay_powergood_inst/gen_powergood_delay.intclk_rrst_n_r_reg[1]/D
                                                              1.715         
DACs/DAC_JESD_PHY/inst/jesd204_phy_block_i/dac_jesd_phy_gt_i/inst/gen_gtwizard_gthe4_top.dac_jesd_phy_gt_gtwizard_gthe4_inst/gen_gtwizard_gthe4.gen_pwrgood_delay_inst[0].delay_powergood_inst/gen_powergood_delay.int_pwr_on_fsm_reg/C
                               DACs/DAC_JESD_PHY/inst/jesd204_phy_block_i/dac_jesd_phy_gt_i/inst/gen_gtwizard_gthe4_top.dac_jesd_phy_gt_gtwizard_gthe4_inst/gen_gtwizard_gthe4.gen_pwrgood_delay_inst[0].delay_powergood_inst/gen_powergood_delay.intclk_rrst_n_r_reg[4]/CE
                                                              1.718         
DACs/DAC_JESD_PHY/inst/jesd204_phy_block_i/dac_jesd_phy_gt_i/inst/gen_gtwizard_gthe4_top.dac_jesd_phy_gt_gtwizard_gthe4_inst/gen_gtwizard_gthe4.gen_pwrgood_delay_inst[5].delay_powergood_inst/gen_powergood_delay.wait_cnt_reg[6]/C
                               DACs/DAC_JESD_PHY/inst/jesd204_phy_block_i/dac_jesd_phy_gt_i/inst/gen_gtwizard_gthe4_top.dac_jesd_phy_gt_gtwizard_gthe4_inst/gen_gtwizard_gthe4.gen_pwrgood_delay_inst[5].delay_powergood_inst/gen_powergood_delay.wait_cnt_reg[7]/D
                                                              1.723         
DACs/DAC_JESD_PHY/inst/jesd204_phy_block_i/dac_jesd_phy_gt_i/inst/gen_gtwizard_gthe4_top.dac_jesd_phy_gt_gtwizard_gthe4_inst/gen_gtwizard_gthe4.gen_pwrgood_delay_inst[3].delay_powergood_inst/gen_powergood_delay.wait_cnt_reg[5]/C
                               DACs/DAC_JESD_PHY/inst/jesd204_phy_block_i/dac_jesd_phy_gt_i/inst/gen_gtwizard_gthe4_top.dac_jesd_phy_gt_gtwizard_gthe4_inst/gen_gtwizard_gthe4.gen_pwrgood_delay_inst[3].delay_powergood_inst/gen_powergood_delay.wait_cnt_reg[6]/D
                                                              1.729         
DACs/DAC_JESD_PHY/inst/jesd204_phy_block_i/dac_jesd_phy_gt_i/inst/gen_gtwizard_gthe4_top.dac_jesd_phy_gt_gtwizard_gthe4_inst/gen_gtwizard_gthe4.gen_pwrgood_delay_inst[3].delay_powergood_inst/gen_powergood_delay.wait_cnt_reg[6]/C
                               DACs/DAC_JESD_PHY/inst/jesd204_phy_block_i/dac_jesd_phy_gt_i/inst/gen_gtwizard_gthe4_top.dac_jesd_phy_gt_gtwizard_gthe4_inst/gen_gtwizard_gthe4.gen_pwrgood_delay_inst[3].delay_powergood_inst/gen_powergood_delay.wait_cnt_reg[7]/D
                                                              1.730         
DACs/DAC_JESD_PHY/inst/jesd204_phy_block_i/dac_jesd_phy_gt_i/inst/gen_gtwizard_gthe4_top.dac_jesd_phy_gt_gtwizard_gthe4_inst/gen_gtwizard_gthe4.gen_pwrgood_delay_inst[7].delay_powergood_inst/gen_powergood_delay.intclk_rrst_n_r_reg[1]/C
                               DACs/DAC_JESD_PHY/inst/jesd204_phy_block_i/dac_jesd_phy_gt_i/inst/gen_gtwizard_gthe4_top.dac_jesd_phy_gt_gtwizard_gthe4_inst/gen_gtwizard_gthe4.gen_pwrgood_delay_inst[7].delay_powergood_inst/gen_powergood_delay.intclk_rrst_n_r_reg[2]/D
                                                              1.736         
DACs/DAC_JESD_PHY/inst/jesd204_phy_block_i/dac_jesd_phy_gt_i/inst/gen_gtwizard_gthe4_top.dac_jesd_phy_gt_gtwizard_gthe4_inst/gen_gtwizard_gthe4.gen_pwrgood_delay_inst[7].delay_powergood_inst/gen_powergood_delay.wait_cnt_reg[2]/C
                               DACs/DAC_JESD_PHY/inst/jesd204_phy_block_i/dac_jesd_phy_gt_i/inst/gen_gtwizard_gthe4_top.dac_jesd_phy_gt_gtwizard_gthe4_inst/gen_gtwizard_gthe4.gen_pwrgood_delay_inst[7].delay_powergood_inst/gen_powergood_delay.wait_cnt_reg[3]/D
                                                              1.780         
DACs/DAC_JESD_PHY/inst/jesd204_phy_block_i/dac_jesd_phy_gt_i/inst/gen_gtwizard_gthe4_top.dac_jesd_phy_gt_gtwizard_gthe4_inst/gen_gtwizard_gthe4.gen_pwrgood_delay_inst[7].delay_powergood_inst/gen_powergood_delay.int_pwr_on_fsm_reg/C
                               DACs/DAC_JESD_PHY/inst/jesd204_phy_block_i/dac_jesd_phy_gt_i/inst/gen_gtwizard_gthe4_top.dac_jesd_phy_gt_gtwizard_gthe4_inst/gen_gtwizard_gthe4.gen_pwrgood_delay_inst[7].delay_powergood_inst/gen_powergood_delay.wait_cnt_reg[5]/CE
                                                              1.804         
DACs/DAC_JESD_PHY/inst/jesd204_phy_block_i/dac_jesd_phy_gt_i/inst/gen_gtwizard_gthe4_top.dac_jesd_phy_gt_gtwizard_gthe4_inst/gen_gtwizard_gthe4.gen_pwrgood_delay_inst[7].delay_powergood_inst/gen_powergood_delay.int_pwr_on_fsm_reg/C
                               DACs/DAC_JESD_PHY/inst/jesd204_phy_block_i/dac_jesd_phy_gt_i/inst/gen_gtwizard_gthe4_top.dac_jesd_phy_gt_gtwizard_gthe4_inst/gen_gtwizard_gthe4.gen_pwrgood_delay_inst[7].delay_powergood_inst/gen_powergood_delay.wait_cnt_reg[6]/CE
                                                              1.804         
DACs/DAC_JESD_PHY/inst/jesd204_phy_block_i/dac_jesd_phy_gt_i/inst/gen_gtwizard_gthe4_top.dac_jesd_phy_gt_gtwizard_gthe4_inst/gen_gtwizard_gthe4.gen_pwrgood_delay_inst[7].delay_powergood_inst/gen_powergood_delay.int_pwr_on_fsm_reg/C
                               DACs/DAC_JESD_PHY/inst/jesd204_phy_block_i/dac_jesd_phy_gt_i/inst/gen_gtwizard_gthe4_top.dac_jesd_phy_gt_gtwizard_gthe4_inst/gen_gtwizard_gthe4.gen_pwrgood_delay_inst[7].delay_powergood_inst/gen_powergood_delay.wait_cnt_reg[7]/CE
                                                              1.804         
DACs/DAC_JESD_PHY/inst/jesd204_phy_block_i/dac_jesd_phy_gt_i/inst/gen_gtwizard_gthe4_top.dac_jesd_phy_gt_gtwizard_gthe4_inst/gen_gtwizard_gthe4.gen_pwrgood_delay_inst[7].delay_powergood_inst/gen_powergood_delay.int_pwr_on_fsm_reg/C
                               DACs/DAC_JESD_PHY/inst/jesd204_phy_block_i/dac_jesd_phy_gt_i/inst/gen_gtwizard_gthe4_top.dac_jesd_phy_gt_gtwizard_gthe4_inst/gen_gtwizard_gthe4.gen_pwrgood_delay_inst[7].delay_powergood_inst/gen_powergood_delay.wait_cnt_reg[1]/CE
                                                              1.806         
DACs/DAC_JESD_PHY/inst/jesd204_phy_block_i/dac_jesd_phy_gt_i/inst/gen_gtwizard_gthe4_top.dac_jesd_phy_gt_gtwizard_gthe4_inst/gen_gtwizard_gthe4.gen_pwrgood_delay_inst[7].delay_powergood_inst/gen_powergood_delay.int_pwr_on_fsm_reg/C
                               DACs/DAC_JESD_PHY/inst/jesd204_phy_block_i/dac_jesd_phy_gt_i/inst/gen_gtwizard_gthe4_top.dac_jesd_phy_gt_gtwizard_gthe4_inst/gen_gtwizard_gthe4.gen_pwrgood_delay_inst[7].delay_powergood_inst/gen_powergood_delay.wait_cnt_reg[2]/CE
                                                              1.806         
DACs/DAC_JESD_PHY/inst/jesd204_phy_block_i/dac_jesd_phy_gt_i/inst/gen_gtwizard_gthe4_top.dac_jesd_phy_gt_gtwizard_gthe4_inst/gen_gtwizard_gthe4.gen_pwrgood_delay_inst[7].delay_powergood_inst/gen_powergood_delay.int_pwr_on_fsm_reg/C
                               DACs/DAC_JESD_PHY/inst/jesd204_phy_block_i/dac_jesd_phy_gt_i/inst/gen_gtwizard_gthe4_top.dac_jesd_phy_gt_gtwizard_gthe4_inst/gen_gtwizard_gthe4.gen_pwrgood_delay_inst[7].delay_powergood_inst/gen_powergood_delay.wait_cnt_reg[3]/CE
                                                              1.806         
DACs/DAC_JESD_PHY/inst/jesd204_phy_block_i/dac_jesd_phy_gt_i/inst/gen_gtwizard_gthe4_top.dac_jesd_phy_gt_gtwizard_gthe4_inst/gen_gtwizard_gthe4.gen_pwrgood_delay_inst[7].delay_powergood_inst/gen_powergood_delay.int_pwr_on_fsm_reg/C
                               DACs/DAC_JESD_PHY/inst/jesd204_phy_block_i/dac_jesd_phy_gt_i/inst/gen_gtwizard_gthe4_top.dac_jesd_phy_gt_gtwizard_gthe4_inst/gen_gtwizard_gthe4.gen_pwrgood_delay_inst[7].delay_powergood_inst/gen_powergood_delay.wait_cnt_reg[4]/CE
                                                              1.806         
DACs/DAC_JESD_PHY/inst/jesd204_phy_block_i/dac_jesd_phy_gt_i/inst/gen_gtwizard_gthe4_top.dac_jesd_phy_gt_gtwizard_gthe4_inst/gen_gtwizard_gthe4.gen_pwrgood_delay_inst[7].delay_powergood_inst/gen_powergood_delay.intclk_rrst_n_r_reg[2]/C
                               DACs/DAC_JESD_PHY/inst/jesd204_phy_block_i/dac_jesd_phy_gt_i/inst/gen_gtwizard_gthe4_top.dac_jesd_phy_gt_gtwizard_gthe4_inst/gen_gtwizard_gthe4.gen_pwrgood_delay_inst[7].delay_powergood_inst/gen_powergood_delay.intclk_rrst_n_r_reg[3]/D
                                                              1.828         
DACs/DAC_JESD_PHY/inst/jesd204_phy_block_i/dac_jesd_phy_gt_i/inst/gen_gtwizard_gthe4_top.dac_jesd_phy_gt_gtwizard_gthe4_inst/gen_gtwizard_gthe4.gen_pwrgood_delay_inst[7].delay_powergood_inst/gen_powergood_delay.int_pwr_on_fsm_reg/C
                               DACs/DAC_JESD_PHY/inst/jesd204_phy_block_i/dac_jesd_phy_gt_i/inst/gen_gtwizard_gthe4_top.dac_jesd_phy_gt_gtwizard_gthe4_inst/gen_gtwizard_gthe4.gen_pwrgood_delay_inst[7].delay_powergood_inst/gen_powergood_delay.intclk_rrst_n_r_reg[4]/CE
                                                              1.846         
DACs/DAC_JESD_PHY/inst/jesd204_phy_block_i/dac_jesd_phy_gt_i/inst/gen_gtwizard_gthe4_top.dac_jesd_phy_gt_gtwizard_gthe4_inst/gen_gtwizard_gthe4.gen_pwrgood_delay_inst[7].delay_powergood_inst/gen_powergood_delay.wait_cnt_reg[3]/C
                               DACs/DAC_JESD_PHY/inst/jesd204_phy_block_i/dac_jesd_phy_gt_i/inst/gen_gtwizard_gthe4_top.dac_jesd_phy_gt_gtwizard_gthe4_inst/gen_gtwizard_gthe4.gen_pwrgood_delay_inst[7].delay_powergood_inst/gen_powergood_delay.wait_cnt_reg[4]/D
                                                              1.847         
DACs/DAC_JESD_PHY/inst/jesd204_phy_block_i/dac_jesd_phy_gt_i/inst/gen_gtwizard_gthe4_top.dac_jesd_phy_gt_gtwizard_gthe4_inst/gen_gtwizard_gthe4.gen_pwrgood_delay_inst[7].delay_powergood_inst/gen_powergood_delay.int_pwr_on_fsm_reg/C
                               DACs/DAC_JESD_PHY/inst/jesd204_phy_block_i/dac_jesd_phy_gt_i/inst/gen_gtwizard_gthe4_top.dac_jesd_phy_gt_gtwizard_gthe4_inst/gen_gtwizard_gthe4.gen_pwrgood_delay_inst[7].delay_powergood_inst/gen_powergood_delay.intclk_rrst_n_r_reg[0]/CE
                                                              1.848         
DACs/DAC_JESD_PHY/inst/jesd204_phy_block_i/dac_jesd_phy_gt_i/inst/gen_gtwizard_gthe4_top.dac_jesd_phy_gt_gtwizard_gthe4_inst/gen_gtwizard_gthe4.gen_pwrgood_delay_inst[7].delay_powergood_inst/gen_powergood_delay.int_pwr_on_fsm_reg/C
                               DACs/DAC_JESD_PHY/inst/jesd204_phy_block_i/dac_jesd_phy_gt_i/inst/gen_gtwizard_gthe4_top.dac_jesd_phy_gt_gtwizard_gthe4_inst/gen_gtwizard_gthe4.gen_pwrgood_delay_inst[7].delay_powergood_inst/gen_powergood_delay.intclk_rrst_n_r_reg[1]/CE
                                                              1.848         
DACs/DAC_JESD_PHY/inst/jesd204_phy_block_i/dac_jesd_phy_gt_i/inst/gen_gtwizard_gthe4_top.dac_jesd_phy_gt_gtwizard_gthe4_inst/gen_gtwizard_gthe4.gen_pwrgood_delay_inst[7].delay_powergood_inst/gen_powergood_delay.int_pwr_on_fsm_reg/C
                               DACs/DAC_JESD_PHY/inst/jesd204_phy_block_i/dac_jesd_phy_gt_i/inst/gen_gtwizard_gthe4_top.dac_jesd_phy_gt_gtwizard_gthe4_inst/gen_gtwizard_gthe4.gen_pwrgood_delay_inst[7].delay_powergood_inst/gen_powergood_delay.intclk_rrst_n_r_reg[2]/CE
                                                              1.848         
DACs/DAC_JESD_PHY/inst/jesd204_phy_block_i/dac_jesd_phy_gt_i/inst/gen_gtwizard_gthe4_top.dac_jesd_phy_gt_gtwizard_gthe4_inst/gen_gtwizard_gthe4.gen_pwrgood_delay_inst[7].delay_powergood_inst/gen_powergood_delay.int_pwr_on_fsm_reg/C
                               DACs/DAC_JESD_PHY/inst/jesd204_phy_block_i/dac_jesd_phy_gt_i/inst/gen_gtwizard_gthe4_top.dac_jesd_phy_gt_gtwizard_gthe4_inst/gen_gtwizard_gthe4.gen_pwrgood_delay_inst[7].delay_powergood_inst/gen_powergood_delay.intclk_rrst_n_r_reg[3]/CE
                                                              1.848         
HIGH_SPEED_ADC/HADC_BANK_65/inst/top_inst/clk_rst_top_inst/rst_scheme_inst/sync_cell_start_fab_cntr_pll0_inst/sync_flop_1_reg[0]/C
                               HIGH_SPEED_ADC/HADC_BANK_65/inst/top_inst/clk_rst_top_inst/rst_scheme_inst/pll0_fab_clk_cntr_reg[2]/R
                                                              1.868         
HIGH_SPEED_ADC/HADC_BANK_65/inst/top_inst/clk_rst_top_inst/rst_scheme_inst/sync_cell_start_fab_cntr_pll0_inst/sync_flop_1_reg[0]/C
                               HIGH_SPEED_ADC/HADC_BANK_65/inst/top_inst/clk_rst_top_inst/rst_scheme_inst/pll0_fab_clk_cntr_reg[3]/R
                                                              1.868         
HIGH_SPEED_ADC/HADC_BANK_65/inst/top_inst/clk_rst_top_inst/rst_scheme_inst/sync_cell_start_fab_cntr_pll0_inst/sync_flop_1_reg[0]/C
                               HIGH_SPEED_ADC/HADC_BANK_65/inst/top_inst/clk_rst_top_inst/rst_scheme_inst/pll0_fab_clk_cntr_reg[4]/R
                                                              1.868         
HIGH_SPEED_ADC/HADC_BANK_65/inst/top_inst/clk_rst_top_inst/rst_scheme_inst/sync_cell_start_fab_cntr_pll0_inst/sync_flop_1_reg[0]/C
                               HIGH_SPEED_ADC/HADC_BANK_65/inst/top_inst/clk_rst_top_inst/rst_scheme_inst/pll0_fab_clk_cntr_reg[5]/R
                                                              1.868         
HIGH_SPEED_ADC/HADC_BANK_65/inst/top_inst/clk_rst_top_inst/rst_scheme_inst/sync_cell_start_fab_cntr_pll0_inst/sync_flop_1_reg[0]/C
                               HIGH_SPEED_ADC/HADC_BANK_65/inst/top_inst/clk_rst_top_inst/rst_scheme_inst/pll0_fab_clk_cntr_reg[6]/R
                                                              1.868         
DACs/DAC_JESD_PHY/inst/jesd204_phy_block_i/dac_jesd_phy_gt_i/inst/gen_gtwizard_gthe4_top.dac_jesd_phy_gt_gtwizard_gthe4_inst/gen_gtwizard_gthe4.gen_pwrgood_delay_inst[7].delay_powergood_inst/gen_powergood_delay.wait_cnt_reg[6]/C
                               DACs/DAC_JESD_PHY/inst/jesd204_phy_block_i/dac_jesd_phy_gt_i/inst/gen_gtwizard_gthe4_top.dac_jesd_phy_gt_gtwizard_gthe4_inst/gen_gtwizard_gthe4.gen_pwrgood_delay_inst[7].delay_powergood_inst/gen_powergood_delay.wait_cnt_reg[7]/D
                                                              1.874         
DACs/DAC_JESD_PHY/inst/jesd204_phy_block_i/dac_jesd_phy_gt_i/inst/gen_gtwizard_gthe4_top.dac_jesd_phy_gt_gtwizard_gthe4_inst/gen_gtwizard_gthe4.gen_pwrgood_delay_inst[1].delay_powergood_inst/gen_powergood_delay.intclk_rrst_n_r_reg[4]/C
                               DACs/DAC_JESD_PHY/inst/jesd204_phy_block_i/dac_jesd_phy_gt_i/inst/gen_gtwizard_gthe4_top.dac_jesd_phy_gt_gtwizard_gthe4_inst/gen_gtwizard_gthe4.gen_pwrgood_delay_inst[1].delay_powergood_inst/gen_powergood_delay.wait_cnt_reg[0]/CE
                                                              1.877         
DACs/DAC_JESD_PHY/inst/jesd204_phy_block_i/dac_jesd_phy_gt_i/inst/gen_gtwizard_gthe4_top.dac_jesd_phy_gt_gtwizard_gthe4_inst/gen_gtwizard_gthe4.gen_pwrgood_delay_inst[5].delay_powergood_inst/gen_powergood_delay.intclk_rrst_n_r_reg[4]/C
                               DACs/DAC_JESD_PHY/inst/jesd204_phy_block_i/dac_jesd_phy_gt_i/inst/gen_gtwizard_gthe4_top.dac_jesd_phy_gt_gtwizard_gthe4_inst/gen_gtwizard_gthe4.gen_pwrgood_delay_inst[5].delay_powergood_inst/gen_powergood_delay.wait_cnt_reg[0]/CE
                                                              1.908         
DACs/DAC_JESD_PHY/inst/jesd204_phy_block_i/dac_jesd_phy_gt_i/inst/gen_gtwizard_gthe4_top.dac_jesd_phy_gt_gtwizard_gthe4_inst/gen_gtwizard_gthe4.gen_pwrgood_delay_inst[1].delay_powergood_inst/gen_powergood_delay.intclk_rrst_n_r_reg[1]/C
                               DACs/DAC_JESD_PHY/inst/jesd204_phy_block_i/dac_jesd_phy_gt_i/inst/gen_gtwizard_gthe4_top.dac_jesd_phy_gt_gtwizard_gthe4_inst/gen_gtwizard_gthe4.gen_pwrgood_delay_inst[1].delay_powergood_inst/gen_powergood_delay.intclk_rrst_n_r_reg[2]/D
                                                              1.910         
DACs/DAC_JESD_PHY/inst/jesd204_phy_block_i/dac_jesd_phy_gt_i/inst/gen_gtwizard_gthe4_top.dac_jesd_phy_gt_gtwizard_gthe4_inst/gen_gtwizard_gthe4.gen_pwrgood_delay_inst[1].delay_powergood_inst/gen_powergood_delay.wait_cnt_reg[5]/C
                               DACs/DAC_JESD_PHY/inst/jesd204_phy_block_i/dac_jesd_phy_gt_i/inst/gen_gtwizard_gthe4_top.dac_jesd_phy_gt_gtwizard_gthe4_inst/gen_gtwizard_gthe4.gen_pwrgood_delay_inst[1].delay_powergood_inst/gen_powergood_delay.wait_cnt_reg[6]/D
                                                              1.931         
DACs/DAC_JESD_PHY/inst/jesd204_phy_block_i/dac_jesd_phy_gt_i/inst/gen_gtwizard_gthe4_top.dac_jesd_phy_gt_gtwizard_gthe4_inst/gen_gtwizard_gthe4.gen_pwrgood_delay_inst[7].delay_powergood_inst/gen_powergood_delay.wait_cnt_reg[1]/C
                               DACs/DAC_JESD_PHY/inst/jesd204_phy_block_i/dac_jesd_phy_gt_i/inst/gen_gtwizard_gthe4_top.dac_jesd_phy_gt_gtwizard_gthe4_inst/gen_gtwizard_gthe4.gen_pwrgood_delay_inst[7].delay_powergood_inst/gen_powergood_delay.wait_cnt_reg[2]/D
                                                              1.992         
DACs/DAC_JESD_PHY/inst/jesd204_phy_block_i/dac_jesd_phy_gt_i/inst/gen_gtwizard_gthe4_top.dac_jesd_phy_gt_gtwizard_gthe4_inst/gen_gtwizard_gthe4.gen_pwrgood_delay_inst[1].delay_powergood_inst/gen_powergood_delay.int_pwr_on_fsm_reg/C
                               DACs/DAC_JESD_PHY/inst/jesd204_phy_block_i/dac_jesd_phy_gt_i/inst/gen_gtwizard_gthe4_top.dac_jesd_phy_gt_gtwizard_gthe4_inst/gen_gtwizard_gthe4.gen_pwrgood_delay_inst[1].delay_powergood_inst/gen_powergood_delay.wait_cnt_reg[5]/CE
                                                              1.992         
DACs/DAC_JESD_PHY/inst/jesd204_phy_block_i/dac_jesd_phy_gt_i/inst/gen_gtwizard_gthe4_top.dac_jesd_phy_gt_gtwizard_gthe4_inst/gen_gtwizard_gthe4.gen_pwrgood_delay_inst[1].delay_powergood_inst/gen_powergood_delay.int_pwr_on_fsm_reg/C
                               DACs/DAC_JESD_PHY/inst/jesd204_phy_block_i/dac_jesd_phy_gt_i/inst/gen_gtwizard_gthe4_top.dac_jesd_phy_gt_gtwizard_gthe4_inst/gen_gtwizard_gthe4.gen_pwrgood_delay_inst[1].delay_powergood_inst/gen_powergood_delay.wait_cnt_reg[6]/CE
                                                              1.992         
DACs/DAC_JESD_PHY/inst/jesd204_phy_block_i/dac_jesd_phy_gt_i/inst/gen_gtwizard_gthe4_top.dac_jesd_phy_gt_gtwizard_gthe4_inst/gen_gtwizard_gthe4.gen_pwrgood_delay_inst[1].delay_powergood_inst/gen_powergood_delay.int_pwr_on_fsm_reg/C
                               DACs/DAC_JESD_PHY/inst/jesd204_phy_block_i/dac_jesd_phy_gt_i/inst/gen_gtwizard_gthe4_top.dac_jesd_phy_gt_gtwizard_gthe4_inst/gen_gtwizard_gthe4.gen_pwrgood_delay_inst[1].delay_powergood_inst/gen_powergood_delay.wait_cnt_reg[7]/CE
                                                              1.992         
DACs/DAC_JESD_PHY/inst/jesd204_phy_block_i/dac_jesd_phy_gt_i/inst/gen_gtwizard_gthe4_top.dac_jesd_phy_gt_gtwizard_gthe4_inst/gen_gtwizard_gthe4.gen_pwrgood_delay_inst[1].delay_powergood_inst/gen_powergood_delay.int_pwr_on_fsm_reg/C
                               DACs/DAC_JESD_PHY/inst/jesd204_phy_block_i/dac_jesd_phy_gt_i/inst/gen_gtwizard_gthe4_top.dac_jesd_phy_gt_gtwizard_gthe4_inst/gen_gtwizard_gthe4.gen_pwrgood_delay_inst[1].delay_powergood_inst/gen_powergood_delay.wait_cnt_reg[1]/CE
                                                              1.998         
DACs/DAC_JESD_PHY/inst/jesd204_phy_block_i/dac_jesd_phy_gt_i/inst/gen_gtwizard_gthe4_top.dac_jesd_phy_gt_gtwizard_gthe4_inst/gen_gtwizard_gthe4.gen_pwrgood_delay_inst[1].delay_powergood_inst/gen_powergood_delay.int_pwr_on_fsm_reg/C
                               DACs/DAC_JESD_PHY/inst/jesd204_phy_block_i/dac_jesd_phy_gt_i/inst/gen_gtwizard_gthe4_top.dac_jesd_phy_gt_gtwizard_gthe4_inst/gen_gtwizard_gthe4.gen_pwrgood_delay_inst[1].delay_powergood_inst/gen_powergood_delay.wait_cnt_reg[2]/CE
                                                              1.998         
DACs/DAC_JESD_PHY/inst/jesd204_phy_block_i/dac_jesd_phy_gt_i/inst/gen_gtwizard_gthe4_top.dac_jesd_phy_gt_gtwizard_gthe4_inst/gen_gtwizard_gthe4.gen_pwrgood_delay_inst[1].delay_powergood_inst/gen_powergood_delay.int_pwr_on_fsm_reg/C
                               DACs/DAC_JESD_PHY/inst/jesd204_phy_block_i/dac_jesd_phy_gt_i/inst/gen_gtwizard_gthe4_top.dac_jesd_phy_gt_gtwizard_gthe4_inst/gen_gtwizard_gthe4.gen_pwrgood_delay_inst[1].delay_powergood_inst/gen_powergood_delay.wait_cnt_reg[3]/CE
                                                              1.998         
DACs/DAC_JESD_PHY/inst/jesd204_phy_block_i/dac_jesd_phy_gt_i/inst/gen_gtwizard_gthe4_top.dac_jesd_phy_gt_gtwizard_gthe4_inst/gen_gtwizard_gthe4.gen_pwrgood_delay_inst[1].delay_powergood_inst/gen_powergood_delay.int_pwr_on_fsm_reg/C
                               DACs/DAC_JESD_PHY/inst/jesd204_phy_block_i/dac_jesd_phy_gt_i/inst/gen_gtwizard_gthe4_top.dac_jesd_phy_gt_gtwizard_gthe4_inst/gen_gtwizard_gthe4.gen_pwrgood_delay_inst[1].delay_powergood_inst/gen_powergood_delay.wait_cnt_reg[4]/CE
                                                              1.998         
HIGH_SPEED_ADC/HADC_BANK_65/inst/top_inst/clk_rst_top_inst/rst_scheme_inst/sync_cell_start_fab_cntr_pll0_inst/sync_flop_1_reg[0]/C
                               HIGH_SPEED_ADC/HADC_BANK_65/inst/top_inst/clk_rst_top_inst/rst_scheme_inst/pll0_fab_clk_cntr_reg[0]/R
                                                              2.001         
HIGH_SPEED_ADC/HADC_BANK_65/inst/top_inst/clk_rst_top_inst/rst_scheme_inst/sync_cell_start_fab_cntr_pll0_inst/sync_flop_1_reg[0]/C
                               HIGH_SPEED_ADC/HADC_BANK_65/inst/top_inst/clk_rst_top_inst/rst_scheme_inst/pll0_fab_clk_cntr_reg[1]/R
                                                              2.001         
HIGH_SPEED_ADC/HADC_BANK_66/inst/top_inst/clk_rst_top_inst/rst_scheme_inst/pll0_fab_clk_cntr_reg[4]/C
                               HIGH_SPEED_ADC/HADC_BANK_66/inst/top_inst/clk_rst_top_inst/rst_scheme_inst/pll0_fab_clk_cntr_reg[0]/R
                                                              2.035         
HIGH_SPEED_ADC/HADC_BANK_66/inst/top_inst/clk_rst_top_inst/rst_scheme_inst/pll0_fab_clk_cntr_reg[4]/C
                               HIGH_SPEED_ADC/HADC_BANK_66/inst/top_inst/clk_rst_top_inst/rst_scheme_inst/pll0_fab_clk_cntr_reg[1]/R
                                                              2.035         
HIGH_SPEED_ADC/HADC_BANK_66/inst/top_inst/clk_rst_top_inst/rst_scheme_inst/pll0_fab_clk_cntr_reg[4]/C
                               HIGH_SPEED_ADC/HADC_BANK_66/inst/top_inst/clk_rst_top_inst/rst_scheme_inst/pll0_fab_clk_cntr_reg[2]/R
                                                              2.035         
HIGH_SPEED_ADC/HADC_BANK_66/inst/top_inst/clk_rst_top_inst/rst_scheme_inst/pll0_fab_clk_cntr_reg[4]/C
                               HIGH_SPEED_ADC/HADC_BANK_66/inst/top_inst/clk_rst_top_inst/rst_scheme_inst/pll0_fab_clk_cntr_reg[3]/R
                                                              2.035         
HIGH_SPEED_ADC/HADC_BANK_66/inst/top_inst/clk_rst_top_inst/rst_scheme_inst/pll0_fab_clk_cntr_reg[4]/C
                               HIGH_SPEED_ADC/HADC_BANK_66/inst/top_inst/clk_rst_top_inst/rst_scheme_inst/pll0_fab_clk_cntr_reg[4]/R
                                                              2.058         
HIGH_SPEED_ADC/HADC_BANK_66/inst/top_inst/clk_rst_top_inst/rst_scheme_inst/pll0_fab_clk_cntr_reg[4]/C
                               HIGH_SPEED_ADC/HADC_BANK_66/inst/top_inst/clk_rst_top_inst/rst_scheme_inst/pll0_fab_clk_cntr_reg[5]/R
                                                              2.058         
HIGH_SPEED_ADC/HADC_BANK_66/inst/top_inst/clk_rst_top_inst/rst_scheme_inst/pll0_fab_clk_cntr_reg[4]/C
                               HIGH_SPEED_ADC/HADC_BANK_66/inst/top_inst/clk_rst_top_inst/rst_scheme_inst/pll0_fab_clk_cntr_reg[6]/R
                                                              2.058         
DACs/DAC_JESD_PHY/inst/jesd204_phy_block_i/dac_jesd_phy_gt_i/inst/gen_gtwizard_gthe4_top.dac_jesd_phy_gt_gtwizard_gthe4_inst/gen_gtwizard_gthe4.gen_pwrgood_delay_inst[4].delay_powergood_inst/gen_powergood_delay.intclk_rrst_n_r_reg[1]/C
                               DACs/DAC_JESD_PHY/inst/jesd204_phy_block_i/dac_jesd_phy_gt_i/inst/gen_gtwizard_gthe4_top.dac_jesd_phy_gt_gtwizard_gthe4_inst/gen_gtwizard_gthe4.gen_pwrgood_delay_inst[4].delay_powergood_inst/gen_powergood_delay.intclk_rrst_n_r_reg[2]/D
                                                              2.105         
DACs/DAC_JESD_PHY/inst/jesd204_phy_block_i/dac_jesd_phy_gt_i/inst/gen_gtwizard_gthe4_top.dac_jesd_phy_gt_gtwizard_gthe4_inst/gen_gtwizard_gthe4.gen_pwrgood_delay_inst[1].delay_powergood_inst/gen_powergood_delay.int_pwr_on_fsm_reg/C
                               DACs/DAC_JESD_PHY/inst/jesd204_phy_block_i/dac_jesd_phy_gt_i/inst/gen_gtwizard_gthe4_top.dac_jesd_phy_gt_gtwizard_gthe4_inst/gen_gtwizard_gthe4.gen_pwrgood_delay_inst[1].delay_powergood_inst/gen_powergood_delay.intclk_rrst_n_r_reg[4]/CE
                                                              2.110         
DACs/DAC_JESD_PHY/inst/jesd204_phy_block_i/dac_jesd_phy_gt_i/inst/gen_gtwizard_gthe4_top.dac_jesd_phy_gt_gtwizard_gthe4_inst/gen_gtwizard_gthe4.gen_pwrgood_delay_inst[1].delay_powergood_inst/gen_powergood_delay.int_pwr_on_fsm_reg/C
                               DACs/DAC_JESD_PHY/inst/jesd204_phy_block_i/dac_jesd_phy_gt_i/inst/gen_gtwizard_gthe4_top.dac_jesd_phy_gt_gtwizard_gthe4_inst/gen_gtwizard_gthe4.gen_pwrgood_delay_inst[1].delay_powergood_inst/gen_powergood_delay.intclk_rrst_n_r_reg[0]/CE
                                                              2.112         
DACs/DAC_JESD_PHY/inst/jesd204_phy_block_i/dac_jesd_phy_gt_i/inst/gen_gtwizard_gthe4_top.dac_jesd_phy_gt_gtwizard_gthe4_inst/gen_gtwizard_gthe4.gen_pwrgood_delay_inst[1].delay_powergood_inst/gen_powergood_delay.int_pwr_on_fsm_reg/C
                               DACs/DAC_JESD_PHY/inst/jesd204_phy_block_i/dac_jesd_phy_gt_i/inst/gen_gtwizard_gthe4_top.dac_jesd_phy_gt_gtwizard_gthe4_inst/gen_gtwizard_gthe4.gen_pwrgood_delay_inst[1].delay_powergood_inst/gen_powergood_delay.intclk_rrst_n_r_reg[1]/CE
                                                              2.112         
DACs/DAC_JESD_PHY/inst/jesd204_phy_block_i/dac_jesd_phy_gt_i/inst/gen_gtwizard_gthe4_top.dac_jesd_phy_gt_gtwizard_gthe4_inst/gen_gtwizard_gthe4.gen_pwrgood_delay_inst[1].delay_powergood_inst/gen_powergood_delay.int_pwr_on_fsm_reg/C
                               DACs/DAC_JESD_PHY/inst/jesd204_phy_block_i/dac_jesd_phy_gt_i/inst/gen_gtwizard_gthe4_top.dac_jesd_phy_gt_gtwizard_gthe4_inst/gen_gtwizard_gthe4.gen_pwrgood_delay_inst[1].delay_powergood_inst/gen_powergood_delay.intclk_rrst_n_r_reg[2]/CE
                                                              2.112         
DACs/DAC_JESD_PHY/inst/jesd204_phy_block_i/dac_jesd_phy_gt_i/inst/gen_gtwizard_gthe4_top.dac_jesd_phy_gt_gtwizard_gthe4_inst/gen_gtwizard_gthe4.gen_pwrgood_delay_inst[1].delay_powergood_inst/gen_powergood_delay.int_pwr_on_fsm_reg/C
                               DACs/DAC_JESD_PHY/inst/jesd204_phy_block_i/dac_jesd_phy_gt_i/inst/gen_gtwizard_gthe4_top.dac_jesd_phy_gt_gtwizard_gthe4_inst/gen_gtwizard_gthe4.gen_pwrgood_delay_inst[1].delay_powergood_inst/gen_powergood_delay.intclk_rrst_n_r_reg[3]/CE
                                                              2.112         
DACs/DAC_JESD_PHY/inst/jesd204_phy_block_i/dac_jesd_phy_gt_i/inst/gen_gtwizard_gthe4_top.dac_jesd_phy_gt_gtwizard_gthe4_inst/gen_gtwizard_gthe4.gen_pwrgood_delay_inst[2].delay_powergood_inst/gen_powergood_delay.int_pwr_on_fsm_reg/C
                               DACs/DAC_JESD_PHY/inst/jesd204_phy_block_i/dac_jesd_phy_gt_i/inst/gen_gtwizard_gthe4_top.dac_jesd_phy_gt_gtwizard_gthe4_inst/gen_gtwizard_gthe4.gen_pwrgood_delay_inst[2].delay_powergood_inst/gen_powergood_delay.wait_cnt_reg[5]/CE
                                                              2.121         
DACs/DAC_JESD_PHY/inst/jesd204_phy_block_i/dac_jesd_phy_gt_i/inst/gen_gtwizard_gthe4_top.dac_jesd_phy_gt_gtwizard_gthe4_inst/gen_gtwizard_gthe4.gen_pwrgood_delay_inst[2].delay_powergood_inst/gen_powergood_delay.int_pwr_on_fsm_reg/C
                               DACs/DAC_JESD_PHY/inst/jesd204_phy_block_i/dac_jesd_phy_gt_i/inst/gen_gtwizard_gthe4_top.dac_jesd_phy_gt_gtwizard_gthe4_inst/gen_gtwizard_gthe4.gen_pwrgood_delay_inst[2].delay_powergood_inst/gen_powergood_delay.wait_cnt_reg[6]/CE
                                                              2.121         
DACs/DAC_JESD_PHY/inst/jesd204_phy_block_i/dac_jesd_phy_gt_i/inst/gen_gtwizard_gthe4_top.dac_jesd_phy_gt_gtwizard_gthe4_inst/gen_gtwizard_gthe4.gen_pwrgood_delay_inst[2].delay_powergood_inst/gen_powergood_delay.int_pwr_on_fsm_reg/C
                               DACs/DAC_JESD_PHY/inst/jesd204_phy_block_i/dac_jesd_phy_gt_i/inst/gen_gtwizard_gthe4_top.dac_jesd_phy_gt_gtwizard_gthe4_inst/gen_gtwizard_gthe4.gen_pwrgood_delay_inst[2].delay_powergood_inst/gen_powergood_delay.wait_cnt_reg[7]/CE
                                                              2.121         
DACs/DAC_JESD_PHY/inst/jesd204_phy_block_i/dac_jesd_phy_gt_i/inst/gen_gtwizard_gthe4_top.dac_jesd_phy_gt_gtwizard_gthe4_inst/gen_gtwizard_gthe4.gen_pwrgood_delay_inst[2].delay_powergood_inst/gen_powergood_delay.int_pwr_on_fsm_reg/C
                               DACs/DAC_JESD_PHY/inst/jesd204_phy_block_i/dac_jesd_phy_gt_i/inst/gen_gtwizard_gthe4_top.dac_jesd_phy_gt_gtwizard_gthe4_inst/gen_gtwizard_gthe4.gen_pwrgood_delay_inst[2].delay_powergood_inst/gen_powergood_delay.wait_cnt_reg[1]/CE
                                                              2.123         
DACs/DAC_JESD_PHY/inst/jesd204_phy_block_i/dac_jesd_phy_gt_i/inst/gen_gtwizard_gthe4_top.dac_jesd_phy_gt_gtwizard_gthe4_inst/gen_gtwizard_gthe4.gen_pwrgood_delay_inst[2].delay_powergood_inst/gen_powergood_delay.int_pwr_on_fsm_reg/C
                               DACs/DAC_JESD_PHY/inst/jesd204_phy_block_i/dac_jesd_phy_gt_i/inst/gen_gtwizard_gthe4_top.dac_jesd_phy_gt_gtwizard_gthe4_inst/gen_gtwizard_gthe4.gen_pwrgood_delay_inst[2].delay_powergood_inst/gen_powergood_delay.wait_cnt_reg[2]/CE
                                                              2.123         
DACs/DAC_JESD_PHY/inst/jesd204_phy_block_i/dac_jesd_phy_gt_i/inst/gen_gtwizard_gthe4_top.dac_jesd_phy_gt_gtwizard_gthe4_inst/gen_gtwizard_gthe4.gen_pwrgood_delay_inst[2].delay_powergood_inst/gen_powergood_delay.int_pwr_on_fsm_reg/C
                               DACs/DAC_JESD_PHY/inst/jesd204_phy_block_i/dac_jesd_phy_gt_i/inst/gen_gtwizard_gthe4_top.dac_jesd_phy_gt_gtwizard_gthe4_inst/gen_gtwizard_gthe4.gen_pwrgood_delay_inst[2].delay_powergood_inst/gen_powergood_delay.wait_cnt_reg[3]/CE
                                                              2.123         
DACs/DAC_JESD_PHY/inst/jesd204_phy_block_i/dac_jesd_phy_gt_i/inst/gen_gtwizard_gthe4_top.dac_jesd_phy_gt_gtwizard_gthe4_inst/gen_gtwizard_gthe4.gen_pwrgood_delay_inst[2].delay_powergood_inst/gen_powergood_delay.int_pwr_on_fsm_reg/C
                               DACs/DAC_JESD_PHY/inst/jesd204_phy_block_i/dac_jesd_phy_gt_i/inst/gen_gtwizard_gthe4_top.dac_jesd_phy_gt_gtwizard_gthe4_inst/gen_gtwizard_gthe4.gen_pwrgood_delay_inst[2].delay_powergood_inst/gen_powergood_delay.wait_cnt_reg[4]/CE
                                                              2.123         
DACs/DAC_JESD_PHY/inst/jesd204_phy_block_i/dac_jesd_phy_gt_i/inst/gen_gtwizard_gthe4_top.dac_jesd_phy_gt_gtwizard_gthe4_inst/gen_gtwizard_gthe4.gen_pwrgood_delay_inst[2].delay_powergood_inst/gen_powergood_delay.int_pwr_on_fsm_reg/C
                               DACs/DAC_JESD_PHY/inst/jesd204_phy_block_i/dac_jesd_phy_gt_i/inst/gen_gtwizard_gthe4_top.dac_jesd_phy_gt_gtwizard_gthe4_inst/gen_gtwizard_gthe4.gen_pwrgood_delay_inst[2].delay_powergood_inst/gen_powergood_delay.wait_cnt_reg[0]/CE
                                                              2.163         
DACs/DAC_JESD_PHY/inst/jesd204_phy_block_i/dac_jesd_phy_gt_i/inst/gen_gtwizard_gthe4_top.dac_jesd_phy_gt_gtwizard_gthe4_inst/gen_gtwizard_gthe4.gen_pwrgood_delay_inst[1].delay_powergood_inst/gen_powergood_delay.intclk_rrst_n_r_reg[4]/C
                               DACs/DAC_JESD_PHY/inst/jesd204_phy_block_i/dac_jesd_phy_gt_i/inst/gen_gtwizard_gthe4_top.dac_jesd_phy_gt_gtwizard_gthe4_inst/gen_gtwizard_gthe4.gen_pwrgood_delay_inst[1].delay_powergood_inst/gen_powergood_delay.wait_cnt_reg[1]/R
                                                              2.189         
DACs/DAC_JESD_PHY/inst/jesd204_phy_block_i/dac_jesd_phy_gt_i/inst/gen_gtwizard_gthe4_top.dac_jesd_phy_gt_gtwizard_gthe4_inst/gen_gtwizard_gthe4.gen_pwrgood_delay_inst[1].delay_powergood_inst/gen_powergood_delay.intclk_rrst_n_r_reg[4]/C
                               DACs/DAC_JESD_PHY/inst/jesd204_phy_block_i/dac_jesd_phy_gt_i/inst/gen_gtwizard_gthe4_top.dac_jesd_phy_gt_gtwizard_gthe4_inst/gen_gtwizard_gthe4.gen_pwrgood_delay_inst[1].delay_powergood_inst/gen_powergood_delay.wait_cnt_reg[2]/R
                                                              2.189         
DACs/DAC_JESD_PHY/inst/jesd204_phy_block_i/dac_jesd_phy_gt_i/inst/gen_gtwizard_gthe4_top.dac_jesd_phy_gt_gtwizard_gthe4_inst/gen_gtwizard_gthe4.gen_pwrgood_delay_inst[1].delay_powergood_inst/gen_powergood_delay.intclk_rrst_n_r_reg[4]/C
                               DACs/DAC_JESD_PHY/inst/jesd204_phy_block_i/dac_jesd_phy_gt_i/inst/gen_gtwizard_gthe4_top.dac_jesd_phy_gt_gtwizard_gthe4_inst/gen_gtwizard_gthe4.gen_pwrgood_delay_inst[1].delay_powergood_inst/gen_powergood_delay.wait_cnt_reg[3]/R
                                                              2.189         
DACs/DAC_JESD_PHY/inst/jesd204_phy_block_i/dac_jesd_phy_gt_i/inst/gen_gtwizard_gthe4_top.dac_jesd_phy_gt_gtwizard_gthe4_inst/gen_gtwizard_gthe4.gen_pwrgood_delay_inst[1].delay_powergood_inst/gen_powergood_delay.intclk_rrst_n_r_reg[4]/C
                               DACs/DAC_JESD_PHY/inst/jesd204_phy_block_i/dac_jesd_phy_gt_i/inst/gen_gtwizard_gthe4_top.dac_jesd_phy_gt_gtwizard_gthe4_inst/gen_gtwizard_gthe4.gen_pwrgood_delay_inst[1].delay_powergood_inst/gen_powergood_delay.wait_cnt_reg[4]/R
                                                              2.189         
DACs/DAC_JESD_PHY/inst/jesd204_phy_block_i/dac_jesd_phy_gt_i/inst/gen_gtwizard_gthe4_top.dac_jesd_phy_gt_gtwizard_gthe4_inst/gen_gtwizard_gthe4.gen_pwrgood_delay_inst[1].delay_powergood_inst/gen_powergood_delay.intclk_rrst_n_r_reg[4]/C
                               DACs/DAC_JESD_PHY/inst/jesd204_phy_block_i/dac_jesd_phy_gt_i/inst/gen_gtwizard_gthe4_top.dac_jesd_phy_gt_gtwizard_gthe4_inst/gen_gtwizard_gthe4.gen_pwrgood_delay_inst[1].delay_powergood_inst/gen_powergood_delay.wait_cnt_reg[5]/R
                                                              2.192         
DACs/DAC_JESD_PHY/inst/jesd204_phy_block_i/dac_jesd_phy_gt_i/inst/gen_gtwizard_gthe4_top.dac_jesd_phy_gt_gtwizard_gthe4_inst/gen_gtwizard_gthe4.gen_pwrgood_delay_inst[1].delay_powergood_inst/gen_powergood_delay.intclk_rrst_n_r_reg[4]/C
                               DACs/DAC_JESD_PHY/inst/jesd204_phy_block_i/dac_jesd_phy_gt_i/inst/gen_gtwizard_gthe4_top.dac_jesd_phy_gt_gtwizard_gthe4_inst/gen_gtwizard_gthe4.gen_pwrgood_delay_inst[1].delay_powergood_inst/gen_powergood_delay.wait_cnt_reg[6]/R
                                                              2.192         
DACs/DAC_JESD_PHY/inst/jesd204_phy_block_i/dac_jesd_phy_gt_i/inst/gen_gtwizard_gthe4_top.dac_jesd_phy_gt_gtwizard_gthe4_inst/gen_gtwizard_gthe4.gen_pwrgood_delay_inst[1].delay_powergood_inst/gen_powergood_delay.intclk_rrst_n_r_reg[4]/C
                               DACs/DAC_JESD_PHY/inst/jesd204_phy_block_i/dac_jesd_phy_gt_i/inst/gen_gtwizard_gthe4_top.dac_jesd_phy_gt_gtwizard_gthe4_inst/gen_gtwizard_gthe4.gen_pwrgood_delay_inst[1].delay_powergood_inst/gen_powergood_delay.wait_cnt_reg[7]/R
                                                              2.192         
DACs/DAC_JESD_PHY/inst/jesd204_phy_block_i/dac_jesd_phy_gt_i/inst/gen_gtwizard_gthe4_top.dac_jesd_phy_gt_gtwizard_gthe4_inst/gen_gtwizard_gthe4.gen_pwrgood_delay_inst[0].delay_powergood_inst/gen_powergood_delay.intclk_rrst_n_r_reg[4]/C
                               DACs/DAC_JESD_PHY/inst/jesd204_phy_block_i/dac_jesd_phy_gt_i/inst/gen_gtwizard_gthe4_top.dac_jesd_phy_gt_gtwizard_gthe4_inst/gen_gtwizard_gthe4.gen_pwrgood_delay_inst[0].delay_powergood_inst/gen_powergood_delay.wait_cnt_reg[1]/R
                                                              2.250         
DACs/DAC_JESD_PHY/inst/jesd204_phy_block_i/dac_jesd_phy_gt_i/inst/gen_gtwizard_gthe4_top.dac_jesd_phy_gt_gtwizard_gthe4_inst/gen_gtwizard_gthe4.gen_pwrgood_delay_inst[0].delay_powergood_inst/gen_powergood_delay.intclk_rrst_n_r_reg[4]/C
                               DACs/DAC_JESD_PHY/inst/jesd204_phy_block_i/dac_jesd_phy_gt_i/inst/gen_gtwizard_gthe4_top.dac_jesd_phy_gt_gtwizard_gthe4_inst/gen_gtwizard_gthe4.gen_pwrgood_delay_inst[0].delay_powergood_inst/gen_powergood_delay.wait_cnt_reg[2]/R
                                                              2.250         
DACs/DAC_JESD_PHY/inst/jesd204_phy_block_i/dac_jesd_phy_gt_i/inst/gen_gtwizard_gthe4_top.dac_jesd_phy_gt_gtwizard_gthe4_inst/gen_gtwizard_gthe4.gen_pwrgood_delay_inst[0].delay_powergood_inst/gen_powergood_delay.intclk_rrst_n_r_reg[4]/C
                               DACs/DAC_JESD_PHY/inst/jesd204_phy_block_i/dac_jesd_phy_gt_i/inst/gen_gtwizard_gthe4_top.dac_jesd_phy_gt_gtwizard_gthe4_inst/gen_gtwizard_gthe4.gen_pwrgood_delay_inst[0].delay_powergood_inst/gen_powergood_delay.wait_cnt_reg[3]/R
                                                              2.250         
DACs/DAC_JESD_PHY/inst/jesd204_phy_block_i/dac_jesd_phy_gt_i/inst/gen_gtwizard_gthe4_top.dac_jesd_phy_gt_gtwizard_gthe4_inst/gen_gtwizard_gthe4.gen_pwrgood_delay_inst[0].delay_powergood_inst/gen_powergood_delay.intclk_rrst_n_r_reg[4]/C
                               DACs/DAC_JESD_PHY/inst/jesd204_phy_block_i/dac_jesd_phy_gt_i/inst/gen_gtwizard_gthe4_top.dac_jesd_phy_gt_gtwizard_gthe4_inst/gen_gtwizard_gthe4.gen_pwrgood_delay_inst[0].delay_powergood_inst/gen_powergood_delay.wait_cnt_reg[4]/R
                                                              2.250         
DACs/DAC_JESD_PHY/inst/jesd204_phy_block_i/dac_jesd_phy_gt_i/inst/gen_gtwizard_gthe4_top.dac_jesd_phy_gt_gtwizard_gthe4_inst/gen_gtwizard_gthe4.gen_pwrgood_delay_inst[0].delay_powergood_inst/gen_powergood_delay.intclk_rrst_n_r_reg[4]/C
                               DACs/DAC_JESD_PHY/inst/jesd204_phy_block_i/dac_jesd_phy_gt_i/inst/gen_gtwizard_gthe4_top.dac_jesd_phy_gt_gtwizard_gthe4_inst/gen_gtwizard_gthe4.gen_pwrgood_delay_inst[0].delay_powergood_inst/gen_powergood_delay.wait_cnt_reg[5]/R
                                                              2.253         
DACs/DAC_JESD_PHY/inst/jesd204_phy_block_i/dac_jesd_phy_gt_i/inst/gen_gtwizard_gthe4_top.dac_jesd_phy_gt_gtwizard_gthe4_inst/gen_gtwizard_gthe4.gen_pwrgood_delay_inst[0].delay_powergood_inst/gen_powergood_delay.intclk_rrst_n_r_reg[4]/C
                               DACs/DAC_JESD_PHY/inst/jesd204_phy_block_i/dac_jesd_phy_gt_i/inst/gen_gtwizard_gthe4_top.dac_jesd_phy_gt_gtwizard_gthe4_inst/gen_gtwizard_gthe4.gen_pwrgood_delay_inst[0].delay_powergood_inst/gen_powergood_delay.wait_cnt_reg[6]/R
                                                              2.253         
DACs/DAC_JESD_PHY/inst/jesd204_phy_block_i/dac_jesd_phy_gt_i/inst/gen_gtwizard_gthe4_top.dac_jesd_phy_gt_gtwizard_gthe4_inst/gen_gtwizard_gthe4.gen_pwrgood_delay_inst[0].delay_powergood_inst/gen_powergood_delay.intclk_rrst_n_r_reg[4]/C
                               DACs/DAC_JESD_PHY/inst/jesd204_phy_block_i/dac_jesd_phy_gt_i/inst/gen_gtwizard_gthe4_top.dac_jesd_phy_gt_gtwizard_gthe4_inst/gen_gtwizard_gthe4.gen_pwrgood_delay_inst[0].delay_powergood_inst/gen_powergood_delay.wait_cnt_reg[7]/R
                                                              2.253         
DACs/DAC_JESD_PHY/inst/jesd204_phy_block_i/dac_jesd_phy_gt_i/inst/gen_gtwizard_gthe4_top.dac_jesd_phy_gt_gtwizard_gthe4_inst/gen_gtwizard_gthe4.gen_pwrgood_delay_inst[2].delay_powergood_inst/gen_powergood_delay.intclk_rrst_n_r_reg[4]/C
                               DACs/DAC_JESD_PHY/inst/jesd204_phy_block_i/dac_jesd_phy_gt_i/inst/gen_gtwizard_gthe4_top.dac_jesd_phy_gt_gtwizard_gthe4_inst/gen_gtwizard_gthe4.gen_pwrgood_delay_inst[2].delay_powergood_inst/gen_powergood_delay.wait_cnt_reg[1]/R
                                                              2.259         
DACs/DAC_JESD_PHY/inst/jesd204_phy_block_i/dac_jesd_phy_gt_i/inst/gen_gtwizard_gthe4_top.dac_jesd_phy_gt_gtwizard_gthe4_inst/gen_gtwizard_gthe4.gen_pwrgood_delay_inst[2].delay_powergood_inst/gen_powergood_delay.intclk_rrst_n_r_reg[4]/C
                               DACs/DAC_JESD_PHY/inst/jesd204_phy_block_i/dac_jesd_phy_gt_i/inst/gen_gtwizard_gthe4_top.dac_jesd_phy_gt_gtwizard_gthe4_inst/gen_gtwizard_gthe4.gen_pwrgood_delay_inst[2].delay_powergood_inst/gen_powergood_delay.wait_cnt_reg[2]/R
                                                              2.259         
DACs/DAC_JESD_PHY/inst/jesd204_phy_block_i/dac_jesd_phy_gt_i/inst/gen_gtwizard_gthe4_top.dac_jesd_phy_gt_gtwizard_gthe4_inst/gen_gtwizard_gthe4.gen_pwrgood_delay_inst[2].delay_powergood_inst/gen_powergood_delay.intclk_rrst_n_r_reg[4]/C
                               DACs/DAC_JESD_PHY/inst/jesd204_phy_block_i/dac_jesd_phy_gt_i/inst/gen_gtwizard_gthe4_top.dac_jesd_phy_gt_gtwizard_gthe4_inst/gen_gtwizard_gthe4.gen_pwrgood_delay_inst[2].delay_powergood_inst/gen_powergood_delay.wait_cnt_reg[3]/R
                                                              2.259         
DACs/DAC_JESD_PHY/inst/jesd204_phy_block_i/dac_jesd_phy_gt_i/inst/gen_gtwizard_gthe4_top.dac_jesd_phy_gt_gtwizard_gthe4_inst/gen_gtwizard_gthe4.gen_pwrgood_delay_inst[2].delay_powergood_inst/gen_powergood_delay.intclk_rrst_n_r_reg[4]/C
                               DACs/DAC_JESD_PHY/inst/jesd204_phy_block_i/dac_jesd_phy_gt_i/inst/gen_gtwizard_gthe4_top.dac_jesd_phy_gt_gtwizard_gthe4_inst/gen_gtwizard_gthe4.gen_pwrgood_delay_inst[2].delay_powergood_inst/gen_powergood_delay.wait_cnt_reg[4]/R
                                                              2.259         
DACs/DAC_JESD_PHY/inst/jesd204_phy_block_i/dac_jesd_phy_gt_i/inst/gen_gtwizard_gthe4_top.dac_jesd_phy_gt_gtwizard_gthe4_inst/gen_gtwizard_gthe4.gen_pwrgood_delay_inst[2].delay_powergood_inst/gen_powergood_delay.intclk_rrst_n_r_reg[4]/C
                               DACs/DAC_JESD_PHY/inst/jesd204_phy_block_i/dac_jesd_phy_gt_i/inst/gen_gtwizard_gthe4_top.dac_jesd_phy_gt_gtwizard_gthe4_inst/gen_gtwizard_gthe4.gen_pwrgood_delay_inst[2].delay_powergood_inst/gen_powergood_delay.wait_cnt_reg[5]/R
                                                              2.262         
DACs/DAC_JESD_PHY/inst/jesd204_phy_block_i/dac_jesd_phy_gt_i/inst/gen_gtwizard_gthe4_top.dac_jesd_phy_gt_gtwizard_gthe4_inst/gen_gtwizard_gthe4.gen_pwrgood_delay_inst[2].delay_powergood_inst/gen_powergood_delay.intclk_rrst_n_r_reg[4]/C
                               DACs/DAC_JESD_PHY/inst/jesd204_phy_block_i/dac_jesd_phy_gt_i/inst/gen_gtwizard_gthe4_top.dac_jesd_phy_gt_gtwizard_gthe4_inst/gen_gtwizard_gthe4.gen_pwrgood_delay_inst[2].delay_powergood_inst/gen_powergood_delay.wait_cnt_reg[6]/R
                                                              2.262         
DACs/DAC_JESD_PHY/inst/jesd204_phy_block_i/dac_jesd_phy_gt_i/inst/gen_gtwizard_gthe4_top.dac_jesd_phy_gt_gtwizard_gthe4_inst/gen_gtwizard_gthe4.gen_pwrgood_delay_inst[2].delay_powergood_inst/gen_powergood_delay.intclk_rrst_n_r_reg[4]/C
                               DACs/DAC_JESD_PHY/inst/jesd204_phy_block_i/dac_jesd_phy_gt_i/inst/gen_gtwizard_gthe4_top.dac_jesd_phy_gt_gtwizard_gthe4_inst/gen_gtwizard_gthe4.gen_pwrgood_delay_inst[2].delay_powergood_inst/gen_powergood_delay.wait_cnt_reg[7]/R
                                                              2.262         
HIGH_SPEED_ADC/HADC_BANK_66/inst/top_inst/clk_rst_top_inst/rst_scheme_inst/pll0_fab_clk_cntr_reg[2]/C
                               HIGH_SPEED_ADC/HADC_BANK_66/inst/top_inst/clk_rst_top_inst/rst_scheme_inst/pll0_fab_clk_cntr_reg[6]/D
                                                              2.296         
DACs/DAC_JESD_PHY/inst/jesd204_phy_block_i/dac_jesd_phy_gt_i/inst/gen_gtwizard_gthe4_top.dac_jesd_phy_gt_gtwizard_gthe4_inst/gen_gtwizard_gthe4.gen_pwrgood_delay_inst[2].delay_powergood_inst/gen_powergood_delay.int_pwr_on_fsm_reg/C
                               DACs/DAC_JESD_PHY/inst/jesd204_phy_block_i/dac_jesd_phy_gt_i/inst/gen_gtwizard_gthe4_top.dac_jesd_phy_gt_gtwizard_gthe4_inst/gen_gtwizard_gthe4.gen_pwrgood_delay_inst[2].delay_powergood_inst/gen_powergood_delay.intclk_rrst_n_r_reg[4]/CE
                                                              2.327         
DACs/DAC_JESD_PHY/inst/jesd204_phy_block_i/dac_jesd_phy_gt_i/inst/gen_gtwizard_gthe4_top.dac_jesd_phy_gt_gtwizard_gthe4_inst/gen_gtwizard_gthe4.gen_pwrgood_delay_inst[2].delay_powergood_inst/gen_powergood_delay.int_pwr_on_fsm_reg/C
                               DACs/DAC_JESD_PHY/inst/jesd204_phy_block_i/dac_jesd_phy_gt_i/inst/gen_gtwizard_gthe4_top.dac_jesd_phy_gt_gtwizard_gthe4_inst/gen_gtwizard_gthe4.gen_pwrgood_delay_inst[2].delay_powergood_inst/gen_powergood_delay.intclk_rrst_n_r_reg[0]/CE
                                                              2.332         
DACs/DAC_JESD_PHY/inst/jesd204_phy_block_i/dac_jesd_phy_gt_i/inst/gen_gtwizard_gthe4_top.dac_jesd_phy_gt_gtwizard_gthe4_inst/gen_gtwizard_gthe4.gen_pwrgood_delay_inst[2].delay_powergood_inst/gen_powergood_delay.int_pwr_on_fsm_reg/C
                               DACs/DAC_JESD_PHY/inst/jesd204_phy_block_i/dac_jesd_phy_gt_i/inst/gen_gtwizard_gthe4_top.dac_jesd_phy_gt_gtwizard_gthe4_inst/gen_gtwizard_gthe4.gen_pwrgood_delay_inst[2].delay_powergood_inst/gen_powergood_delay.intclk_rrst_n_r_reg[1]/CE
                                                              2.332         
DACs/DAC_JESD_PHY/inst/jesd204_phy_block_i/dac_jesd_phy_gt_i/inst/gen_gtwizard_gthe4_top.dac_jesd_phy_gt_gtwizard_gthe4_inst/gen_gtwizard_gthe4.gen_pwrgood_delay_inst[2].delay_powergood_inst/gen_powergood_delay.int_pwr_on_fsm_reg/C
                               DACs/DAC_JESD_PHY/inst/jesd204_phy_block_i/dac_jesd_phy_gt_i/inst/gen_gtwizard_gthe4_top.dac_jesd_phy_gt_gtwizard_gthe4_inst/gen_gtwizard_gthe4.gen_pwrgood_delay_inst[2].delay_powergood_inst/gen_powergood_delay.intclk_rrst_n_r_reg[2]/CE
                                                              2.332         
DACs/DAC_JESD_PHY/inst/jesd204_phy_block_i/dac_jesd_phy_gt_i/inst/gen_gtwizard_gthe4_top.dac_jesd_phy_gt_gtwizard_gthe4_inst/gen_gtwizard_gthe4.gen_pwrgood_delay_inst[2].delay_powergood_inst/gen_powergood_delay.int_pwr_on_fsm_reg/C
                               DACs/DAC_JESD_PHY/inst/jesd204_phy_block_i/dac_jesd_phy_gt_i/inst/gen_gtwizard_gthe4_top.dac_jesd_phy_gt_gtwizard_gthe4_inst/gen_gtwizard_gthe4.gen_pwrgood_delay_inst[2].delay_powergood_inst/gen_powergood_delay.intclk_rrst_n_r_reg[3]/CE
                                                              2.332         
HIGH_SPEED_ADC/HADC_BANK_65/inst/top_inst/clk_rst_top_inst/rst_scheme_inst/pll0_fab_clk_cntr_reg[6]/C
                               HIGH_SPEED_ADC/HADC_BANK_65/inst/top_inst/clk_rst_top_inst/rst_scheme_inst/wait_pll0_x_fab_clk_timeout_reg/D
                                                              2.358         
PROCESSOR/processor_i/AXI_INTER/s00_couplers/auto_ds/inst/gen_downsizer.gen_simple_downsizer.axi_downsizer_inst/USE_WRITE.write_addr_inst/cmd_queue/inst/fifo_gen_inst/inst_fifo_gen/gconvfifo.rf/grf.rf/gntv_or_sync_fifo.mem/goreg_dm.dout_i_reg[23]/C
                               PROCESSOR/processor_i/AXI_INTER/m01_couplers/auto_cc/inst/gen_clock_conv.gen_async_lite_conv.clock_conv_lite_fwd_w/handshake/src_hsdata_ff_reg[18]/D
                                                              2.505         
HIGH_SPEED_ADC/HADC_BANK_66/inst/top_inst/clk_rst_top_inst/rst_scheme_inst/pll0_fab_clk_cntr_reg[2]/C
                               HIGH_SPEED_ADC/HADC_BANK_66/inst/top_inst/clk_rst_top_inst/rst_scheme_inst/pll0_fab_clk_cntr_reg[4]/D
                                                              2.573         
PROCESSOR/processor_i/axi_spi_0/U0/NO_DUAL_QUAD_MODE.QSPI_NORMAL/QSPI_LEGACY_MD_GEN.QSPI_CORE_INTERFACE_I/LEGACY_MD_WR_RD_ACK_GEN.IP2Bus_WrAck_reg/C
                               PROCESSOR/processor_i/PS/U0/PS8_i/MAXIGP0WREADY
                                                              2.593         
HIGH_SPEED_ADC/HADC_BANK_66/inst/top_inst/clk_rst_top_inst/rst_scheme_inst/pll0_fab_clk_cntr_reg[1]/C
                               HIGH_SPEED_ADC/HADC_BANK_66/inst/top_inst/clk_rst_top_inst/rst_scheme_inst/pll0_fab_clk_cntr_reg[5]/D
                                                              2.596         
HIGH_SPEED_ADC/HADC_BANK_65/inst/top_inst/clk_rst_top_inst/rst_scheme_inst/pll0_fab_clk_cntr_reg[0]/C
                               HIGH_SPEED_ADC/HADC_BANK_65/inst/top_inst/clk_rst_top_inst/rst_scheme_inst/pll0_fab_clk_cntr_reg[2]/D
                                                              2.624         
HIGH_SPEED_ADC/HADC_BANK_65/inst/top_inst/clk_rst_top_inst/rst_scheme_inst/pll0_fab_clk_cntr_reg[3]/C
                               HIGH_SPEED_ADC/HADC_BANK_65/inst/top_inst/clk_rst_top_inst/rst_scheme_inst/pll0_fab_clk_cntr_reg[6]/D
                                                              2.628         
PROCESSOR/processor_i/axi_spi_0/U0/NO_DUAL_QUAD_MODE.QSPI_NORMAL/QSPI_LEGACY_MD_GEN.QSPI_CORE_INTERFACE_I/LEGACY_MD_WR_RD_ACK_GEN.IP2Bus_WrAck_reg/C
                               PROCESSOR/processor_i/AXI_INTER/s00_couplers/auto_ds/inst/gen_downsizer.gen_simple_downsizer.axi_downsizer_inst/USE_WRITE.write_addr_inst/cmd_queue/inst/fifo_gen_inst/inst_fifo_gen/gconvfifo.rf/grf.rf/gntv_or_sync_fifo.mem/goreg_dm.dout_i_reg[0]/CE
                                                              2.635         
PROCESSOR/processor_i/axi_spi_0/U0/NO_DUAL_QUAD_MODE.QSPI_NORMAL/QSPI_LEGACY_MD_GEN.QSPI_CORE_INTERFACE_I/LEGACY_MD_WR_RD_ACK_GEN.IP2Bus_WrAck_reg/C
                               PROCESSOR/processor_i/AXI_INTER/s00_couplers/auto_ds/inst/gen_downsizer.gen_simple_downsizer.axi_downsizer_inst/USE_WRITE.write_addr_inst/cmd_queue/inst/fifo_gen_inst/inst_fifo_gen/gconvfifo.rf/grf.rf/gntv_or_sync_fifo.mem/goreg_dm.dout_i_reg[2]/CE
                                                              2.635         
PROCESSOR/processor_i/axi_spi_0/U0/NO_DUAL_QUAD_MODE.QSPI_NORMAL/QSPI_LEGACY_MD_GEN.QSPI_CORE_INTERFACE_I/LEGACY_MD_WR_RD_ACK_GEN.IP2Bus_WrAck_reg/C
                               PROCESSOR/processor_i/AXI_INTER/s00_couplers/auto_ds/inst/gen_downsizer.gen_simple_downsizer.axi_downsizer_inst/USE_WRITE.write_addr_inst/cmd_queue/inst/fifo_gen_inst/inst_fifo_gen/gconvfifo.rf/grf.rf/gntv_or_sync_fifo.mem/goreg_dm.dout_i_reg[1]/CE
                                                              2.636         
HIGH_SPEED_ADC/HADC_BANK_65/inst/top_inst/clk_rst_top_inst/rst_scheme_inst/pll0_fab_clk_cntr_reg[0]/C
                               HIGH_SPEED_ADC/HADC_BANK_65/inst/top_inst/clk_rst_top_inst/rst_scheme_inst/pll0_fab_clk_cntr_reg[3]/D
                                                              2.649         
HIGH_SPEED_ADC/HADC_BANK_66/inst/top_inst/clk_rst_top_inst/rst_scheme_inst/pll0_fab_clk_cntr_reg[2]/C
                               HIGH_SPEED_ADC/HADC_BANK_66/inst/top_inst/clk_rst_top_inst/rst_scheme_inst/pll0_fab_clk_cntr_reg[2]/D
                                                              2.651         
HIGH_SPEED_ADC/HADC_BANK_65/inst/top_inst/clk_rst_top_inst/rst_scheme_inst/pll0_fab_clk_cntr_reg[0]/C
                               HIGH_SPEED_ADC/HADC_BANK_65/inst/top_inst/clk_rst_top_inst/rst_scheme_inst/pll0_fab_clk_cntr_reg[5]/D
                                                              2.664         
HIGH_SPEED_ADC/HADC_BANK_66/inst/top_inst/clk_rst_top_inst/rst_scheme_inst/pll0_fab_clk_cntr_reg[3]/C
                               HIGH_SPEED_ADC/HADC_BANK_66/inst/top_inst/clk_rst_top_inst/rst_scheme_inst/pll0_fab_clk_cntr_reg[3]/D
                                                              2.678         
PROCESSOR/processor_i/axi_spi_0/U0/NO_DUAL_QUAD_MODE.QSPI_NORMAL/QSPI_LEGACY_MD_GEN.QSPI_CORE_INTERFACE_I/LEGACY_MD_WR_RD_ACK_GEN.IP2Bus_WrAck_reg/C
                               PROCESSOR/processor_i/AXI_INTER/s00_couplers/auto_ds/inst/gen_downsizer.gen_simple_downsizer.axi_downsizer_inst/USE_WRITE.write_addr_inst/cmd_queue/inst/fifo_gen_inst/inst_fifo_gen/gconvfifo.rf/grf.rf/gntv_or_sync_fifo.mem/goreg_dm.dout_i_reg[7]/CE
                                                              2.703         
PROCESSOR/processor_i/axi_spi_0/U0/NO_DUAL_QUAD_MODE.QSPI_NORMAL/QSPI_LEGACY_MD_GEN.QSPI_CORE_INTERFACE_I/LEGACY_MD_WR_RD_ACK_GEN.IP2Bus_WrAck_reg/C
                               PROCESSOR/processor_i/AXI_INTER/s00_couplers/auto_ds/inst/gen_downsizer.gen_simple_downsizer.axi_downsizer_inst/USE_WRITE.write_addr_inst/cmd_queue/inst/fifo_gen_inst/inst_fifo_gen/gconvfifo.rf/grf.rf/gntv_or_sync_fifo.mem/goreg_dm.dout_i_reg[6]/CE
                                                              2.705         
HIGH_SPEED_ADC/HADC_BANK_65/inst/top_inst/clk_rst_top_inst/rst_scheme_inst/pll0_fab_clk_cntr_reg[3]/C
                               HIGH_SPEED_ADC/HADC_BANK_65/inst/top_inst/clk_rst_top_inst/rst_scheme_inst/pll0_fab_clk_cntr_reg[4]/D
                                                              2.718         
HIGH_SPEED_ADC/HADC_BANK_66/inst/top_inst/clk_rst_top_inst/rst_scheme_inst/sync_cell_start_fab_cntr_pll0_inst/sync_flop_0_reg[0]/C
                               HIGH_SPEED_ADC/HADC_BANK_66/inst/top_inst/clk_rst_top_inst/rst_scheme_inst/sync_cell_start_fab_cntr_pll0_inst/sync_flop_1_reg[0]/D
                                                              2.739         
HIGH_SPEED_ADC/HADC_BANK_66/inst/top_inst/clk_rst_top_inst/rst_scheme_inst/pll0_fab_clk_cntr_reg[6]/C
                               HIGH_SPEED_ADC/HADC_BANK_66/inst/top_inst/clk_rst_top_inst/rst_scheme_inst/wait_pll0_x_fab_clk_timeout_reg/D
                                                              2.747         
PROCESSOR/processor_i/AXI_INTER/s00_couplers/auto_ds/inst/gen_downsizer.gen_simple_downsizer.axi_downsizer_inst/USE_WRITE.write_addr_inst/cmd_queue/inst/fifo_gen_inst/inst_fifo_gen/gconvfifo.rf/grf.rf/gntv_or_sync_fifo.mem/goreg_dm.dout_i_reg[23]/C
                               PROCESSOR/processor_i/axi_spi_0/U0/NO_DUAL_QUAD_MODE.QSPI_NORMAL/QSPI_LEGACY_MD_GEN.QSPI_CORE_INTERFACE_I/SOFT_RESET_I/reset_trig_reg/D
                                                              2.757         
HIGH_SPEED_ADC/HADC_BANK_65/inst/top_inst/clk_rst_top_inst/rst_scheme_inst/sync_cell_start_fab_cntr_pll0_inst/sync_flop_0_reg[0]/C
                               HIGH_SPEED_ADC/HADC_BANK_65/inst/top_inst/clk_rst_top_inst/rst_scheme_inst/sync_cell_start_fab_cntr_pll0_inst/sync_flop_1_reg[0]/D
                                                              2.771         
HIGH_SPEED_ADC/HADC_BANK_66/inst/top_inst/clk_rst_top_inst/rst_scheme_inst/pll0_fab_clk_cntr_reg[1]/C
                               HIGH_SPEED_ADC/HADC_BANK_66/inst/top_inst/clk_rst_top_inst/rst_scheme_inst/pll0_fab_clk_cntr_reg[1]/D
                                                              2.791         
PROCESSOR/processor_i/axi_spi_0/U0/NO_DUAL_QUAD_MODE.QSPI_NORMAL/QSPI_LEGACY_MD_GEN.QSPI_CORE_INTERFACE_I/LEGACY_MD_WR_RD_ACK_GEN.IP2Bus_WrAck_reg/C
                               PROCESSOR/processor_i/AXI_INTER/s00_couplers/auto_ds/inst/gen_downsizer.gen_simple_downsizer.axi_downsizer_inst/USE_WRITE.write_addr_inst/cmd_queue/inst/fifo_gen_inst/inst_fifo_gen/gconvfifo.rf/grf.rf/gntv_or_sync_fifo.mem/gdm.dm_gen.dm/gpr1.dout_i_reg[28]/CE
                                                              2.796         
HIGH_SPEED_ADC/HADC_BANK_65/inst/top_inst/clk_rst_top_inst/rst_scheme_inst/pll0_fab_clk_cntr_reg[1]/C
                               HIGH_SPEED_ADC/HADC_BANK_65/inst/top_inst/clk_rst_top_inst/rst_scheme_inst/pll0_fab_clk_cntr_reg[1]/D
                                                              2.803         
PROCESSOR/processor_i/axi_spi_0/U0/NO_DUAL_QUAD_MODE.QSPI_NORMAL/QSPI_LEGACY_MD_GEN.QSPI_CORE_INTERFACE_I/LEGACY_MD_WR_RD_ACK_GEN.IP2Bus_WrAck_reg/C
                               PROCESSOR/processor_i/AXI_INTER/s00_couplers/auto_ds/inst/gen_downsizer.gen_simple_downsizer.axi_downsizer_inst/USE_WRITE.write_addr_inst/cmd_queue/inst/fifo_gen_inst/inst_fifo_gen/gconvfifo.rf/grf.rf/gntv_or_sync_fifo.mem/goreg_dm.dout_i_reg[10]/CE
                                                              2.810         
PROCESSOR/processor_i/axi_spi_0/U0/NO_DUAL_QUAD_MODE.QSPI_NORMAL/QSPI_LEGACY_MD_GEN.QSPI_CORE_INTERFACE_I/LEGACY_MD_WR_RD_ACK_GEN.IP2Bus_WrAck_reg/C
                               PROCESSOR/processor_i/AXI_INTER/s00_couplers/auto_ds/inst/gen_downsizer.gen_simple_downsizer.axi_downsizer_inst/USE_WRITE.write_addr_inst/cmd_queue/inst/fifo_gen_inst/inst_fifo_gen/gconvfifo.rf/grf.rf/gntv_or_sync_fifo.mem/goreg_dm.dout_i_reg[12]/CE
                                                              2.810         
PROCESSOR/processor_i/axi_spi_0/U0/NO_DUAL_QUAD_MODE.QSPI_NORMAL/QSPI_LEGACY_MD_GEN.QSPI_CORE_INTERFACE_I/LEGACY_MD_WR_RD_ACK_GEN.IP2Bus_WrAck_reg/C
                               PROCESSOR/processor_i/AXI_INTER/s00_couplers/auto_ds/inst/gen_downsizer.gen_simple_downsizer.axi_downsizer_inst/USE_WRITE.write_addr_inst/cmd_queue/inst/fifo_gen_inst/inst_fifo_gen/gconvfifo.rf/grf.rf/gntv_or_sync_fifo.mem/goreg_dm.dout_i_reg[4]/CE
                                                              2.810         
PROCESSOR/processor_i/axi_spi_0/U0/NO_DUAL_QUAD_MODE.QSPI_NORMAL/QSPI_LEGACY_MD_GEN.QSPI_CORE_INTERFACE_I/LEGACY_MD_WR_RD_ACK_GEN.IP2Bus_WrAck_reg/C
                               PROCESSOR/processor_i/AXI_INTER/s00_couplers/auto_ds/inst/gen_downsizer.gen_simple_downsizer.axi_downsizer_inst/USE_WRITE.write_addr_inst/cmd_queue/inst/fifo_gen_inst/inst_fifo_gen/gconvfifo.rf/grf.rf/gntv_or_sync_fifo.mem/goreg_dm.dout_i_reg[8]/CE
                                                              2.810         
PROCESSOR/processor_i/axi_spi_0/U0/NO_DUAL_QUAD_MODE.QSPI_NORMAL/QSPI_LEGACY_MD_GEN.QSPI_CORE_INTERFACE_I/LEGACY_MD_WR_RD_ACK_GEN.IP2Bus_WrAck_reg/C
                               PROCESSOR/processor_i/AXI_INTER/s00_couplers/auto_ds/inst/gen_downsizer.gen_simple_downsizer.axi_downsizer_inst/USE_WRITE.write_addr_inst/cmd_queue/inst/fifo_gen_inst/inst_fifo_gen/gconvfifo.rf/grf.rf/gntv_or_sync_fifo.mem/goreg_dm.dout_i_reg[11]/CE
                                                              2.811         
PROCESSOR/processor_i/axi_spi_0/U0/NO_DUAL_QUAD_MODE.QSPI_NORMAL/QSPI_LEGACY_MD_GEN.QSPI_CORE_INTERFACE_I/LEGACY_MD_WR_RD_ACK_GEN.IP2Bus_WrAck_reg/C
                               PROCESSOR/processor_i/AXI_INTER/s00_couplers/auto_ds/inst/gen_downsizer.gen_simple_downsizer.axi_downsizer_inst/USE_WRITE.write_addr_inst/cmd_queue/inst/fifo_gen_inst/inst_fifo_gen/gconvfifo.rf/grf.rf/gntv_or_sync_fifo.mem/goreg_dm.dout_i_reg[13]/CE
                                                              2.811         
PROCESSOR/processor_i/axi_spi_0/U0/NO_DUAL_QUAD_MODE.QSPI_NORMAL/QSPI_LEGACY_MD_GEN.QSPI_CORE_INTERFACE_I/LEGACY_MD_WR_RD_ACK_GEN.IP2Bus_WrAck_reg/C
                               PROCESSOR/processor_i/AXI_INTER/s00_couplers/auto_ds/inst/gen_downsizer.gen_simple_downsizer.axi_downsizer_inst/USE_WRITE.write_addr_inst/cmd_queue/inst/fifo_gen_inst/inst_fifo_gen/gconvfifo.rf/grf.rf/gntv_or_sync_fifo.mem/goreg_dm.dout_i_reg[5]/CE
                                                              2.811         
PROCESSOR/processor_i/axi_spi_0/U0/NO_DUAL_QUAD_MODE.QSPI_NORMAL/QSPI_LEGACY_MD_GEN.QSPI_CORE_INTERFACE_I/LEGACY_MD_WR_RD_ACK_GEN.IP2Bus_WrAck_reg/C
                               PROCESSOR/processor_i/AXI_INTER/s00_couplers/auto_ds/inst/gen_downsizer.gen_simple_downsizer.axi_downsizer_inst/USE_WRITE.write_addr_inst/cmd_queue/inst/fifo_gen_inst/inst_fifo_gen/gconvfifo.rf/grf.rf/gntv_or_sync_fifo.mem/goreg_dm.dout_i_reg[9]/CE
                                                              2.811         
PROCESSOR/processor_i/AXI_INTER/s00_couplers/auto_ds/inst/gen_downsizer.gen_simple_downsizer.axi_downsizer_inst/USE_WRITE.write_addr_inst/cmd_queue/inst/fifo_gen_inst/inst_fifo_gen/gconvfifo.rf/grf.rf/gntv_or_sync_fifo.mem/goreg_dm.dout_i_reg[23]/C
                               REGS.MMAP/Value_reg[17][0]/D   2.814         
PROCESSOR/processor_i/AXI_INTER/s00_couplers/auto_ds/inst/gen_downsizer.gen_simple_downsizer.axi_downsizer_inst/USE_WRITE.write_addr_inst/cmd_queue/inst/fifo_gen_inst/inst_fifo_gen/gconvfifo.rf/grf.rf/gntv_or_sync_fifo.mem/goreg_dm.dout_i_reg[23]/C
                               PROCESSOR/processor_i/AXI_INTER/m01_couplers/auto_cc/inst/gen_clock_conv.gen_async_lite_conv.clock_conv_lite_fwd_w/handshake/src_hsdata_ff_reg[16]/D
                                                              2.815         
PROCESSOR/processor_i/AXI_INTER/s00_couplers/auto_ds/inst/gen_downsizer.gen_simple_downsizer.axi_downsizer_inst/USE_WRITE.write_addr_inst/cmd_queue/inst/fifo_gen_inst/inst_fifo_gen/gconvfifo.rf/grf.rf/gntv_or_sync_fifo.mem/goreg_dm.dout_i_reg[23]/C
                               REGS.MMAP/Value_reg[7][9]/D    2.822         
PROCESSOR/processor_i/AXI_INTER/s00_couplers/auto_ds/inst/gen_downsizer.gen_simple_downsizer.axi_downsizer_inst/USE_WRITE.write_addr_inst/cmd_queue/inst/fifo_gen_inst/inst_fifo_gen/gconvfifo.rf/grf.rf/gntv_or_sync_fifo.mem/goreg_dm.dout_i_reg[23]/C
                               PROCESSOR/processor_i/axi_spi_0/U0/NO_DUAL_QUAD_MODE.QSPI_NORMAL/QSPI_LEGACY_MD_GEN.QSPI_CORE_INTERFACE_I/INTERRUPT_CONTROL_I/ip_irpt_enable_reg_reg[0]/D
                                                              2.832         
HIGH_SPEED_ADC/HADC_BANK_66/inst/top_inst/clk_rst_top_inst/rst_scheme_inst/pll0_fab_clk_cntr_reg[0]/C
                               HIGH_SPEED_ADC/HADC_BANK_66/inst/top_inst/clk_rst_top_inst/rst_scheme_inst/pll0_fab_clk_cntr_reg[0]/D
                                                              2.833         
PROCESSOR/processor_i/AXI_INTER/s00_couplers/auto_ds/inst/gen_downsizer.gen_simple_downsizer.axi_downsizer_inst/USE_WRITE.write_addr_inst/cmd_queue/inst/fifo_gen_inst/inst_fifo_gen/gconvfifo.rf/grf.rf/gntv_or_sync_fifo.mem/goreg_dm.dout_i_reg[23]/C
                               PROCESSOR/processor_i/axi_spi_0/U0/NO_DUAL_QUAD_MODE.QSPI_NORMAL/QSPI_LEGACY_MD_GEN.QSPI_CORE_INTERFACE_I/STATUS_REG_MODE_0_GEN.STATUS_SLAVE_SEL_REG_I/SPISSR_WR_GEN[3].SPISSR_Data_reg_reg[3]/D
                                                              2.850         
HIGH_SPEED_ADC/HADC_BANK_65/inst/top_inst/clk_rst_top_inst/rst_scheme_inst/pll0_fab_clk_cntr_reg[0]/C
                               HIGH_SPEED_ADC/HADC_BANK_65/inst/top_inst/clk_rst_top_inst/rst_scheme_inst/pll0_fab_clk_cntr_reg[0]/D
                                                              2.862         
PROCESSOR/processor_i/AXI_INTER/s00_couplers/auto_ds/inst/gen_downsizer.gen_simple_downsizer.axi_downsizer_inst/USE_WRITE.write_addr_inst/cmd_queue/inst/fifo_gen_inst/inst_fifo_gen/gconvfifo.rf/grf.rf/gntv_or_sync_fifo.mem/goreg_dm.dout_i_reg[23]/C
                               PROCESSOR/processor_i/axi_spi_0/U0/NO_DUAL_QUAD_MODE.QSPI_NORMAL/QSPI_LEGACY_MD_GEN.QSPI_CORE_INTERFACE_I/SOFT_RESET_I/sw_rst_cond_d1_reg/D
                                                              2.877         
EXT_TRIGGER/Dly_reg/C          EXT_TRIGGER/LoadDelayClkDiv_reg/D
                                                              2.926         
PROCESSOR/processor_i/axi_spi_0/U0/NO_DUAL_QUAD_MODE.QSPI_NORMAL/QSPI_LEGACY_MD_GEN.QSPI_CORE_INTERFACE_I/LEGACY_MD_WR_RD_ACK_GEN.IP2Bus_WrAck_reg/C
                               PROCESSOR/processor_i/AXI_INTER/s00_couplers/auto_ds/inst/gen_downsizer.gen_simple_downsizer.axi_downsizer_inst/USE_WRITE.write_addr_inst/cmd_queue/inst/fifo_gen_inst/inst_fifo_gen/gconvfifo.rf/grf.rf/gntv_or_sync_fifo.mem/goreg_dm.dout_i_reg[3]/CE
                                                              2.938         
HIGH_SPEED_ADC/HADC_BANK_66/inst/top_inst/clk_rst_top_inst/rst_scheme_inst/GEN_RIU_NOT_FROM_PLL.bs_dly_rst_reg/C
                               HIGH_SPEED_ADC/HADC_BANK_66/inst/top_inst/clk_rst_top_inst/rst_scheme_inst/bs_rst_gen[47].bs_rst_r_reg[47]/D
                                                              2.960         
HIGH_SPEED_ADC/HADC_BANK_66/inst/top_inst/clk_rst_top_inst/rst_scheme_inst/GEN_RIU_NOT_FROM_PLL.bs_dly_rst_reg/C
                               HIGH_SPEED_ADC/HADC_BANK_66/inst/top_inst/clk_rst_top_inst/rst_scheme_inst/bs_rst_gen[45].bs_rst_r_reg[45]/D
                                                              2.964         
PROCESSOR/processor_i/AXI_INTER/s00_couplers/auto_ds/inst/gen_downsizer.gen_simple_downsizer.axi_downsizer_inst/USE_WRITE.write_addr_inst/cmd_queue/inst/fifo_gen_inst/inst_fifo_gen/gconvfifo.rf/grf.rf/gntv_or_sync_fifo.mem/goreg_dm.dout_i_reg[23]/C
                               PROCESSOR/processor_i/AXI_INTER/m01_couplers/auto_cc/inst/gen_clock_conv.gen_async_lite_conv.clock_conv_lite_fwd_w/handshake/src_hsdata_ff_reg[11]/D
                                                              2.969         
PROCESSOR/processor_i/AXI_INTER/s00_couplers/auto_ds/inst/gen_downsizer.gen_simple_downsizer.axi_downsizer_inst/USE_WRITE.write_addr_inst/cmd_queue/inst/fifo_gen_inst/inst_fifo_gen/gconvfifo.rf/grf.rf/gntv_or_sync_fifo.mem/goreg_dm.dout_i_reg[23]/C
                               PROCESSOR/processor_i/axi_spi_0/U0/NO_DUAL_QUAD_MODE.QSPI_NORMAL/QSPI_LEGACY_MD_GEN.QSPI_CORE_INTERFACE_I/LEGACY_MD_WR_RD_ACK_GEN.IP2Bus_Error_reg/D
                                                              2.971         
PROCESSOR/processor_i/AXI_INTER/s00_couplers/auto_ds/inst/gen_downsizer.gen_simple_downsizer.axi_downsizer_inst/USE_WRITE.write_addr_inst/cmd_queue/inst/fifo_gen_inst/inst_fifo_gen/gconvfifo.rf/grf.rf/gntv_or_sync_fifo.mem/goreg_dm.dout_i_reg[23]/C
                               PROCESSOR/processor_i/axi_spi_0/U0/NO_DUAL_QUAD_MODE.QSPI_NORMAL/QSPI_LEGACY_MD_GEN.QSPI_CORE_INTERFACE_I/LEGACY_MD_WR_RD_ACK_GEN.IP2Bus_WrAck_reg/D
                                                              3.001         
PROCESSOR/processor_i/AXI_INTER/s00_couplers/auto_ds/inst/gen_downsizer.gen_simple_downsizer.axi_downsizer_inst/USE_WRITE.write_addr_inst/cmd_queue/inst/fifo_gen_inst/inst_fifo_gen/gconvfifo.rf/grf.rf/gntv_or_sync_fifo.mem/goreg_dm.dout_i_reg[23]/C
                               REGS.MMAP/Value_reg[7][14]/CE  3.002         
PROCESSOR/processor_i/AXI_INTER/s00_couplers/auto_ds/inst/gen_downsizer.gen_simple_downsizer.axi_downsizer_inst/USE_WRITE.write_addr_inst/cmd_queue/inst/fifo_gen_inst/inst_fifo_gen/gconvfifo.rf/grf.rf/gntv_or_sync_fifo.mem/goreg_dm.dout_i_reg[23]/C
                               REGS.MMAP/Value_reg[7][11]/CE  3.003         
PROCESSOR/processor_i/AXI_INTER/s00_couplers/auto_ds/inst/gen_downsizer.gen_simple_downsizer.axi_downsizer_inst/USE_WRITE.write_addr_inst/cmd_queue/inst/fifo_gen_inst/inst_fifo_gen/gconvfifo.rf/grf.rf/gntv_or_sync_fifo.mem/goreg_dm.dout_i_reg[23]/C
                               REGS.MMAP/Value_reg[21][11]/CE 3.026         
PROCESSOR/processor_i/AXI_INTER/s00_couplers/auto_ds/inst/gen_downsizer.gen_simple_downsizer.axi_downsizer_inst/USE_WRITE.write_addr_inst/cmd_queue/inst/fifo_gen_inst/inst_fifo_gen/gconvfifo.rf/grf.rf/gntv_or_sync_fifo.mem/goreg_dm.dout_i_reg[23]/C
                               REGS.MMAP/Value_reg[21][14]/CE 3.026         
PROCESSOR/processor_i/AXI_INTER/s00_couplers/auto_ds/inst/gen_downsizer.gen_simple_downsizer.axi_downsizer_inst/USE_WRITE.write_addr_inst/cmd_queue/inst/fifo_gen_inst/inst_fifo_gen/gconvfifo.rf/grf.rf/gntv_or_sync_fifo.mem/goreg_dm.dout_i_reg[23]/C
                               REGS.MMAP/Value_reg[21][9]/CE  3.026         
PROCESSOR/processor_i/AXI_INTER/s00_couplers/auto_ds/inst/gen_downsizer.gen_simple_downsizer.axi_downsizer_inst/USE_WRITE.write_addr_inst/cmd_queue/inst/fifo_gen_inst/inst_fifo_gen/gconvfifo.rf/grf.rf/gntv_or_sync_fifo.mem/goreg_dm.dout_i_reg[23]/C
                               REGS.MMAP/Value_reg[21][10]/CE 3.028         
PROCESSOR/processor_i/AXI_INTER/s00_couplers/auto_ds/inst/gen_downsizer.gen_simple_downsizer.axi_downsizer_inst/USE_WRITE.write_addr_inst/cmd_queue/inst/fifo_gen_inst/inst_fifo_gen/gconvfifo.rf/grf.rf/gntv_or_sync_fifo.mem/goreg_dm.dout_i_reg[23]/C
                               REGS.MMAP/Value_reg[21][13]/CE 3.028         
PROCESSOR/processor_i/AXI_INTER/s00_couplers/auto_ds/inst/gen_downsizer.gen_simple_downsizer.axi_downsizer_inst/USE_WRITE.write_addr_inst/cmd_queue/inst/fifo_gen_inst/inst_fifo_gen/gconvfifo.rf/grf.rf/gntv_or_sync_fifo.mem/goreg_dm.dout_i_reg[23]/C
                               REGS.MMAP/Value_reg[21][15]/CE 3.028         
PROCESSOR/processor_i/axi_spi_0/U0/NO_DUAL_QUAD_MODE.QSPI_NORMAL/QSPI_LEGACY_MD_GEN.QSPI_CORE_INTERFACE_I/LEGACY_MD_WR_RD_ACK_GEN.IP2Bus_WrAck_reg/C
                               PROCESSOR/processor_i/AXI_INTER/s00_couplers/auto_ds/inst/gen_downsizer.gen_simple_downsizer.axi_downsizer_inst/USE_WRITE.write_addr_inst/cmd_queue/inst/fifo_gen_inst/inst_fifo_gen/gconvfifo.rf/grf.rf/gntv_or_sync_fifo.gl0.wr/gwss.wsts/ram_full_fb_i_reg/D
                                                              3.054         
HIGH_SPEED_ADC/HADC_BANK_66/inst/top_inst/clk_rst_top_inst/rst_scheme_inst/sync_cell_bs_rst_dphy_inst/sync_flop_1_reg[0]/C
                               HIGH_SPEED_ADC/HADC_BANK_66/inst/top_inst/clk_rst_top_inst/rst_scheme_inst/bs_rst_int_r_reg[0]/S
                                                              3.055         
HIGH_SPEED_ADC/HADC_BANK_66/inst/top_inst/clk_rst_top_inst/rst_scheme_inst/sync_cell_bs_rst_dphy_inst/sync_flop_1_reg[0]/C
                               HIGH_SPEED_ADC/HADC_BANK_66/inst/top_inst/clk_rst_top_inst/rst_scheme_inst/bs_rst_int_r_reg[2]/S
                                                              3.055         
PROCESSOR/processor_i/axi_spi_0/U0/NO_DUAL_QUAD_MODE.QSPI_NORMAL/QSPI_LEGACY_MD_GEN.QSPI_CORE_INTERFACE_I/LEGACY_MD_WR_RD_ACK_GEN.IP2Bus_WrAck_reg/C
                               PROCESSOR/processor_i/AXI_INTER/s00_couplers/auto_ds/inst/gen_downsizer.gen_simple_downsizer.axi_downsizer_inst/USE_WRITE.write_addr_inst/cmd_queue/inst/fifo_gen_inst/inst_fifo_gen/gconvfifo.rf/grf.rf/gntv_or_sync_fifo.gl0.rd/grss.rsts/ram_empty_fb_i_reg/D
                                                              3.081         
PROCESSOR/processor_i/axi_spi_0/U0/NO_DUAL_QUAD_MODE.QSPI_NORMAL/QSPI_LEGACY_MD_GEN.QSPI_CORE_INTERFACE_I/LEGACY_MD_WR_RD_ACK_GEN.IP2Bus_WrAck_reg/C
                               PROCESSOR/processor_i/AXI_INTER/s00_couplers/auto_ds/inst/gen_downsizer.gen_simple_downsizer.axi_downsizer_inst/USE_WRITE.write_addr_inst/cmd_queue/inst/fifo_gen_inst/inst_fifo_gen/gconvfifo.rf/grf.rf/gntv_or_sync_fifo.mem/gdm.dm_gen.dm/gpr1.dout_i_reg[10]/CE
                                                              3.082         
PROCESSOR/processor_i/axi_spi_0/U0/NO_DUAL_QUAD_MODE.QSPI_NORMAL/QSPI_LEGACY_MD_GEN.QSPI_CORE_INTERFACE_I/LEGACY_MD_WR_RD_ACK_GEN.IP2Bus_WrAck_reg/C
                               PROCESSOR/processor_i/AXI_INTER/s00_couplers/auto_ds/inst/gen_downsizer.gen_simple_downsizer.axi_downsizer_inst/USE_WRITE.write_addr_inst/cmd_queue/inst/fifo_gen_inst/inst_fifo_gen/gconvfifo.rf/grf.rf/gntv_or_sync_fifo.mem/gdm.dm_gen.dm/gpr1.dout_i_reg[12]/CE
                                                              3.082         
PROCESSOR/processor_i/axi_spi_0/U0/NO_DUAL_QUAD_MODE.QSPI_NORMAL/QSPI_LEGACY_MD_GEN.QSPI_CORE_INTERFACE_I/LEGACY_MD_WR_RD_ACK_GEN.IP2Bus_WrAck_reg/C
                               PROCESSOR/processor_i/AXI_INTER/s00_couplers/auto_ds/inst/gen_downsizer.gen_simple_downsizer.axi_downsizer_inst/USE_WRITE.write_addr_inst/cmd_queue/inst/fifo_gen_inst/inst_fifo_gen/gconvfifo.rf/grf.rf/gntv_or_sync_fifo.mem/gdm.dm_gen.dm/gpr1.dout_i_reg[8]/CE
                                                              3.082         
PROCESSOR/processor_i/axi_spi_0/U0/NO_DUAL_QUAD_MODE.QSPI_NORMAL/QSPI_LEGACY_MD_GEN.QSPI_CORE_INTERFACE_I/LEGACY_MD_WR_RD_ACK_GEN.IP2Bus_WrAck_reg/C
                               PROCESSOR/processor_i/AXI_INTER/s00_couplers/auto_ds/inst/gen_downsizer.gen_simple_downsizer.axi_downsizer_inst/USE_WRITE.write_addr_inst/cmd_queue/inst/fifo_gen_inst/inst_fifo_gen/gconvfifo.rf/grf.rf/gntv_or_sync_fifo.mem/gdm.dm_gen.dm/gpr1.dout_i_reg[11]/CE
                                                              3.083         
PROCESSOR/processor_i/axi_spi_0/U0/NO_DUAL_QUAD_MODE.QSPI_NORMAL/QSPI_LEGACY_MD_GEN.QSPI_CORE_INTERFACE_I/LEGACY_MD_WR_RD_ACK_GEN.IP2Bus_WrAck_reg/C
                               PROCESSOR/processor_i/AXI_INTER/s00_couplers/auto_ds/inst/gen_downsizer.gen_simple_downsizer.axi_downsizer_inst/USE_WRITE.write_addr_inst/cmd_queue/inst/fifo_gen_inst/inst_fifo_gen/gconvfifo.rf/grf.rf/gntv_or_sync_fifo.mem/gdm.dm_gen.dm/gpr1.dout_i_reg[13]/CE
                                                              3.083         
PROCESSOR/processor_i/axi_spi_0/U0/NO_DUAL_QUAD_MODE.QSPI_NORMAL/QSPI_LEGACY_MD_GEN.QSPI_CORE_INTERFACE_I/LEGACY_MD_WR_RD_ACK_GEN.IP2Bus_WrAck_reg/C
                               PROCESSOR/processor_i/AXI_INTER/s00_couplers/auto_ds/inst/gen_downsizer.gen_simple_downsizer.axi_downsizer_inst/USE_WRITE.write_addr_inst/cmd_queue/inst/fifo_gen_inst/inst_fifo_gen/gconvfifo.rf/grf.rf/gntv_or_sync_fifo.mem/gdm.dm_gen.dm/gpr1.dout_i_reg[9]/CE
                                                              3.083         
PROCESSOR/processor_i/axi_spi_0/U0/NO_DUAL_QUAD_MODE.QSPI_NORMAL/QSPI_LEGACY_MD_GEN.QSPI_CORE_INTERFACE_I/LEGACY_MD_WR_RD_ACK_GEN.IP2Bus_WrAck_reg/C
                               PROCESSOR/processor_i/AXI_INTER/s00_couplers/auto_ds/inst/gen_downsizer.gen_simple_downsizer.axi_downsizer_inst/USE_WRITE.write_addr_inst/cmd_queue/inst/fifo_gen_inst/inst_fifo_gen/gconvfifo.rf/grf.rf/gntv_or_sync_fifo.mem/gdm.dm_gen.dm/gpr1.dout_i_reg[1]/CE
                                                              3.086         
PROCESSOR/processor_i/axi_spi_0/U0/NO_DUAL_QUAD_MODE.QSPI_NORMAL/QSPI_LEGACY_MD_GEN.QSPI_CORE_INTERFACE_I/LEGACY_MD_WR_RD_ACK_GEN.IP2Bus_WrAck_reg/C
                               PROCESSOR/processor_i/AXI_INTER/s00_couplers/auto_ds/inst/gen_downsizer.gen_simple_downsizer.axi_downsizer_inst/USE_WRITE.write_addr_inst/cmd_queue/inst/fifo_gen_inst/inst_fifo_gen/gconvfifo.rf/grf.rf/gntv_or_sync_fifo.mem/gdm.dm_gen.dm/gpr1.dout_i_reg[3]/CE
                                                              3.086         
PROCESSOR/processor_i/axi_spi_0/U0/NO_DUAL_QUAD_MODE.QSPI_NORMAL/QSPI_LEGACY_MD_GEN.QSPI_CORE_INTERFACE_I/LEGACY_MD_WR_RD_ACK_GEN.IP2Bus_WrAck_reg/C
                               PROCESSOR/processor_i/AXI_INTER/s00_couplers/auto_ds/inst/gen_downsizer.gen_simple_downsizer.axi_downsizer_inst/USE_WRITE.write_addr_inst/cmd_queue/inst/fifo_gen_inst/inst_fifo_gen/gconvfifo.rf/grf.rf/gntv_or_sync_fifo.mem/gdm.dm_gen.dm/gpr1.dout_i_reg[5]/CE
                                                              3.086         
PROCESSOR/processor_i/axi_spi_0/U0/NO_DUAL_QUAD_MODE.QSPI_NORMAL/QSPI_LEGACY_MD_GEN.QSPI_CORE_INTERFACE_I/LEGACY_MD_WR_RD_ACK_GEN.IP2Bus_WrAck_reg/C
                               PROCESSOR/processor_i/AXI_INTER/s00_couplers/auto_ds/inst/gen_downsizer.gen_simple_downsizer.axi_downsizer_inst/USE_WRITE.write_addr_inst/cmd_queue/inst/fifo_gen_inst/inst_fifo_gen/gconvfifo.rf/grf.rf/gntv_or_sync_fifo.mem/gdm.dm_gen.dm/gpr1.dout_i_reg[7]/CE
                                                              3.086         
PROCESSOR/processor_i/axi_spi_0/U0/NO_DUAL_QUAD_MODE.QSPI_NORMAL/QSPI_LEGACY_MD_GEN.QSPI_CORE_INTERFACE_I/LEGACY_MD_WR_RD_ACK_GEN.IP2Bus_WrAck_reg/C
                               PROCESSOR/processor_i/AXI_INTER/s00_couplers/auto_ds/inst/gen_downsizer.gen_simple_downsizer.axi_downsizer_inst/USE_WRITE.write_addr_inst/cmd_queue/inst/fifo_gen_inst/inst_fifo_gen/gconvfifo.rf/grf.rf/gntv_or_sync_fifo.mem/gdm.dm_gen.dm/gpr1.dout_i_reg[0]/CE
                                                              3.087         
PROCESSOR/processor_i/axi_spi_0/U0/NO_DUAL_QUAD_MODE.QSPI_NORMAL/QSPI_LEGACY_MD_GEN.QSPI_CORE_INTERFACE_I/LEGACY_MD_WR_RD_ACK_GEN.IP2Bus_WrAck_reg/C
                               PROCESSOR/processor_i/AXI_INTER/s00_couplers/auto_ds/inst/gen_downsizer.gen_simple_downsizer.axi_downsizer_inst/USE_WRITE.write_addr_inst/cmd_queue/inst/fifo_gen_inst/inst_fifo_gen/gconvfifo.rf/grf.rf/gntv_or_sync_fifo.mem/gdm.dm_gen.dm/gpr1.dout_i_reg[2]/CE
                                                              3.087         
PROCESSOR/processor_i/axi_spi_0/U0/NO_DUAL_QUAD_MODE.QSPI_NORMAL/QSPI_LEGACY_MD_GEN.QSPI_CORE_INTERFACE_I/LEGACY_MD_WR_RD_ACK_GEN.IP2Bus_WrAck_reg/C
                               PROCESSOR/processor_i/AXI_INTER/s00_couplers/auto_ds/inst/gen_downsizer.gen_simple_downsizer.axi_downsizer_inst/USE_WRITE.write_addr_inst/cmd_queue/inst/fifo_gen_inst/inst_fifo_gen/gconvfifo.rf/grf.rf/gntv_or_sync_fifo.mem/gdm.dm_gen.dm/gpr1.dout_i_reg[4]/CE
                                                              3.087         
PROCESSOR/processor_i/axi_spi_0/U0/NO_DUAL_QUAD_MODE.QSPI_NORMAL/QSPI_LEGACY_MD_GEN.QSPI_CORE_INTERFACE_I/LEGACY_MD_WR_RD_ACK_GEN.IP2Bus_WrAck_reg/C
                               PROCESSOR/processor_i/AXI_INTER/s00_couplers/auto_ds/inst/gen_downsizer.gen_simple_downsizer.axi_downsizer_inst/USE_WRITE.write_addr_inst/cmd_queue/inst/fifo_gen_inst/inst_fifo_gen/gconvfifo.rf/grf.rf/gntv_or_sync_fifo.mem/gdm.dm_gen.dm/gpr1.dout_i_reg[6]/CE
                                                              3.087         
PROCESSOR/processor_i/AXI_INTER/s00_couplers/auto_ds/inst/gen_downsizer.gen_simple_downsizer.axi_downsizer_inst/USE_WRITE.write_addr_inst/cmd_queue/inst/fifo_gen_inst/inst_fifo_gen/gconvfifo.rf/grf.rf/gntv_or_sync_fifo.mem/goreg_dm.dout_i_reg[23]/C
                               PROCESSOR/processor_i/axi_spi_1/U0/NO_DUAL_QUAD_MODE.QSPI_NORMAL/QSPI_LEGACY_MD_GEN.QSPI_CORE_INTERFACE_I/LEGACY_MD_WR_RD_ACK_GEN.IP2Bus_Error_reg/D
                                                              3.099         
PROCESSOR/processor_i/AXI_INTER/s00_couplers/auto_ds/inst/gen_downsizer.gen_simple_downsizer.axi_downsizer_inst/USE_WRITE.write_addr_inst/cmd_queue/inst/fifo_gen_inst/inst_fifo_gen/gconvfifo.rf/grf.rf/gntv_or_sync_fifo.mem/goreg_dm.dout_i_reg[23]/C
                               PROCESSOR/processor_i/axi_spi_0/U0/NO_DUAL_QUAD_MODE.QSPI_NORMAL/QSPI_LEGACY_MD_GEN.QSPI_CORE_INTERFACE_I/INTERRUPT_CONTROL_I/GEN_IP_IRPT_STATUS_REG[0].GEN_REG_STATUS.ip_irpt_status_reg_reg[0]/D
                                                              3.131         
PROCESSOR/processor_i/axi_spi_0/U0/NO_DUAL_QUAD_MODE.QSPI_NORMAL/QSPI_LEGACY_MD_GEN.QSPI_CORE_INTERFACE_I/LEGACY_MD_WR_RD_ACK_GEN.IP2Bus_WrAck_reg/C
                               PROCESSOR/processor_i/AXI_INTER/s00_couplers/auto_ds/inst/gen_downsizer.gen_simple_downsizer.axi_downsizer_inst/USE_WRITE.write_addr_inst/cmd_queue/inst/fifo_gen_inst/inst_fifo_gen/gconvfifo.rf/grf.rf/gntv_or_sync_fifo.gl0.wr/gwss.wsts/ram_full_i_reg/D
                                                              3.134         
PROCESSOR/processor_i/AXI_INTER/s00_couplers/auto_ds/inst/gen_downsizer.gen_simple_downsizer.axi_downsizer_inst/USE_WRITE.write_addr_inst/cmd_queue/inst/fifo_gen_inst/inst_fifo_gen/gconvfifo.rf/grf.rf/gntv_or_sync_fifo.mem/goreg_dm.dout_i_reg[23]/C
                               REGS.MMAP/Value_reg[7][12]/CE  3.135         
PROCESSOR/processor_i/AXI_INTER/s00_couplers/auto_ds/inst/gen_downsizer.gen_simple_downsizer.axi_downsizer_inst/USE_WRITE.write_addr_inst/cmd_queue/inst/fifo_gen_inst/inst_fifo_gen/gconvfifo.rf/grf.rf/gntv_or_sync_fifo.mem/goreg_dm.dout_i_reg[23]/C
                               REGS.MMAP/Value_reg[18][14]/D  3.142         
PROCESSOR/processor_i/axi_spi_0/U0/NO_DUAL_QUAD_MODE.QSPI_NORMAL/QSPI_LEGACY_MD_GEN.QSPI_CORE_INTERFACE_I/LEGACY_MD_WR_RD_ACK_GEN.IP2Bus_WrAck_reg/C
                               PROCESSOR/processor_i/AXI_INTER/s00_couplers/auto_ds/inst/gen_downsizer.gen_simple_downsizer.axi_downsizer_inst/USE_WRITE.write_addr_inst/cmd_queue/inst/fifo_gen_inst/inst_fifo_gen/gconvfifo.rf/grf.rf/gntv_or_sync_fifo.gl0.rd/grss.rsts/ram_empty_i_reg/D
                                                              3.149         
PROCESSOR/processor_i/axi_spi_0/U0/NO_DUAL_QUAD_MODE.QSPI_NORMAL/QSPI_LEGACY_MD_GEN.QSPI_CORE_INTERFACE_I/LEGACY_MD_WR_RD_ACK_GEN.IP2Bus_WrAck_reg/C
                               PROCESSOR/processor_i/AXI_INTER/s00_couplers/auto_ds/inst/gen_downsizer.gen_simple_downsizer.axi_downsizer_inst/USE_WRITE.write_addr_inst/cmd_queue/inst/fifo_gen_inst/inst_fifo_gen/gconvfifo.rf/grf.rf/gntv_or_sync_fifo.gl0.rd/rpntr/gc0.count_reg[1]/CE
                                                              3.159         
PROCESSOR/processor_i/axi_spi_0/U0/NO_DUAL_QUAD_MODE.QSPI_NORMAL/QSPI_LEGACY_MD_GEN.QSPI_CORE_INTERFACE_I/LEGACY_MD_WR_RD_ACK_GEN.IP2Bus_WrAck_reg/C
                               PROCESSOR/processor_i/AXI_INTER/s00_couplers/auto_ds/inst/gen_downsizer.gen_simple_downsizer.axi_downsizer_inst/USE_WRITE.write_addr_inst/cmd_queue/inst/fifo_gen_inst/inst_fifo_gen/gconvfifo.rf/grf.rf/gntv_or_sync_fifo.gl0.rd/rpntr/gc0.count_reg[0]/CE
                                                              3.160         
PROCESSOR/processor_i/axi_spi_0/U0/NO_DUAL_QUAD_MODE.QSPI_NORMAL/QSPI_LEGACY_MD_GEN.QSPI_CORE_INTERFACE_I/LEGACY_MD_WR_RD_ACK_GEN.IP2Bus_WrAck_reg/C
                               PROCESSOR/processor_i/AXI_INTER/s00_couplers/auto_ds/inst/gen_downsizer.gen_simple_downsizer.axi_downsizer_inst/USE_WRITE.write_addr_inst/cmd_queue/inst/fifo_gen_inst/inst_fifo_gen/gconvfifo.rf/grf.rf/gntv_or_sync_fifo.gl0.rd/rpntr/gc0.count_reg[2]/CE
                                                              3.160         
PROCESSOR/processor_i/axi_spi_0/U0/NO_DUAL_QUAD_MODE.QSPI_NORMAL/QSPI_LEGACY_MD_GEN.QSPI_CORE_INTERFACE_I/LEGACY_MD_WR_RD_ACK_GEN.IP2Bus_WrAck_reg/C
                               PROCESSOR/processor_i/AXI_INTER/s00_couplers/auto_ds/inst/gen_downsizer.gen_simple_downsizer.axi_downsizer_inst/USE_WRITE.write_addr_inst/cmd_queue/inst/fifo_gen_inst/inst_fifo_gen/gconvfifo.rf/grf.rf/gntv_or_sync_fifo.mem/goreg_dm.dout_i_reg[26]/CE
                                                              3.166         
HIGH_SPEED_ADC/HADC_BANK_66/inst/top_inst/clk_rst_top_inst/rst_scheme_inst/GEN_RIU_NOT_FROM_PLL.bs_dly_rst_reg/C
                               HIGH_SPEED_ADC/HADC_BANK_66/inst/top_inst/clk_rst_top_inst/rst_scheme_inst/bs_rst_gen[49].bs_rst_r_reg[49]/D
                                                              3.169         
PROCESSOR/processor_i/AXI_INTER/s00_couplers/auto_ds/inst/gen_downsizer.gen_simple_downsizer.axi_downsizer_inst/USE_WRITE.write_addr_inst/cmd_queue/inst/fifo_gen_inst/inst_fifo_gen/gconvfifo.rf/grf.rf/gntv_or_sync_fifo.mem/goreg_dm.dout_i_reg[23]/C
                               REGS.MMAP/Value_reg[7][14]/D   3.175         
PROCESSOR/processor_i/AXI_INTER/s00_couplers/auto_ds/inst/gen_downsizer.gen_simple_downsizer.axi_downsizer_inst/USE_WRITE.write_addr_inst/cmd_queue/inst/fifo_gen_inst/inst_fifo_gen/gconvfifo.rf/grf.rf/gntv_or_sync_fifo.mem/goreg_dm.dout_i_reg[23]/C
                               REGS.MMAP/Value_reg[19][1]/CE  3.188         
PROCESSOR/processor_i/AXI_INTER/s00_couplers/auto_ds/inst/gen_downsizer.gen_simple_downsizer.axi_downsizer_inst/USE_WRITE.write_addr_inst/cmd_queue/inst/fifo_gen_inst/inst_fifo_gen/gconvfifo.rf/grf.rf/gntv_or_sync_fifo.mem/goreg_dm.dout_i_reg[23]/C
                               REGS.MMAP/Value_reg[19][3]/CE  3.188         
PROCESSOR/processor_i/AXI_INTER/s00_couplers/auto_ds/inst/gen_downsizer.gen_simple_downsizer.axi_downsizer_inst/USE_WRITE.write_addr_inst/cmd_queue/inst/fifo_gen_inst/inst_fifo_gen/gconvfifo.rf/grf.rf/gntv_or_sync_fifo.mem/goreg_dm.dout_i_reg[23]/C
                               REGS.MMAP/Value_reg[19][5]/CE  3.188         
PROCESSOR/processor_i/AXI_INTER/s00_couplers/auto_ds/inst/gen_downsizer.gen_simple_downsizer.axi_downsizer_inst/USE_WRITE.write_addr_inst/cmd_queue/inst/fifo_gen_inst/inst_fifo_gen/gconvfifo.rf/grf.rf/gntv_or_sync_fifo.mem/goreg_dm.dout_i_reg[23]/C
                               REGS.MMAP/Value_reg[19][7]/CE  3.188         
PROCESSOR/processor_i/axi_spi_0/U0/NO_DUAL_QUAD_MODE.QSPI_NORMAL/QSPI_LEGACY_MD_GEN.QSPI_CORE_INTERFACE_I/LEGACY_MD_WR_RD_ACK_GEN.IP2Bus_WrAck_reg/C
                               PROCESSOR/processor_i/AXI_INTER/s00_couplers/auto_ds/inst/gen_downsizer.gen_simple_downsizer.axi_downsizer_inst/USE_WRITE.write_addr_inst/cmd_queue/inst/fifo_gen_inst/inst_fifo_gen/gconvfifo.rf/grf.rf/gntv_or_sync_fifo.mem/goreg_dm.dout_i_reg[28]/CE
                                                              3.188         
PROCESSOR/processor_i/AXI_INTER/s00_couplers/auto_ds/inst/gen_downsizer.gen_simple_downsizer.axi_downsizer_inst/USE_WRITE.write_addr_inst/cmd_queue/inst/fifo_gen_inst/inst_fifo_gen/gconvfifo.rf/grf.rf/gntv_or_sync_fifo.mem/goreg_dm.dout_i_reg[23]/C
                               REGS.MMAP/Value_reg[20][10]/D  3.189         
PROCESSOR/processor_i/AXI_INTER/s00_couplers/auto_ds/inst/gen_downsizer.gen_simple_downsizer.axi_downsizer_inst/USE_WRITE.write_addr_inst/cmd_queue/inst/fifo_gen_inst/inst_fifo_gen/gconvfifo.rf/grf.rf/gntv_or_sync_fifo.mem/goreg_dm.dout_i_reg[23]/C
                               REGS.MMAP/Value_reg[19][0]/CE  3.190         
PROCESSOR/processor_i/AXI_INTER/s00_couplers/auto_ds/inst/gen_downsizer.gen_simple_downsizer.axi_downsizer_inst/USE_WRITE.write_addr_inst/cmd_queue/inst/fifo_gen_inst/inst_fifo_gen/gconvfifo.rf/grf.rf/gntv_or_sync_fifo.mem/goreg_dm.dout_i_reg[23]/C
                               REGS.MMAP/Value_reg[19][2]/CE  3.190         
PROCESSOR/processor_i/AXI_INTER/s00_couplers/auto_ds/inst/gen_downsizer.gen_simple_downsizer.axi_downsizer_inst/USE_WRITE.write_addr_inst/cmd_queue/inst/fifo_gen_inst/inst_fifo_gen/gconvfifo.rf/grf.rf/gntv_or_sync_fifo.mem/goreg_dm.dout_i_reg[23]/C
                               REGS.MMAP/Value_reg[19][4]/CE  3.190         
PROCESSOR/processor_i/AXI_INTER/s00_couplers/auto_ds/inst/gen_downsizer.gen_simple_downsizer.axi_downsizer_inst/USE_WRITE.write_addr_inst/cmd_queue/inst/fifo_gen_inst/inst_fifo_gen/gconvfifo.rf/grf.rf/gntv_or_sync_fifo.mem/goreg_dm.dout_i_reg[23]/C
                               REGS.MMAP/Value_reg[19][6]/CE  3.190         
PROCESSOR/processor_i/AXI_INTER/s00_couplers/auto_ds/inst/gen_downsizer.gen_simple_downsizer.axi_downsizer_inst/USE_WRITE.write_addr_inst/cmd_queue/inst/fifo_gen_inst/inst_fifo_gen/gconvfifo.rf/grf.rf/gntv_or_sync_fifo.mem/goreg_dm.dout_i_reg[23]/C
                               REGS.MMAP/Value_reg[21][10]/D  3.197         
PROCESSOR/processor_i/AXI_INTER/s00_couplers/auto_ds/inst/gen_downsizer.gen_simple_downsizer.axi_downsizer_inst/USE_WRITE.write_addr_inst/cmd_queue/inst/fifo_gen_inst/inst_fifo_gen/gconvfifo.rf/grf.rf/gntv_or_sync_fifo.mem/goreg_dm.dout_i_reg[23]/C
                               REGS.MMAP/Value_reg[23][0]/CE  3.201         
PROCESSOR/processor_i/AXI_INTER/s00_couplers/auto_ds/inst/gen_downsizer.gen_simple_downsizer.axi_downsizer_inst/USE_WRITE.write_addr_inst/cmd_queue/inst/fifo_gen_inst/inst_fifo_gen/gconvfifo.rf/grf.rf/gntv_or_sync_fifo.mem/goreg_dm.dout_i_reg[23]/C
                               REGS.MMAP/Value_reg[23][3]/CE  3.201         
PROCESSOR/processor_i/AXI_INTER/s00_couplers/auto_ds/inst/gen_downsizer.gen_simple_downsizer.axi_downsizer_inst/USE_WRITE.write_addr_inst/cmd_queue/inst/fifo_gen_inst/inst_fifo_gen/gconvfifo.rf/grf.rf/gntv_or_sync_fifo.mem/goreg_dm.dout_i_reg[23]/C
                               REGS.MMAP/Value_reg[23][7]/CE  3.204         
PROCESSOR/processor_i/axi_spi_0/U0/NO_DUAL_QUAD_MODE.QSPI_NORMAL/QSPI_LEGACY_MD_GEN.QSPI_CORE_INTERFACE_I/LEGACY_MD_WR_RD_ACK_GEN.IP2Bus_WrAck_reg/C
                               PROCESSOR/processor_i/AXI_INTER/s00_couplers/auto_ds/inst/gen_downsizer.gen_simple_downsizer.axi_downsizer_inst/USE_WRITE.write_addr_inst/cmd_queue/inst/fifo_gen_inst/inst_fifo_gen/gconvfifo.rf/grf.rf/gntv_or_sync_fifo.mem/goreg_dm.dout_i_reg[15]/CE
                                                              3.204         
PROCESSOR/processor_i/axi_spi_0/U0/NO_DUAL_QUAD_MODE.QSPI_NORMAL/QSPI_LEGACY_MD_GEN.QSPI_CORE_INTERFACE_I/LEGACY_MD_WR_RD_ACK_GEN.IP2Bus_WrAck_reg/C
                               PROCESSOR/processor_i/AXI_INTER/s00_couplers/auto_ds/inst/gen_downsizer.gen_simple_downsizer.axi_downsizer_inst/USE_WRITE.write_addr_inst/cmd_queue/inst/fifo_gen_inst/inst_fifo_gen/gconvfifo.rf/grf.rf/gntv_or_sync_fifo.mem/goreg_dm.dout_i_reg[17]/CE
                                                              3.204         
PROCESSOR/processor_i/axi_spi_0/U0/NO_DUAL_QUAD_MODE.QSPI_NORMAL/QSPI_LEGACY_MD_GEN.QSPI_CORE_INTERFACE_I/LEGACY_MD_WR_RD_ACK_GEN.IP2Bus_WrAck_reg/C
                               PROCESSOR/processor_i/AXI_INTER/s00_couplers/auto_ds/inst/gen_downsizer.gen_simple_downsizer.axi_downsizer_inst/USE_WRITE.write_addr_inst/cmd_queue/inst/fifo_gen_inst/inst_fifo_gen/gconvfifo.rf/grf.rf/gntv_or_sync_fifo.mem/goreg_dm.dout_i_reg[18]/CE
                                                              3.204         
PROCESSOR/processor_i/axi_spi_0/U0/NO_DUAL_QUAD_MODE.QSPI_NORMAL/QSPI_LEGACY_MD_GEN.QSPI_CORE_INTERFACE_I/LEGACY_MD_WR_RD_ACK_GEN.IP2Bus_WrAck_reg/C
                               PROCESSOR/processor_i/AXI_INTER/s00_couplers/auto_ds/inst/gen_downsizer.gen_simple_downsizer.axi_downsizer_inst/USE_WRITE.write_addr_inst/cmd_queue/inst/fifo_gen_inst/inst_fifo_gen/gconvfifo.rf/grf.rf/gntv_or_sync_fifo.mem/goreg_dm.dout_i_reg[22]/CE
                                                              3.204         
PROCESSOR/processor_i/axi_spi_0/U0/NO_DUAL_QUAD_MODE.QSPI_NORMAL/QSPI_LEGACY_MD_GEN.QSPI_CORE_INTERFACE_I/LEGACY_MD_WR_RD_ACK_GEN.IP2Bus_WrAck_reg/C
                               PROCESSOR/processor_i/AXI_INTER/s00_couplers/auto_ds/inst/gen_downsizer.gen_simple_downsizer.axi_downsizer_inst/USE_WRITE.write_addr_inst/cmd_queue/inst/fifo_gen_inst/inst_fifo_gen/gconvfifo.rf/grf.rf/gntv_or_sync_fifo.mem/goreg_dm.dout_i_reg[14]/CE
                                                              3.206         
PROCESSOR/processor_i/axi_spi_0/U0/NO_DUAL_QUAD_MODE.QSPI_NORMAL/QSPI_LEGACY_MD_GEN.QSPI_CORE_INTERFACE_I/LEGACY_MD_WR_RD_ACK_GEN.IP2Bus_WrAck_reg/C
                               PROCESSOR/processor_i/AXI_INTER/s00_couplers/auto_ds/inst/gen_downsizer.gen_simple_downsizer.axi_downsizer_inst/USE_WRITE.write_addr_inst/cmd_queue/inst/fifo_gen_inst/inst_fifo_gen/gconvfifo.rf/grf.rf/gntv_or_sync_fifo.mem/goreg_dm.dout_i_reg[16]/CE
                                                              3.206         
PROCESSOR/processor_i/axi_spi_0/U0/NO_DUAL_QUAD_MODE.QSPI_NORMAL/QSPI_LEGACY_MD_GEN.QSPI_CORE_INTERFACE_I/LEGACY_MD_WR_RD_ACK_GEN.IP2Bus_WrAck_reg/C
                               PROCESSOR/processor_i/AXI_INTER/s00_couplers/auto_ds/inst/gen_downsizer.gen_simple_downsizer.axi_downsizer_inst/USE_WRITE.write_addr_inst/cmd_queue/inst/fifo_gen_inst/inst_fifo_gen/gconvfifo.rf/grf.rf/gntv_or_sync_fifo.mem/goreg_dm.dout_i_reg[19]/CE
                                                              3.206         
PROCESSOR/processor_i/axi_spi_0/U0/NO_DUAL_QUAD_MODE.QSPI_NORMAL/QSPI_LEGACY_MD_GEN.QSPI_CORE_INTERFACE_I/LEGACY_MD_WR_RD_ACK_GEN.IP2Bus_WrAck_reg/C
                               PROCESSOR/processor_i/AXI_INTER/s00_couplers/auto_ds/inst/gen_downsizer.gen_simple_downsizer.axi_downsizer_inst/USE_WRITE.write_addr_inst/cmd_queue/inst/fifo_gen_inst/inst_fifo_gen/gconvfifo.rf/grf.rf/gntv_or_sync_fifo.mem/goreg_dm.dout_i_reg[23]/CE
                                                              3.206         
PROCESSOR/processor_i/axi_spi_0/U0/NO_DUAL_QUAD_MODE.QSPI_NORMAL/QSPI_LEGACY_MD_GEN.QSPI_CORE_INTERFACE_I/LEGACY_MD_WR_RD_ACK_GEN.IP2Bus_WrAck_reg/C
                               PROCESSOR/processor_i/AXI_INTER/s00_couplers/auto_ds/inst/gen_downsizer.gen_simple_downsizer.axi_downsizer_inst/USE_WRITE.write_addr_inst/cmd_queue/inst/fifo_gen_inst/inst_fifo_gen/gconvfifo.rf/grf.rf/gntv_or_sync_fifo.gl0.rd/rpntr/gc0.count_d1_reg[1]/CE
                                                              3.208         
PROCESSOR/processor_i/axi_spi_0/U0/NO_DUAL_QUAD_MODE.QSPI_NORMAL/QSPI_LEGACY_MD_GEN.QSPI_CORE_INTERFACE_I/LEGACY_MD_WR_RD_ACK_GEN.IP2Bus_WrAck_reg/C
                               PROCESSOR/processor_i/AXI_INTER/s00_couplers/auto_ds/inst/gen_downsizer.gen_simple_downsizer.axi_downsizer_inst/USE_WRITE.write_addr_inst/cmd_queue/inst/fifo_gen_inst/inst_fifo_gen/gconvfifo.rf/grf.rf/gntv_or_sync_fifo.gl0.rd/rpntr/gc0.count_d1_reg[3]/CE
                                                              3.208         
PROCESSOR/processor_i/axi_spi_0/U0/NO_DUAL_QUAD_MODE.QSPI_NORMAL/QSPI_LEGACY_MD_GEN.QSPI_CORE_INTERFACE_I/LEGACY_MD_WR_RD_ACK_GEN.IP2Bus_WrAck_reg/C
                               PROCESSOR/processor_i/AXI_INTER/s00_couplers/auto_ds/inst/gen_downsizer.gen_simple_downsizer.axi_downsizer_inst/USE_WRITE.write_addr_inst/cmd_queue/inst/fifo_gen_inst/inst_fifo_gen/gconvfifo.rf/grf.rf/gntv_or_sync_fifo.gl0.rd/rpntr/gc0.count_d1_reg[0]/CE
                                                              3.210         
PROCESSOR/processor_i/axi_spi_0/U0/NO_DUAL_QUAD_MODE.QSPI_NORMAL/QSPI_LEGACY_MD_GEN.QSPI_CORE_INTERFACE_I/LEGACY_MD_WR_RD_ACK_GEN.IP2Bus_WrAck_reg/C
                               PROCESSOR/processor_i/AXI_INTER/s00_couplers/auto_ds/inst/gen_downsizer.gen_simple_downsizer.axi_downsizer_inst/USE_WRITE.write_addr_inst/cmd_queue/inst/fifo_gen_inst/inst_fifo_gen/gconvfifo.rf/grf.rf/gntv_or_sync_fifo.gl0.rd/rpntr/gc0.count_d1_reg[2]/CE
                                                              3.210         
PROCESSOR/processor_i/axi_spi_0/U0/NO_DUAL_QUAD_MODE.QSPI_NORMAL/QSPI_LEGACY_MD_GEN.QSPI_CORE_INTERFACE_I/LEGACY_MD_WR_RD_ACK_GEN.IP2Bus_WrAck_reg/C
                               PROCESSOR/processor_i/AXI_INTER/s00_couplers/auto_ds/inst/gen_downsizer.gen_simple_downsizer.axi_downsizer_inst/USE_WRITE.write_addr_inst/cmd_queue/inst/fifo_gen_inst/inst_fifo_gen/gconvfifo.rf/grf.rf/gntv_or_sync_fifo.gl0.rd/rpntr/gc0.count_d1_reg[4]/CE
                                                              3.210         
PROCESSOR/processor_i/axi_spi_0/U0/NO_DUAL_QUAD_MODE.QSPI_NORMAL/QSPI_LEGACY_MD_GEN.QSPI_CORE_INTERFACE_I/LEGACY_MD_WR_RD_ACK_GEN.IP2Bus_WrAck_reg/C
                               PROCESSOR/processor_i/AXI_INTER/s00_couplers/auto_ds/inst/gen_downsizer.gen_simple_downsizer.axi_downsizer_inst/USE_WRITE.write_addr_inst/cmd_queue/inst/fifo_gen_inst/inst_fifo_gen/gconvfifo.rf/grf.rf/gntv_or_sync_fifo.gl0.rd/rpntr/gc0.count_reg[3]/CE
                                                              3.212         
PROCESSOR/processor_i/axi_spi_0/U0/NO_DUAL_QUAD_MODE.QSPI_NORMAL/QSPI_LEGACY_MD_GEN.QSPI_CORE_INTERFACE_I/LEGACY_MD_WR_RD_ACK_GEN.IP2Bus_WrAck_reg/C
                               PROCESSOR/processor_i/AXI_INTER/s00_couplers/auto_ds/inst/gen_downsizer.gen_simple_downsizer.axi_downsizer_inst/USE_WRITE.write_addr_inst/cmd_queue/inst/fifo_gen_inst/inst_fifo_gen/gconvfifo.rf/grf.rf/gntv_or_sync_fifo.gl0.rd/rpntr/gc0.count_reg[4]/CE
                                                              3.213         
PROCESSOR/processor_i/AXI_INTER/s00_couplers/auto_ds/inst/gen_downsizer.gen_simple_downsizer.axi_downsizer_inst/USE_WRITE.write_addr_inst/cmd_queue/inst/fifo_gen_inst/inst_fifo_gen/gconvfifo.rf/grf.rf/gntv_or_sync_fifo.mem/goreg_dm.dout_i_reg[23]/C
                               REGS.MMAP/Value_reg[19][9]/D   3.224         
PROCESSOR/processor_i/AXI_INTER/s00_couplers/auto_ds/inst/gen_downsizer.gen_simple_downsizer.axi_downsizer_inst/USE_WRITE.write_addr_inst/cmd_queue/inst/fifo_gen_inst/inst_fifo_gen/gconvfifo.rf/grf.rf/gntv_or_sync_fifo.mem/goreg_dm.dout_i_reg[23]/C
                               REGS.MMAP/Value_reg[7][13]/CE  3.225         
PROCESSOR/processor_i/AXI_INTER/s00_couplers/auto_ds/inst/gen_downsizer.gen_simple_downsizer.axi_downsizer_inst/USE_WRITE.write_addr_inst/cmd_queue/inst/fifo_gen_inst/inst_fifo_gen/gconvfifo.rf/grf.rf/gntv_or_sync_fifo.mem/goreg_dm.dout_i_reg[23]/C
                               REGS.MMAP/Value_reg[7][8]/CE   3.225         
PROCESSOR/processor_i/AXI_INTER/s00_couplers/auto_ds/inst/gen_downsizer.gen_simple_downsizer.axi_downsizer_inst/USE_WRITE.write_addr_inst/cmd_queue/inst/fifo_gen_inst/inst_fifo_gen/gconvfifo.rf/grf.rf/gntv_or_sync_fifo.mem/goreg_dm.dout_i_reg[23]/C
                               REGS.MMAP/Value_reg[7][10]/CE  3.226         
PROCESSOR/processor_i/AXI_INTER/s00_couplers/auto_ds/inst/gen_downsizer.gen_simple_downsizer.axi_downsizer_inst/USE_WRITE.write_addr_inst/cmd_queue/inst/fifo_gen_inst/inst_fifo_gen/gconvfifo.rf/grf.rf/gntv_or_sync_fifo.mem/goreg_dm.dout_i_reg[23]/C
                               REGS.MMAP/Value_reg[7][15]/CE  3.226         
PROCESSOR/processor_i/AXI_INTER/s00_couplers/auto_ds/inst/gen_downsizer.gen_simple_downsizer.axi_downsizer_inst/USE_WRITE.write_addr_inst/cmd_queue/inst/fifo_gen_inst/inst_fifo_gen/gconvfifo.rf/grf.rf/gntv_or_sync_fifo.mem/goreg_dm.dout_i_reg[23]/C
                               REGS.MMAP/Value_reg[7][9]/CE   3.226         
PROCESSOR/processor_i/AXI_INTER/s00_couplers/auto_ds/inst/gen_downsizer.gen_simple_downsizer.axi_downsizer_inst/USE_WRITE.write_addr_inst/cmd_queue/inst/fifo_gen_inst/inst_fifo_gen/gconvfifo.rf/grf.rf/gntv_or_sync_fifo.mem/goreg_dm.dout_i_reg[23]/C
                               REGS.MMAP/Value_reg[4][20]/D   3.228         
PROCESSOR/processor_i/axi_spi_0/U0/NO_DUAL_QUAD_MODE.QSPI_NORMAL/QSPI_LEGACY_MD_GEN.QSPI_CORE_INTERFACE_I/LEGACY_MD_WR_RD_ACK_GEN.IP2Bus_WrAck_reg/C
                               PROCESSOR/processor_i/AXI_INTER/s00_couplers/auto_ds/inst/gen_downsizer.gen_simple_downsizer.axi_downsizer_inst/USE_WRITE.write_addr_inst/cmd_queue/inst/fifo_gen_inst/inst_fifo_gen/gconvfifo.rf/grf.rf/gntv_or_sync_fifo.mem/goreg_dm.dout_i_reg[20]/CE
                                                              3.230         
PROCESSOR/processor_i/axi_spi_0/U0/NO_DUAL_QUAD_MODE.QSPI_NORMAL/QSPI_LEGACY_MD_GEN.QSPI_CORE_INTERFACE_I/LEGACY_MD_WR_RD_ACK_GEN.IP2Bus_WrAck_reg/C
                               PROCESSOR/processor_i/AXI_INTER/s00_couplers/auto_ds/inst/gen_downsizer.gen_simple_downsizer.axi_downsizer_inst/USE_WRITE.write_addr_inst/cmd_queue/inst/fifo_gen_inst/inst_fifo_gen/gconvfifo.rf/grf.rf/gntv_or_sync_fifo.mem/goreg_dm.dout_i_reg[24]/CE
                                                              3.230         
HIGH_SPEED_ADC/HADC_BANK_66/inst/top_inst/clk_rst_top_inst/rst_scheme_inst/sync_cell_bs_rst_dphy_inst/sync_flop_1_reg[0]/C
                               HIGH_SPEED_ADC/HADC_BANK_66/inst/top_inst/clk_rst_top_inst/rst_scheme_inst/bs_rst_int_r_reg[10]/S
                                                              3.288         
HIGH_SPEED_ADC/HADC_BANK_66/inst/top_inst/clk_rst_top_inst/rst_scheme_inst/sync_cell_bs_rst_dphy_inst/sync_flop_1_reg[0]/C
                               HIGH_SPEED_ADC/HADC_BANK_66/inst/top_inst/clk_rst_top_inst/rst_scheme_inst/bs_rst_int_r_reg[6]/S
                                                              3.288         
HIGH_SPEED_ADC/HADC_BANK_66/inst/top_inst/clk_rst_top_inst/rst_scheme_inst/sync_cell_bs_rst_dphy_inst/sync_flop_1_reg[0]/C
                               HIGH_SPEED_ADC/HADC_BANK_66/inst/top_inst/clk_rst_top_inst/rst_scheme_inst/bs_rst_int_r_reg[4]/S
                                                              3.310         
HIGH_SPEED_ADC/HADC_BANK_66/inst/top_inst/clk_rst_top_inst/rst_scheme_inst/sync_cell_bs_rst_dphy_inst/sync_flop_1_reg[0]/C
                               HIGH_SPEED_ADC/HADC_BANK_66/inst/top_inst/clk_rst_top_inst/rst_scheme_inst/bs_rst_int_r_reg[8]/S
                                                              3.310         
HIGH_SPEED_ADC/HADC_BANK_66/inst/top_inst/clk_rst_top_inst/rst_scheme_inst/sync_cell_bs_rst_dphy_inst/sync_flop_1_reg[0]/C
                               HIGH_SPEED_ADC/HADC_BANK_66/inst/top_inst/clk_rst_top_inst/rst_scheme_inst/bs_rst_int_r_reg[15]/S
                                                              3.360         
HIGH_SPEED_ADC/HADC_BANK_66/inst/top_inst/clk_rst_top_inst/rst_scheme_inst/sync_cell_bs_rst_dphy_inst/sync_flop_1_reg[0]/C
                               HIGH_SPEED_ADC/HADC_BANK_66/inst/top_inst/clk_rst_top_inst/rst_scheme_inst/bs_rst_int_r_reg[17]/S
                                                              3.360         
HIGH_SPEED_ADC/HADC_BANK_66/inst/top_inst/clk_rst_top_inst/rst_scheme_inst/sync_cell_bs_rst_dphy_inst/sync_flop_1_reg[0]/C
                               HIGH_SPEED_ADC/HADC_BANK_66/inst/top_inst/clk_rst_top_inst/rst_scheme_inst/bs_rst_int_r_reg[21]/S
                                                              3.360         
HIGH_SPEED_ADC/HADC_BANK_66/inst/top_inst/clk_rst_top_inst/rst_scheme_inst/sync_cell_bs_rst_dphy_inst/sync_flop_1_reg[0]/C
                               HIGH_SPEED_ADC/HADC_BANK_66/inst/top_inst/clk_rst_top_inst/rst_scheme_inst/bs_rst_int_r_reg[23]/S
                                                              3.360         
HIGH_SPEED_ADC/HADC_BANK_66/inst/top_inst/clk_rst_top_inst/rst_scheme_inst/sync_cell_bs_rst_dphy_inst/sync_flop_1_reg[0]/C
                               HIGH_SPEED_ADC/HADC_BANK_66/inst/top_inst/clk_rst_top_inst/rst_scheme_inst/bs_rst_int_r_reg[26]/S
                                                              3.360         
HIGH_SPEED_ADC/HADC_BANK_66/inst/top_inst/clk_rst_top_inst/rst_scheme_inst/sync_cell_bs_rst_dphy_inst/sync_flop_1_reg[0]/C
                               HIGH_SPEED_ADC/HADC_BANK_66/inst/top_inst/clk_rst_top_inst/rst_scheme_inst/bs_rst_int_r_reg[13]/S
                                                              3.438         
HIGH_SPEED_ADC/HADC_BANK_66/inst/top_inst/clk_rst_top_inst/rst_scheme_inst/sync_cell_bs_rst_dphy_inst/sync_flop_1_reg[0]/C
                               HIGH_SPEED_ADC/HADC_BANK_66/inst/top_inst/clk_rst_top_inst/rst_scheme_inst/bs_rst_int_r_reg[19]/S
                                                              3.438         
HIGH_SPEED_ADC/HADC_BANK_66/inst/top_inst/clk_rst_top_inst/rst_scheme_inst/sync_cell_bs_rst_dphy_inst/sync_flop_1_reg[0]/C
                               HIGH_SPEED_ADC/HADC_BANK_66/inst/top_inst/clk_rst_top_inst/rst_scheme_inst/bs_rst_int_r_reg[28]/S
                                                              3.438         
HIGH_SPEED_ADC/HADC_BANK_66/inst/top_inst/bs_ctrl_top_inst/BITSLICE_CTRL[7].bs_ctrl_inst/RIU_CLK
                               HIGH_SPEED_ADC/HADC_BANK_66/inst/top_inst/clk_rst_top_inst/rst_scheme_inst/GEN_RIU_NOT_FROM_PLL.timeout_cntr_rst_reg/D
                                                              3.468         
HIGH_SPEED_ADC/HADC_BANK_65/inst/top_inst/bs_ctrl_top_inst/BITSLICE_CTRL[6].bs_ctrl_inst/RIU_CLK
                               HIGH_SPEED_ADC/HADC_BANK_65/inst/top_inst/clk_rst_top_inst/rst_scheme_inst/GEN_RIU_NOT_FROM_PLL.timeout_cntr_rst_reg/D
                                                              3.675         
HIGH_SPEED_ADC/HADC_BANK_65/inst/top_inst/bs_ctrl_top_inst/BITSLICE_CTRL[6].bs_ctrl_inst/RIU_CLK
                               HIGH_SPEED_ADC/HADC_BANK_65/inst/top_inst/clk_rst_top_inst/rst_scheme_inst/GEN_RIU_NOT_FROM_PLL.hssio_state_reg[8]/D
                                                              3.768         
HIGH_SPEED_ADC/HADC_BANK_65/inst/top_inst/bs_ctrl_top_inst/BITSLICE_CTRL[6].bs_ctrl_inst/RIU_CLK
                               HIGH_SPEED_ADC/HADC_BANK_65/inst/top_inst/clk_rst_top_inst/rst_scheme_inst/GEN_RIU_NOT_FROM_PLL.hssio_state_reg[7]/D
                                                              3.841         
HIGH_SPEED_ADC/HADC_BANK_66/inst/top_inst/bs_ctrl_top_inst/BITSLICE_CTRL[7].bs_ctrl_inst/RIU_CLK
                               HIGH_SPEED_ADC/HADC_BANK_66/inst/top_inst/clk_rst_top_inst/rst_scheme_inst/GEN_RIU_NOT_FROM_PLL.hssio_state_reg[8]/D
                                                              3.896         
HIGH_SPEED_ADC/HADC_BANK_66/inst/top_inst/bs_ctrl_top_inst/BITSLICE_CTRL[7].bs_ctrl_inst/RIU_CLK
                               HIGH_SPEED_ADC/HADC_BANK_66/inst/top_inst/clk_rst_top_inst/rst_scheme_inst/GEN_RIU_NOT_FROM_PLL.hssio_state_reg[7]/D
                                                              3.928         
HIGH_SPEED_ADC/HADC_BANK_66/inst/top_inst/clk_rst_top_inst/rst_scheme_inst/sync_cell_bs_rst_dphy_inst/sync_flop_1_reg[0]/C
                               HIGH_SPEED_ADC/HADC_BANK_66/inst/top_inst/clk_rst_top_inst/rst_scheme_inst/bs_rst_int_r_reg[30]/S
                                                              3.938         
HIGH_SPEED_ADC/HADC_BANK_66/inst/top_inst/clk_rst_top_inst/rst_scheme_inst/sync_cell_bs_rst_dphy_inst/sync_flop_1_reg[0]/C
                               HIGH_SPEED_ADC/HADC_BANK_66/inst/top_inst/clk_rst_top_inst/rst_scheme_inst/bs_rst_int_r_reg[32]/S
                                                              3.938         
HIGH_SPEED_ADC/HADC_BANK_66/inst/top_inst/clk_rst_top_inst/rst_scheme_inst/sync_cell_bs_rst_dphy_inst/sync_flop_1_reg[0]/C
                               HIGH_SPEED_ADC/HADC_BANK_66/inst/top_inst/clk_rst_top_inst/rst_scheme_inst/bs_rst_int_r_reg[34]/S
                                                              3.938         
HIGH_SPEED_ADC/HADC_BANK_66/inst/top_inst/clk_rst_top_inst/rst_scheme_inst/sync_cell_bs_rst_dphy_inst/sync_flop_1_reg[0]/C
                               HIGH_SPEED_ADC/HADC_BANK_66/inst/top_inst/clk_rst_top_inst/rst_scheme_inst/bs_rst_int_r_reg[36]/S
                                                              3.938         
HIGH_SPEED_ADC/HADC_BANK_66/inst/top_inst/clk_rst_top_inst/rst_scheme_inst/sync_cell_bs_rst_dphy_inst/sync_flop_1_reg[0]/C
                               HIGH_SPEED_ADC/HADC_BANK_66/inst/top_inst/clk_rst_top_inst/rst_scheme_inst/bs_rst_int_r_reg[39]/S
                                                              3.938         
HIGH_SPEED_ADC/HADC_BANK_66/inst/top_inst/clk_rst_top_inst/rst_scheme_inst/GEN_RIU_NOT_FROM_PLL.bs_dly_rst_reg/C
                               HIGH_SPEED_ADC/HADC_BANK_66/inst/top_inst/clk_rst_top_inst/rst_scheme_inst/bs_rst_gen[43].bs_rst_r_reg[43]/D
                                                              3.959         
HIGH_SPEED_ADC/HADC_BANK_66/inst/top_inst/clk_rst_top_inst/rst_scheme_inst/GEN_RIU_NOT_FROM_PLL.bs_dly_rst_reg/C
                               HIGH_SPEED_ADC/HADC_BANK_66/inst/top_inst/clk_rst_top_inst/rst_scheme_inst/bs_rst_gen[41].bs_rst_r_reg[41]/D
                                                              3.966         
HIGH_SPEED_ADC/HADC_BANK_66/inst/top_inst/clk_rst_top_inst/rst_scheme_inst/GEN_RIU_NOT_FROM_PLL.hssio_state_reg[4]/C
                               HIGH_SPEED_ADC/HADC_BANK_66/inst/top_inst/clk_rst_top_inst/rst_scheme_inst/GEN_RIU_NOT_FROM_PLL.pll0_clkoutphy_en_reg/D
                                                              3.990         
HIGH_SPEED_ADC/HADC_BANK_66/inst/top_inst/clk_rst_top_inst/rst_scheme_inst/GEN_RIU_NOT_FROM_PLL.hssio_state_reg[4]/C
                               HIGH_SPEED_ADC/HADC_BANK_66/inst/top_inst/clk_rst_top_inst/rst_scheme_inst/GEN_RIU_NOT_FROM_PLL.rst_seq_done_reg/D
                                                              4.051         
HIGH_SPEED_ADC/HADC_BANK_66/inst/top_inst/clk_rst_top_inst/rst_scheme_inst/timeout_cntr_reg[8]/C
                               HIGH_SPEED_ADC/HADC_BANK_66/inst/top_inst/clk_rst_top_inst/rst_scheme_inst/timeout_cntr_reg[4]/CE
                                                              4.060         
HIGH_SPEED_ADC/HADC_BANK_66/inst/top_inst/clk_rst_top_inst/rst_scheme_inst/timeout_cntr_reg[8]/C
                               HIGH_SPEED_ADC/HADC_BANK_66/inst/top_inst/clk_rst_top_inst/rst_scheme_inst/timeout_cntr_reg[5]/CE
                                                              4.060         
HIGH_SPEED_ADC/HADC_BANK_66/inst/top_inst/clk_rst_top_inst/rst_scheme_inst/timeout_cntr_reg[8]/C
                               HIGH_SPEED_ADC/HADC_BANK_66/inst/top_inst/clk_rst_top_inst/rst_scheme_inst/timeout_cntr_reg[6]/CE
                                                              4.060         
HIGH_SPEED_ADC/HADC_BANK_66/inst/top_inst/clk_rst_top_inst/rst_scheme_inst/timeout_cntr_reg[8]/C
                               HIGH_SPEED_ADC/HADC_BANK_66/inst/top_inst/clk_rst_top_inst/rst_scheme_inst/timeout_cntr_reg[7]/CE
                                                              4.060         
HIGH_SPEED_ADC/HADC_BANK_66/inst/top_inst/clk_rst_top_inst/rst_scheme_inst/timeout_cntr_reg[8]/C
                               HIGH_SPEED_ADC/HADC_BANK_66/inst/top_inst/clk_rst_top_inst/rst_scheme_inst/timeout_cntr_reg[0]/CE
                                                              4.063         
HIGH_SPEED_ADC/HADC_BANK_66/inst/top_inst/clk_rst_top_inst/rst_scheme_inst/timeout_cntr_reg[8]/C
                               HIGH_SPEED_ADC/HADC_BANK_66/inst/top_inst/clk_rst_top_inst/rst_scheme_inst/timeout_cntr_reg[1]/CE
                                                              4.063         
HIGH_SPEED_ADC/HADC_BANK_66/inst/top_inst/clk_rst_top_inst/rst_scheme_inst/timeout_cntr_reg[8]/C
                               HIGH_SPEED_ADC/HADC_BANK_66/inst/top_inst/clk_rst_top_inst/rst_scheme_inst/timeout_cntr_reg[2]/CE
                                                              4.063         
HIGH_SPEED_ADC/HADC_BANK_66/inst/top_inst/clk_rst_top_inst/rst_scheme_inst/timeout_cntr_reg[8]/C
                               HIGH_SPEED_ADC/HADC_BANK_66/inst/top_inst/clk_rst_top_inst/rst_scheme_inst/timeout_cntr_reg[3]/CE
                                                              4.063         
HIGH_SPEED_ADC/HADC_BANK_66/inst/top_inst/clk_rst_top_inst/rst_scheme_inst/GEN_RIU_NOT_FROM_PLL.hssio_state_reg[4]/C
                               HIGH_SPEED_ADC/HADC_BANK_66/inst/top_inst/clk_rst_top_inst/rst_scheme_inst/GEN_RIU_NOT_FROM_PLL.bs_dly_rst_reg/D
                                                              4.078         
HIGH_SPEED_ADC/HADC_BANK_66/inst/top_inst/clk_rst_top_inst/rst_scheme_inst/GEN_RIU_NOT_FROM_PLL.hssio_state_reg[4]/C
                               HIGH_SPEED_ADC/HADC_BANK_66/inst/top_inst/clk_rst_top_inst/rst_scheme_inst/wait_pll_lock_timeout_reg/D
                                                              4.108         
HIGH_SPEED_ADC/HADC_BANK_66/inst/top_inst/clk_rst_top_inst/rst_scheme_inst/timeout_cntr_reg[8]/C
                               HIGH_SPEED_ADC/HADC_BANK_66/inst/top_inst/clk_rst_top_inst/rst_scheme_inst/timeout_cntr_reg[12]/CE
                                                              4.112         
HIGH_SPEED_ADC/HADC_BANK_66/inst/top_inst/clk_rst_top_inst/rst_scheme_inst/timeout_cntr_reg[8]/C
                               HIGH_SPEED_ADC/HADC_BANK_66/inst/top_inst/clk_rst_top_inst/rst_scheme_inst/timeout_cntr_reg[13]/CE
                                                              4.112         
HIGH_SPEED_ADC/HADC_BANK_66/inst/top_inst/clk_rst_top_inst/rst_scheme_inst/timeout_cntr_reg[8]/C
                               HIGH_SPEED_ADC/HADC_BANK_66/inst/top_inst/clk_rst_top_inst/rst_scheme_inst/timeout_cntr_reg[14]/CE
                                                              4.112         
HIGH_SPEED_ADC/HADC_BANK_66/inst/top_inst/clk_rst_top_inst/rst_scheme_inst/timeout_cntr_reg[8]/C
                               HIGH_SPEED_ADC/HADC_BANK_66/inst/top_inst/clk_rst_top_inst/rst_scheme_inst/timeout_cntr_reg[15]/CE
                                                              4.112         
HIGH_SPEED_ADC/HADC_BANK_66/inst/top_inst/clk_rst_top_inst/rst_scheme_inst/timeout_cntr_reg[6]/C
                               HIGH_SPEED_ADC/HADC_BANK_66/inst/top_inst/clk_rst_top_inst/rst_scheme_inst/timeout_cntr_reg[10]/CE
                                                              4.130         
HIGH_SPEED_ADC/HADC_BANK_66/inst/top_inst/clk_rst_top_inst/rst_scheme_inst/timeout_cntr_reg[6]/C
                               HIGH_SPEED_ADC/HADC_BANK_66/inst/top_inst/clk_rst_top_inst/rst_scheme_inst/timeout_cntr_reg[11]/CE
                                                              4.130         
HIGH_SPEED_ADC/HADC_BANK_66/inst/top_inst/clk_rst_top_inst/rst_scheme_inst/timeout_cntr_reg[6]/C
                               HIGH_SPEED_ADC/HADC_BANK_66/inst/top_inst/clk_rst_top_inst/rst_scheme_inst/timeout_cntr_reg[8]/CE
                                                              4.130         
HIGH_SPEED_ADC/HADC_BANK_66/inst/top_inst/clk_rst_top_inst/rst_scheme_inst/timeout_cntr_reg[6]/C
                               HIGH_SPEED_ADC/HADC_BANK_66/inst/top_inst/clk_rst_top_inst/rst_scheme_inst/timeout_cntr_reg[9]/CE
                                                              4.130         
HIGH_SPEED_ADC/HADC_BANK_66/inst/top_inst/clk_rst_top_inst/rst_scheme_inst/timeout_cntr_reg[8]/C
                               HIGH_SPEED_ADC/HADC_BANK_66/inst/top_inst/clk_rst_top_inst/rst_scheme_inst/timeout_cntr_reg[16]/CE
                                                              4.199         
HIGH_SPEED_ADC/HADC_BANK_66/inst/top_inst/clk_rst_top_inst/rst_scheme_inst/timeout_cntr_reg[8]/C
                               HIGH_SPEED_ADC/HADC_BANK_66/inst/top_inst/clk_rst_top_inst/rst_scheme_inst/timeout_cntr_reg[17]/CE
                                                              4.199         
HIGH_SPEED_ADC/HADC_BANK_66/inst/top_inst/clk_rst_top_inst/rst_scheme_inst/timeout_cntr_reg[8]/C
                               HIGH_SPEED_ADC/HADC_BANK_66/inst/top_inst/clk_rst_top_inst/rst_scheme_inst/timeout_cntr_reg[18]/CE
                                                              4.199         
HIGH_SPEED_ADC/HADC_BANK_66/inst/top_inst/clk_rst_top_inst/rst_scheme_inst/timeout_cntr_reg[8]/C
                               HIGH_SPEED_ADC/HADC_BANK_66/inst/top_inst/clk_rst_top_inst/rst_scheme_inst/timeout_cntr_reg[19]/CE
                                                              4.199         
HIGH_SPEED_ADC/HADC_BANK_66/inst/top_inst/clk_rst_top_inst/rst_scheme_inst/GEN_RIU_NOT_FROM_PLL.hssio_state_reg[5]/C
                               HIGH_SPEED_ADC/HADC_BANK_66/inst/top_inst/clk_rst_top_inst/rst_scheme_inst/GEN_RIU_NOT_FROM_PLL.hssio_state_reg[0]/D
                                                              4.212         
HIGH_SPEED_ADC/HADC_BANK_65/inst/top_inst/clk_rst_top_inst/rst_scheme_inst/GEN_RIU_NOT_FROM_PLL.hssio_state_reg[6]/C
                               HIGH_SPEED_ADC/HADC_BANK_65/inst/top_inst/clk_rst_top_inst/rst_scheme_inst/wait_pll_lock_timeout_reg/D
                                                              4.273         
HIGH_SPEED_ADC/HADC_BANK_66/inst/top_inst/clk_rst_top_inst/rst_scheme_inst/GEN_RIU_NOT_FROM_PLL.bs_dly_rst_reg/C
                               HIGH_SPEED_ADC/HADC_BANK_66/inst/top_inst/clk_rst_top_inst/rst_scheme_inst/bs_rst_gen[36].bs_dly_rst_r_reg[36]/D
                                                              4.309         
HIGH_SPEED_ADC/HADC_BANK_66/inst/top_inst/clk_rst_top_inst/rst_scheme_inst/sync_cell_bs_rst_dphy_inst/sync_flop_1_reg[0]/C
                               HIGH_SPEED_ADC/HADC_BANK_66/inst/top_inst/clk_rst_top_inst/rst_scheme_inst/bs_rst_int_r_reg[41]/S
                                                              4.346         
HIGH_SPEED_ADC/HADC_BANK_66/inst/top_inst/clk_rst_top_inst/rst_scheme_inst/GEN_RIU_NOT_FROM_PLL.bsc_en_vtc_reg/C
                               HIGH_SPEED_ADC/HADC_BANK_66/inst/top_inst/bs_ctrl_top_inst/BITSLICE_CTRL[7].bs_ctrl_inst/EN_VTC
                                                              4.478         
HIGH_SPEED_ADC/HADC_BANK_66/inst/top_inst/clk_rst_top_inst/rst_scheme_inst/GEN_RIU_NOT_FROM_PLL.hssio_state_reg[4]/C
                               HIGH_SPEED_ADC/HADC_BANK_66/inst/top_inst/clk_rst_top_inst/rst_scheme_inst/GEN_RIU_NOT_FROM_PLL.start_fab_clk_cntr_reg/D
                                                              4.490         
HIGH_SPEED_ADC/HADC_BANK_66/inst/top_inst/clk_rst_top_inst/rst_scheme_inst/sync_cell_bs_rst_dphy_inst/sync_flop_1_reg[0]/C
                               HIGH_SPEED_ADC/HADC_BANK_66/inst/top_inst/clk_rst_top_inst/rst_scheme_inst/bs_rst_int_r_reg[43]/S
                                                              4.500         
HIGH_SPEED_ADC/HADC_BANK_66/inst/top_inst/clk_rst_top_inst/rst_scheme_inst/GEN_RIU_NOT_FROM_PLL.hssio_state_reg[5]/C
                               HIGH_SPEED_ADC/HADC_BANK_66/inst/top_inst/clk_rst_top_inst/rst_scheme_inst/GEN_RIU_NOT_FROM_PLL.hssio_state_reg[1]/D
                                                              4.579         
HIGH_SPEED_ADC/HADC_BANK_66/inst/top_inst/clk_rst_top_inst/rst_scheme_inst/GEN_RIU_NOT_FROM_PLL.hssio_state_reg[8]/C
                               HIGH_SPEED_ADC/HADC_BANK_66/inst/top_inst/clk_rst_top_inst/rst_scheme_inst/GEN_RIU_NOT_FROM_PLL.hssio_state_reg[6]/D
                                                              4.607         
HIGH_SPEED_ADC/HADC_BANK_66/inst/top_inst/clk_rst_top_inst/rst_scheme_inst/GEN_RIU_NOT_FROM_PLL.hssio_state_reg[8]/C
                               HIGH_SPEED_ADC/HADC_BANK_66/inst/top_inst/clk_rst_top_inst/rst_scheme_inst/GEN_RIU_NOT_FROM_PLL.hssio_state_reg[5]/D
                                                              4.621         
HIGH_SPEED_ADC/HADC_BANK_66/inst/top_inst/clk_rst_top_inst/rst_scheme_inst/sync_cell_dly_rdy_inst/sync_flop_1_reg[0]/C
                               HIGH_SPEED_ADC/HADC_BANK_66/inst/top_inst/clk_rst_top_inst/rst_scheme_inst/GEN_RIU_NOT_FROM_PLL.bsc_en_vtc_reg/D
                                                              4.646         
HIGH_SPEED_ADC/HADC_BANK_66/inst/top_inst/clk_rst_top_inst/rst_scheme_inst/GEN_RIU_NOT_FROM_PLL.hssio_state_reg[4]/C
                               HIGH_SPEED_ADC/HADC_BANK_66/inst/top_inst/clk_rst_top_inst/rst_scheme_inst/GEN_RIU_NOT_FROM_PLL.pll0_rst_reg/D
                                                              4.652         
HIGH_SPEED_ADC/HADC_BANK_66/inst/top_inst/clk_rst_top_inst/rst_scheme_inst/GEN_RIU_NOT_FROM_PLL.hssio_state_reg[8]/C
                               HIGH_SPEED_ADC/HADC_BANK_66/inst/top_inst/clk_rst_top_inst/rst_scheme_inst/GEN_RIU_NOT_FROM_PLL.hssio_state_reg[4]/D
                                                              4.653         
HIGH_SPEED_ADC/HADC_BANK_66/inst/top_inst/clk_rst_top_inst/rst_scheme_inst/GEN_RIU_NOT_FROM_PLL.bs_dly_rst_reg/C
                               HIGH_SPEED_ADC/HADC_BANK_66/inst/top_inst/clk_rst_top_inst/rst_scheme_inst/bs_rst_gen[30].bs_rst_r_reg[30]/D
                                                              4.666         
HIGH_SPEED_ADC/HADC_BANK_66/inst/top_inst/clk_rst_top_inst/rst_scheme_inst/GEN_RIU_NOT_FROM_PLL.hssio_state_reg[5]/C
                               HIGH_SPEED_ADC/HADC_BANK_66/inst/top_inst/clk_rst_top_inst/rst_scheme_inst/GEN_RIU_NOT_FROM_PLL.hssio_state_reg[2]/D
                                                              4.668         
HIGH_SPEED_ADC/HADC_BANK_66/inst/top_inst/clk_rst_top_inst/rst_scheme_inst/GEN_RIU_NOT_FROM_PLL.bsc_en_vtc_reg/C
                               HIGH_SPEED_ADC/HADC_BANK_66/inst/top_inst/bs_ctrl_top_inst/BITSLICE_CTRL[5].bs_ctrl_inst/EN_VTC
                                                              4.669         
HIGH_SPEED_ADC/HADC_BANK_66/inst/top_inst/clk_rst_top_inst/rst_scheme_inst/GEN_RIU_NOT_FROM_PLL.bsc_en_vtc_reg/C
                               HIGH_SPEED_ADC/HADC_BANK_66/inst/top_inst/bs_ctrl_top_inst/BITSLICE_CTRL[3].bs_ctrl_inst/EN_VTC
                                                              4.690         
HIGH_SPEED_ADC/HADC_BANK_66/inst/top_inst/clk_rst_top_inst/rst_scheme_inst/GEN_RIU_NOT_FROM_PLL.bs_dly_rst_reg/C
                               HIGH_SPEED_ADC/HADC_BANK_66/inst/top_inst/clk_rst_top_inst/rst_scheme_inst/bs_rst_gen[32].bs_rst_r_reg[32]/D
                                                              4.703         
HIGH_SPEED_ADC/HADC_BANK_65/inst/top_inst/clk_rst_top_inst/rst_scheme_inst/GEN_RIU_NOT_FROM_PLL.hssio_state_reg[6]/C
                               HIGH_SPEED_ADC/HADC_BANK_65/inst/top_inst/clk_rst_top_inst/rst_scheme_inst/GEN_RIU_NOT_FROM_PLL.hssio_state_reg[6]/D
                                                              4.717         
HIGH_SPEED_ADC/HADC_BANK_66/inst/top_inst/clk_rst_top_inst/rst_scheme_inst/GEN_RIU_NOT_FROM_PLL.bs_dly_rst_reg/C
                               HIGH_SPEED_ADC/HADC_BANK_66/inst/top_inst/clk_rst_top_inst/rst_scheme_inst/bs_rst_gen[34].bs_rst_r_reg[34]/D
                                                              4.719         
HIGH_SPEED_ADC/HADC_BANK_66/inst/top_inst/clk_rst_top_inst/rst_scheme_inst/GEN_RIU_NOT_FROM_PLL.bs_dly_rst_reg/C
                               HIGH_SPEED_ADC/HADC_BANK_66/inst/top_inst/clk_rst_top_inst/rst_scheme_inst/bs_rst_gen[39].bs_rst_r_reg[39]/D
                                                              4.725         
HIGH_SPEED_ADC/HADC_BANK_66/inst/top_inst/clk_rst_top_inst/rst_scheme_inst/GEN_RIU_NOT_FROM_PLL.bsc_en_vtc_reg/C
                               HIGH_SPEED_ADC/HADC_BANK_66/inst/top_inst/bs_ctrl_top_inst/BITSLICE_CTRL[1].bs_ctrl_inst/EN_VTC
                                                              4.752         
HIGH_SPEED_ADC/HADC_BANK_65/inst/top_inst/clk_rst_top_inst/rst_scheme_inst/GEN_RIU_NOT_FROM_PLL.hssio_state_reg[6]/C
                               HIGH_SPEED_ADC/HADC_BANK_65/inst/top_inst/clk_rst_top_inst/rst_scheme_inst/GEN_RIU_NOT_FROM_PLL.hssio_state_reg[1]/D
                                                              4.759         
HIGH_SPEED_ADC/HADC_BANK_66/inst/top_inst/clk_rst_top_inst/rst_scheme_inst/GEN_RIU_NOT_FROM_PLL.hssio_state_reg[5]/C
                               HIGH_SPEED_ADC/HADC_BANK_66/inst/top_inst/clk_rst_top_inst/rst_scheme_inst/GEN_RIU_NOT_FROM_PLL.hssio_state_reg[3]/D
                                                              4.776         
HIGH_SPEED_ADC/HADC_BANK_66/inst/top_inst/clk_rst_top_inst/rst_scheme_inst/GEN_RIU_NOT_FROM_PLL.bs_dly_rst_reg/C
                               HIGH_SPEED_ADC/HADC_BANK_66/inst/top_inst/clk_rst_top_inst/rst_scheme_inst/bs_rst_gen[36].bs_rst_r_reg[36]/D
                                                              4.800         
HIGH_SPEED_ADC/HADC_BANK_65/inst/top_inst/clk_rst_top_inst/rst_scheme_inst/sync_cell_bs_rst_dphy_inst/sync_flop_1_reg[0]/C
                               HIGH_SPEED_ADC/HADC_BANK_65/inst/top_inst/clk_rst_top_inst/rst_scheme_inst/bs_rst_int_r_reg[21]/S
                                                              4.802         
HIGH_SPEED_ADC/HADC_BANK_65/inst/top_inst/clk_rst_top_inst/rst_scheme_inst/sync_cell_bs_rst_dphy_inst/sync_flop_1_reg[0]/C
                               HIGH_SPEED_ADC/HADC_BANK_65/inst/top_inst/clk_rst_top_inst/rst_scheme_inst/bs_rst_int_r_reg[34]/S
                                                              4.802         
HIGH_SPEED_ADC/HADC_BANK_65/inst/top_inst/clk_rst_top_inst/rst_scheme_inst/sync_cell_bs_rst_dphy_inst/sync_flop_1_reg[0]/C
                               HIGH_SPEED_ADC/HADC_BANK_65/inst/top_inst/clk_rst_top_inst/rst_scheme_inst/bs_rst_int_r_reg[47]/S
                                                              4.802         
HIGH_SPEED_ADC/HADC_BANK_65/inst/top_inst/clk_rst_top_inst/rst_scheme_inst/sync_cell_bs_rst_dphy_inst/sync_flop_1_reg[0]/C
                               HIGH_SPEED_ADC/HADC_BANK_65/inst/top_inst/clk_rst_top_inst/rst_scheme_inst/bs_rst_int_r_reg[8]/S
                                                              4.802         
HIGH_SPEED_ADC/HADC_BANK_65/inst/top_inst/clk_rst_top_inst/rst_scheme_inst/GEN_RIU_NOT_FROM_PLL.bs_dly_rst_reg/C
                               HIGH_SPEED_ADC/HADC_BANK_65/inst/top_inst/clk_rst_top_inst/rst_scheme_inst/bs_rst_gen[8].bs_rst_r_reg[8]/D
                                                              4.823         
HIGH_SPEED_ADC/HADC_BANK_66/inst/top_inst/clk_rst_top_inst/rst_scheme_inst/GEN_RIU_NOT_FROM_PLL.bsc_en_vtc_reg/C
                               HIGH_SPEED_ADC/HADC_BANK_66/inst/top_inst/bs_ctrl_top_inst/BITSLICE_CTRL[6].bs_ctrl_inst/EN_VTC
                                                              4.827         
HIGH_SPEED_ADC/HADC_BANK_66/inst/top_inst/clk_rst_top_inst/rst_scheme_inst/GEN_RIU_NOT_FROM_PLL.bs_dly_rst_reg/C
                               HIGH_SPEED_ADC/HADC_BANK_66/inst/top_inst/clk_rst_top_inst/rst_scheme_inst/bs_rst_gen[49].bs_dly_rst_r_reg[49]/D
                                                              4.841         
HIGH_SPEED_ADC/HADC_BANK_66/inst/top_inst/clk_rst_top_inst/rst_scheme_inst/GEN_RIU_NOT_FROM_PLL.bs_dly_rst_reg/C
                               HIGH_SPEED_ADC/HADC_BANK_66/inst/top_inst/clk_rst_top_inst/rst_scheme_inst/bs_rst_gen[45].bs_dly_rst_r_reg[45]/D
                                                              4.841         
HIGH_SPEED_ADC/HADC_BANK_65/inst/top_inst/clk_rst_top_inst/rst_scheme_inst/GEN_RIU_NOT_FROM_PLL.bs_dly_rst_reg/C
                               HIGH_SPEED_ADC/HADC_BANK_65/inst/top_inst/clk_rst_top_inst/rst_scheme_inst/bs_rst_gen[34].bs_rst_r_reg[34]/D
                                                              4.860         
HIGH_SPEED_ADC/HADC_BANK_65/inst/top_inst/clk_rst_top_inst/rst_scheme_inst/GEN_RIU_NOT_FROM_PLL.bs_dly_rst_reg/C
                               HIGH_SPEED_ADC/HADC_BANK_65/inst/top_inst/clk_rst_top_inst/rst_scheme_inst/bs_rst_gen[21].bs_rst_r_reg[21]/D
                                                              4.861         
HIGH_SPEED_ADC/HADC_BANK_65/inst/top_inst/clk_rst_top_inst/rst_scheme_inst/GEN_RIU_NOT_FROM_PLL.hssio_state_reg[6]/C
                               HIGH_SPEED_ADC/HADC_BANK_65/inst/top_inst/clk_rst_top_inst/rst_scheme_inst/GEN_RIU_NOT_FROM_PLL.hssio_state_reg[3]/D
                                                              4.874         
HIGH_SPEED_ADC/HADC_BANK_66/inst/top_inst/clk_rst_top_inst/rst_scheme_inst/GEN_RIU_NOT_FROM_PLL.bs_dly_rst_reg/C
                               HIGH_SPEED_ADC/HADC_BANK_66/inst/top_inst/clk_rst_top_inst/rst_scheme_inst/bs_rst_gen[41].bs_dly_rst_r_reg[41]/D
                                                              4.898         
HIGH_SPEED_ADC/HADC_BANK_66/inst/top_inst/clk_rst_top_inst/rst_scheme_inst/GEN_RIU_NOT_FROM_PLL.bs_dly_rst_reg/C
                               HIGH_SPEED_ADC/HADC_BANK_66/inst/top_inst/clk_rst_top_inst/rst_scheme_inst/bs_rst_gen[43].bs_dly_rst_r_reg[43]/D
                                                              4.905         
HIGH_SPEED_ADC/HADC_BANK_65/inst/top_inst/clk_rst_top_inst/rst_scheme_inst/GEN_RIU_NOT_FROM_PLL.hssio_state_reg[6]/C
                               HIGH_SPEED_ADC/HADC_BANK_65/inst/top_inst/clk_rst_top_inst/rst_scheme_inst/GEN_RIU_NOT_FROM_PLL.hssio_state_reg[5]/D
                                                              4.908         
HIGH_SPEED_ADC/HADC_BANK_66/inst/top_inst/clk_rst_top_inst/rst_scheme_inst/GEN_RIU_NOT_FROM_PLL.bs_dly_rst_reg/C
                               HIGH_SPEED_ADC/HADC_BANK_66/inst/top_inst/clk_rst_top_inst/rst_scheme_inst/bs_rst_gen[39].bs_dly_rst_r_reg[39]/D
                                                              4.909         
HIGH_SPEED_ADC/HADC_BANK_65/inst/top_inst/clk_rst_top_inst/rst_scheme_inst/GEN_RIU_NOT_FROM_PLL.hssio_state_reg[6]/C
                               HIGH_SPEED_ADC/HADC_BANK_65/inst/top_inst/clk_rst_top_inst/rst_scheme_inst/GEN_RIU_NOT_FROM_PLL.hssio_state_reg[4]/D
                                                              4.916         
HIGH_SPEED_ADC/HADC_BANK_65/inst/top_inst/clk_rst_top_inst/rst_scheme_inst/GEN_RIU_NOT_FROM_PLL.bs_dly_rst_reg/C
                               HIGH_SPEED_ADC/HADC_BANK_65/inst/top_inst/clk_rst_top_inst/rst_scheme_inst/bs_rst_gen[47].bs_rst_r_reg[47]/D
                                                              4.919         
HIGH_SPEED_ADC/HADC_BANK_65/inst/top_inst/clk_rst_top_inst/rst_scheme_inst/GEN_RIU_NOT_FROM_PLL.hssio_state_reg[2]/C
                               HIGH_SPEED_ADC/HADC_BANK_65/inst/top_inst/clk_rst_top_inst/rst_scheme_inst/GEN_RIU_NOT_FROM_PLL.pll0_clkoutphy_en_reg/D
                                                              4.925         
HIGH_SPEED_ADC/HADC_BANK_66/inst/top_inst/clk_rst_top_inst/rst_scheme_inst/GEN_RIU_NOT_FROM_PLL.bs_dly_rst_reg/C
                               HIGH_SPEED_ADC/HADC_BANK_66/inst/top_inst/clk_rst_top_inst/rst_scheme_inst/bs_rst_gen[34].bs_dly_rst_r_reg[34]/D
                                                              4.957         
HIGH_SPEED_ADC/HADC_BANK_65/inst/top_inst/clk_rst_top_inst/rst_scheme_inst/GEN_RIU_NOT_FROM_PLL.rst_seq_done_reg/C
                               HIGH_SPEED_ADC/HADC_BANK_65/inst/top_inst/bs_ctrl_top_inst/BITSLICE_CTRL[1].bs_ctrl_inst/EN_VTC
                                                              4.958         
HIGH_SPEED_ADC/HADC_BANK_66/inst/top_inst/clk_rst_top_inst/rst_scheme_inst/GEN_RIU_NOT_FROM_PLL.bs_dly_rst_reg/C
                               HIGH_SPEED_ADC/HADC_BANK_66/inst/top_inst/clk_rst_top_inst/rst_scheme_inst/bs_rst_gen[47].bs_dly_rst_r_reg[47]/D
                                                              4.969         
DACs/DAC_JESD_PHY/inst/jesd204_phy_block_i/tx_pll_lock_reg/C
                               DACs/DAC_JESD_PHY/inst/jesd204_phy_block_i/gtwiz_reset_block_i/reset_synchronizer_txprogdivreset_inst/rst_in_meta_reg/PRE
                                                              8.049         
DACs/DAC_JESD_PHY/inst/jesd204_phy_block_i/tx_pll_lock_reg/C
                               DACs/DAC_JESD_PHY/inst/jesd204_phy_block_i/gtwiz_reset_block_i/reset_synchronizer_txprogdivreset_inst/rst_in_sync1_reg/PRE
                                                              8.049         
DACs/DAC_JESD_PHY/inst/jesd204_phy_block_i/tx_pll_lock_reg/C
                               DACs/DAC_JESD_PHY/inst/jesd204_phy_block_i/gtwiz_reset_block_i/reset_synchronizer_txprogdivreset_inst/rst_in_sync2_reg/PRE
                                                              8.049         
DACs/DAC_JESD_PHY/inst/jesd204_phy_block_i/tx_pll_lock_reg/C
                               DACs/DAC_JESD_PHY/inst/jesd204_phy_block_i/gtwiz_reset_block_i/reset_synchronizer_txprogdivreset_inst/rst_in_sync3_reg/PRE
                                                              8.049         
DACs/DAC_JESD_PHY/inst/jesd204_phy_block_i/tx_pll_lock_reg/C
                               DACs/DAC_JESD_PHY/inst/jesd204_phy_block_i/gtwiz_reset_block_i/reset_synchronizer_txprogdivreset_inst/rst_in_out_reg/PRE
                                                              8.210         
PROCESSOR/processor_i/AXI_INTER/s00_couplers/auto_ds/inst/gen_downsizer.gen_simple_downsizer.axi_downsizer_inst/USE_WRITE.write_addr_inst/USE_B_CHANNEL.cmd_b_queue/inst/fifo_gen_inst/inst_fifo_gen/gconvfifo.rf/grf.rf/rstblk/ngwrdrst.grst.g7serrst.gnsckt_wrst.gcc_rst.sckt_wr_rst_cc_reg[1]/C
                               PROCESSOR/processor_i/AXI_INTER/s00_couplers/auto_ds/inst/gen_downsizer.gen_simple_downsizer.axi_downsizer_inst/USE_WRITE.write_addr_inst/USE_B_CHANNEL.cmd_b_queue/inst/fifo_gen_inst/inst_fifo_gen/gconvfifo.rf/grf.rf/gntv_or_sync_fifo.gl0.rd/rpntr/gc0.count_reg[0]/PRE
                                                              8.530         
PROCESSOR/processor_i/AXI_INTER/s00_couplers/auto_ds/inst/gen_downsizer.gen_simple_downsizer.axi_downsizer_inst/USE_WRITE.write_addr_inst/USE_B_CHANNEL.cmd_b_queue/inst/fifo_gen_inst/inst_fifo_gen/gconvfifo.rf/grf.rf/rstblk/ngwrdrst.grst.g7serrst.gnsckt_wrst.gcc_rst.sckt_wr_rst_cc_reg[1]/C
                               PROCESSOR/processor_i/AXI_INTER/s00_couplers/auto_ds/inst/gen_downsizer.gen_simple_downsizer.axi_downsizer_inst/USE_WRITE.write_addr_inst/USE_B_CHANNEL.cmd_b_queue/inst/fifo_gen_inst/inst_fifo_gen/gconvfifo.rf/grf.rf/gntv_or_sync_fifo.gl0.rd/rpntr/gc0.count_reg[1]/CLR
                                                              8.530         
PROCESSOR/processor_i/AXI_INTER/s00_couplers/auto_ds/inst/gen_downsizer.gen_simple_downsizer.axi_downsizer_inst/USE_WRITE.write_addr_inst/USE_B_CHANNEL.cmd_b_queue/inst/fifo_gen_inst/inst_fifo_gen/gconvfifo.rf/grf.rf/rstblk/ngwrdrst.grst.g7serrst.gnsckt_wrst.gcc_rst.sckt_wr_rst_cc_reg[1]/C
                               PROCESSOR/processor_i/AXI_INTER/s00_couplers/auto_ds/inst/gen_downsizer.gen_simple_downsizer.axi_downsizer_inst/USE_WRITE.write_addr_inst/USE_B_CHANNEL.cmd_b_queue/inst/fifo_gen_inst/inst_fifo_gen/gconvfifo.rf/grf.rf/gntv_or_sync_fifo.gl0.rd/rpntr/gc0.count_reg[2]/CLR
                                                              8.530         
PROCESSOR/processor_i/AXI_INTER/s00_couplers/auto_ds/inst/gen_downsizer.gen_simple_downsizer.axi_downsizer_inst/USE_WRITE.write_addr_inst/USE_B_CHANNEL.cmd_b_queue/inst/fifo_gen_inst/inst_fifo_gen/gconvfifo.rf/grf.rf/rstblk/ngwrdrst.grst.g7serrst.gnsckt_wrst.gcc_rst.sckt_wr_rst_cc_reg[1]/C
                               PROCESSOR/processor_i/AXI_INTER/s00_couplers/auto_ds/inst/gen_downsizer.gen_simple_downsizer.axi_downsizer_inst/USE_WRITE.write_addr_inst/USE_B_CHANNEL.cmd_b_queue/inst/fifo_gen_inst/inst_fifo_gen/gconvfifo.rf/grf.rf/gntv_or_sync_fifo.gl0.rd/rpntr/gc0.count_reg[3]/CLR
                                                              8.530         
PROCESSOR/processor_i/AXI_INTER/s00_couplers/auto_ds/inst/gen_downsizer.gen_simple_downsizer.axi_downsizer_inst/USE_WRITE.write_addr_inst/USE_B_CHANNEL.cmd_b_queue/inst/fifo_gen_inst/inst_fifo_gen/gconvfifo.rf/grf.rf/rstblk/ngwrdrst.grst.g7serrst.gnsckt_wrst.gcc_rst.sckt_wr_rst_cc_reg[1]/C
                               PROCESSOR/processor_i/AXI_INTER/s00_couplers/auto_ds/inst/gen_downsizer.gen_simple_downsizer.axi_downsizer_inst/USE_WRITE.write_addr_inst/USE_B_CHANNEL.cmd_b_queue/inst/fifo_gen_inst/inst_fifo_gen/gconvfifo.rf/grf.rf/gntv_or_sync_fifo.gl0.rd/rpntr/gc0.count_reg[4]/CLR
                                                              8.530         
PROCESSOR/processor_i/AXI_INTER/s00_couplers/auto_ds/inst/gen_downsizer.gen_simple_downsizer.axi_downsizer_inst/USE_WRITE.write_addr_inst/USE_B_CHANNEL.cmd_b_queue/inst/fifo_gen_inst/inst_fifo_gen/gconvfifo.rf/grf.rf/rstblk/ngwrdrst.grst.g7serrst.gnsckt_wrst.gcc_rst.sckt_wr_rst_cc_reg[1]/C
                               PROCESSOR/processor_i/AXI_INTER/s00_couplers/auto_ds/inst/gen_downsizer.gen_simple_downsizer.axi_downsizer_inst/USE_WRITE.write_addr_inst/USE_B_CHANNEL.cmd_b_queue/inst/fifo_gen_inst/inst_fifo_gen/gconvfifo.rf/grf.rf/gntv_or_sync_fifo.gl0.rd/rpntr/gc0.count_d1_reg[0]/CLR
                                                              8.533         
PROCESSOR/processor_i/AXI_INTER/s00_couplers/auto_ds/inst/gen_downsizer.gen_simple_downsizer.axi_downsizer_inst/USE_WRITE.write_addr_inst/USE_B_CHANNEL.cmd_b_queue/inst/fifo_gen_inst/inst_fifo_gen/gconvfifo.rf/grf.rf/rstblk/ngwrdrst.grst.g7serrst.gnsckt_wrst.gcc_rst.sckt_wr_rst_cc_reg[1]/C
                               PROCESSOR/processor_i/AXI_INTER/s00_couplers/auto_ds/inst/gen_downsizer.gen_simple_downsizer.axi_downsizer_inst/USE_WRITE.write_addr_inst/USE_B_CHANNEL.cmd_b_queue/inst/fifo_gen_inst/inst_fifo_gen/gconvfifo.rf/grf.rf/gntv_or_sync_fifo.gl0.rd/rpntr/gc0.count_d1_reg[1]/CLR
                                                              8.533         
PROCESSOR/processor_i/AXI_INTER/s00_couplers/auto_ds/inst/gen_downsizer.gen_simple_downsizer.axi_downsizer_inst/USE_WRITE.write_addr_inst/USE_B_CHANNEL.cmd_b_queue/inst/fifo_gen_inst/inst_fifo_gen/gconvfifo.rf/grf.rf/rstblk/ngwrdrst.grst.g7serrst.gnsckt_wrst.gcc_rst.sckt_wr_rst_cc_reg[1]/C
                               PROCESSOR/processor_i/AXI_INTER/s00_couplers/auto_ds/inst/gen_downsizer.gen_simple_downsizer.axi_downsizer_inst/USE_WRITE.write_addr_inst/USE_B_CHANNEL.cmd_b_queue/inst/fifo_gen_inst/inst_fifo_gen/gconvfifo.rf/grf.rf/gntv_or_sync_fifo.gl0.rd/rpntr/gc0.count_d1_reg[2]/CLR
                                                              8.533         
PROCESSOR/processor_i/AXI_INTER/s00_couplers/auto_ds/inst/gen_downsizer.gen_simple_downsizer.axi_downsizer_inst/USE_WRITE.write_addr_inst/USE_B_CHANNEL.cmd_b_queue/inst/fifo_gen_inst/inst_fifo_gen/gconvfifo.rf/grf.rf/rstblk/ngwrdrst.grst.g7serrst.gnsckt_wrst.gcc_rst.sckt_wr_rst_cc_reg[1]/C
                               PROCESSOR/processor_i/AXI_INTER/s00_couplers/auto_ds/inst/gen_downsizer.gen_simple_downsizer.axi_downsizer_inst/USE_WRITE.write_addr_inst/USE_B_CHANNEL.cmd_b_queue/inst/fifo_gen_inst/inst_fifo_gen/gconvfifo.rf/grf.rf/gntv_or_sync_fifo.gl0.rd/rpntr/gc0.count_d1_reg[3]/CLR
                                                              8.533         
PROCESSOR/processor_i/AXI_INTER/s00_couplers/auto_ds/inst/gen_downsizer.gen_simple_downsizer.axi_downsizer_inst/USE_WRITE.write_addr_inst/USE_B_CHANNEL.cmd_b_queue/inst/fifo_gen_inst/inst_fifo_gen/gconvfifo.rf/grf.rf/rstblk/ngwrdrst.grst.g7serrst.gnsckt_wrst.gcc_rst.sckt_wr_rst_cc_reg[1]/C
                               PROCESSOR/processor_i/AXI_INTER/s00_couplers/auto_ds/inst/gen_downsizer.gen_simple_downsizer.axi_downsizer_inst/USE_WRITE.write_addr_inst/USE_B_CHANNEL.cmd_b_queue/inst/fifo_gen_inst/inst_fifo_gen/gconvfifo.rf/grf.rf/gntv_or_sync_fifo.gl0.rd/rpntr/gc0.count_d1_reg[4]/CLR
                                                              8.533         
PROCESSOR/processor_i/AXI_INTER/s00_couplers/auto_ds/inst/gen_downsizer.gen_simple_downsizer.axi_downsizer_inst/USE_WRITE.write_addr_inst/cmd_queue/inst/fifo_gen_inst/inst_fifo_gen/gconvfifo.rf/grf.rf/rstblk/ngwrdrst.grst.g7serrst.gnsckt_wrst.gcc_rst.sckt_wr_rst_cc_reg[1]/C
                               PROCESSOR/processor_i/AXI_INTER/s00_couplers/auto_ds/inst/gen_downsizer.gen_simple_downsizer.axi_downsizer_inst/USE_WRITE.write_addr_inst/cmd_queue/inst/fifo_gen_inst/inst_fifo_gen/gconvfifo.rf/grf.rf/gntv_or_sync_fifo.gl0.rd/rpntr/gc0.count_reg[0]/PRE
                                                              8.569         
PROCESSOR/processor_i/AXI_INTER/s00_couplers/auto_ds/inst/gen_downsizer.gen_simple_downsizer.axi_downsizer_inst/USE_WRITE.write_addr_inst/cmd_queue/inst/fifo_gen_inst/inst_fifo_gen/gconvfifo.rf/grf.rf/rstblk/ngwrdrst.grst.g7serrst.gnsckt_wrst.gcc_rst.sckt_wr_rst_cc_reg[1]/C
                               PROCESSOR/processor_i/AXI_INTER/s00_couplers/auto_ds/inst/gen_downsizer.gen_simple_downsizer.axi_downsizer_inst/USE_WRITE.write_addr_inst/cmd_queue/inst/fifo_gen_inst/inst_fifo_gen/gconvfifo.rf/grf.rf/gntv_or_sync_fifo.gl0.rd/rpntr/gc0.count_reg[1]/CLR
                                                              8.569         
PROCESSOR/processor_i/AXI_INTER/s00_couplers/auto_ds/inst/gen_downsizer.gen_simple_downsizer.axi_downsizer_inst/USE_WRITE.write_addr_inst/cmd_queue/inst/fifo_gen_inst/inst_fifo_gen/gconvfifo.rf/grf.rf/rstblk/ngwrdrst.grst.g7serrst.gnsckt_wrst.gcc_rst.sckt_wr_rst_cc_reg[1]/C
                               PROCESSOR/processor_i/AXI_INTER/s00_couplers/auto_ds/inst/gen_downsizer.gen_simple_downsizer.axi_downsizer_inst/USE_WRITE.write_addr_inst/cmd_queue/inst/fifo_gen_inst/inst_fifo_gen/gconvfifo.rf/grf.rf/gntv_or_sync_fifo.gl0.rd/rpntr/gc0.count_reg[2]/CLR
                                                              8.569         
PROCESSOR/processor_i/AXI_INTER/s00_couplers/auto_ds/inst/gen_downsizer.gen_simple_downsizer.axi_downsizer_inst/USE_WRITE.write_addr_inst/cmd_queue/inst/fifo_gen_inst/inst_fifo_gen/gconvfifo.rf/grf.rf/rstblk/ngwrdrst.grst.g7serrst.gnsckt_wrst.gcc_rst.sckt_wr_rst_cc_reg[1]/C
                               PROCESSOR/processor_i/AXI_INTER/s00_couplers/auto_ds/inst/gen_downsizer.gen_simple_downsizer.axi_downsizer_inst/USE_WRITE.write_addr_inst/cmd_queue/inst/fifo_gen_inst/inst_fifo_gen/gconvfifo.rf/grf.rf/gntv_or_sync_fifo.gl0.wr/gwss.wsts/ram_full_fb_i_reg/CLR
                                                              8.571         
PROCESSOR/processor_i/AXI_INTER/s00_couplers/auto_ds/inst/gen_downsizer.gen_simple_downsizer.axi_downsizer_inst/USE_WRITE.write_addr_inst/cmd_queue/inst/fifo_gen_inst/inst_fifo_gen/gconvfifo.rf/grf.rf/rstblk/ngwrdrst.grst.g7serrst.gnsckt_wrst.gcc_rst.sckt_wr_rst_cc_reg[1]/C
                               PROCESSOR/processor_i/AXI_INTER/s00_couplers/auto_ds/inst/gen_downsizer.gen_simple_downsizer.axi_downsizer_inst/USE_WRITE.write_addr_inst/cmd_queue/inst/fifo_gen_inst/inst_fifo_gen/gconvfifo.rf/grf.rf/gntv_or_sync_fifo.gl0.wr/gwss.wsts/ram_full_i_reg/CLR
                                                              8.571         
PROCESSOR/processor_i/AXI_INTER/s00_couplers/auto_ds/inst/gen_downsizer.gen_simple_downsizer.axi_downsizer_inst/USE_WRITE.write_addr_inst/cmd_queue/inst/fifo_gen_inst/inst_fifo_gen/gconvfifo.rf/grf.rf/rstblk/ngwrdrst.grst.g7serrst.gnsckt_wrst.gcc_rst.sckt_wr_rst_cc_reg[1]/C
                               PROCESSOR/processor_i/AXI_INTER/s00_couplers/auto_ds/inst/gen_downsizer.gen_simple_downsizer.axi_downsizer_inst/USE_WRITE.write_addr_inst/cmd_queue/inst/fifo_gen_inst/inst_fifo_gen/gconvfifo.rf/grf.rf/gntv_or_sync_fifo.gl0.rd/rpntr/gc0.count_reg[3]/CLR
                                                              8.627         
PROCESSOR/processor_i/AXI_INTER/s00_couplers/auto_ds/inst/gen_downsizer.gen_simple_downsizer.axi_downsizer_inst/USE_WRITE.write_addr_inst/cmd_queue/inst/fifo_gen_inst/inst_fifo_gen/gconvfifo.rf/grf.rf/rstblk/ngwrdrst.grst.g7serrst.gnsckt_wrst.gcc_rst.sckt_wr_rst_cc_reg[1]/C
                               PROCESSOR/processor_i/AXI_INTER/s00_couplers/auto_ds/inst/gen_downsizer.gen_simple_downsizer.axi_downsizer_inst/USE_WRITE.write_addr_inst/cmd_queue/inst/fifo_gen_inst/inst_fifo_gen/gconvfifo.rf/grf.rf/gntv_or_sync_fifo.gl0.rd/rpntr/gc0.count_reg[4]/CLR
                                                              8.627         
PROCESSOR/processor_i/AXI_INTER/s00_couplers/auto_ds/inst/gen_downsizer.gen_simple_downsizer.axi_downsizer_inst/USE_WRITE.write_addr_inst/cmd_queue/inst/fifo_gen_inst/inst_fifo_gen/gconvfifo.rf/grf.rf/rstblk/ngwrdrst.grst.g7serrst.gnsckt_wrst.gcc_rst.sckt_wr_rst_cc_reg[1]/C
                               PROCESSOR/processor_i/AXI_INTER/s00_couplers/auto_ds/inst/gen_downsizer.gen_simple_downsizer.axi_downsizer_inst/USE_WRITE.write_addr_inst/cmd_queue/inst/fifo_gen_inst/inst_fifo_gen/gconvfifo.rf/grf.rf/gntv_or_sync_fifo.gl0.rd/rpntr/gc0.count_d1_reg[0]/CLR
                                                              8.629         
PROCESSOR/processor_i/AXI_INTER/s00_couplers/auto_ds/inst/gen_downsizer.gen_simple_downsizer.axi_downsizer_inst/USE_WRITE.write_addr_inst/cmd_queue/inst/fifo_gen_inst/inst_fifo_gen/gconvfifo.rf/grf.rf/rstblk/ngwrdrst.grst.g7serrst.gnsckt_wrst.gcc_rst.sckt_wr_rst_cc_reg[1]/C
                               PROCESSOR/processor_i/AXI_INTER/s00_couplers/auto_ds/inst/gen_downsizer.gen_simple_downsizer.axi_downsizer_inst/USE_WRITE.write_addr_inst/cmd_queue/inst/fifo_gen_inst/inst_fifo_gen/gconvfifo.rf/grf.rf/gntv_or_sync_fifo.gl0.rd/rpntr/gc0.count_d1_reg[1]/CLR
                                                              8.629         
PROCESSOR/processor_i/AXI_INTER/s00_couplers/auto_ds/inst/gen_downsizer.gen_simple_downsizer.axi_downsizer_inst/USE_WRITE.write_addr_inst/cmd_queue/inst/fifo_gen_inst/inst_fifo_gen/gconvfifo.rf/grf.rf/rstblk/ngwrdrst.grst.g7serrst.gnsckt_wrst.gcc_rst.sckt_wr_rst_cc_reg[1]/C
                               PROCESSOR/processor_i/AXI_INTER/s00_couplers/auto_ds/inst/gen_downsizer.gen_simple_downsizer.axi_downsizer_inst/USE_WRITE.write_addr_inst/cmd_queue/inst/fifo_gen_inst/inst_fifo_gen/gconvfifo.rf/grf.rf/gntv_or_sync_fifo.gl0.rd/rpntr/gc0.count_d1_reg[2]/CLR
                                                              8.629         
PROCESSOR/processor_i/AXI_INTER/s00_couplers/auto_ds/inst/gen_downsizer.gen_simple_downsizer.axi_downsizer_inst/USE_WRITE.write_addr_inst/cmd_queue/inst/fifo_gen_inst/inst_fifo_gen/gconvfifo.rf/grf.rf/rstblk/ngwrdrst.grst.g7serrst.gnsckt_wrst.gcc_rst.sckt_wr_rst_cc_reg[1]/C
                               PROCESSOR/processor_i/AXI_INTER/s00_couplers/auto_ds/inst/gen_downsizer.gen_simple_downsizer.axi_downsizer_inst/USE_WRITE.write_addr_inst/cmd_queue/inst/fifo_gen_inst/inst_fifo_gen/gconvfifo.rf/grf.rf/gntv_or_sync_fifo.gl0.rd/rpntr/gc0.count_d1_reg[3]/CLR
                                                              8.629         
PROCESSOR/processor_i/AXI_INTER/s00_couplers/auto_ds/inst/gen_downsizer.gen_simple_downsizer.axi_downsizer_inst/USE_WRITE.write_addr_inst/cmd_queue/inst/fifo_gen_inst/inst_fifo_gen/gconvfifo.rf/grf.rf/rstblk/ngwrdrst.grst.g7serrst.gnsckt_wrst.gcc_rst.sckt_wr_rst_cc_reg[1]/C
                               PROCESSOR/processor_i/AXI_INTER/s00_couplers/auto_ds/inst/gen_downsizer.gen_simple_downsizer.axi_downsizer_inst/USE_WRITE.write_addr_inst/cmd_queue/inst/fifo_gen_inst/inst_fifo_gen/gconvfifo.rf/grf.rf/gntv_or_sync_fifo.gl0.rd/rpntr/gc0.count_d1_reg[4]/CLR
                                                              8.629         
PROCESSOR/processor_i/AXI_INTER/s00_couplers/auto_ds/inst/gen_downsizer.gen_simple_downsizer.axi_downsizer_inst/USE_WRITE.write_addr_inst/cmd_queue/inst/fifo_gen_inst/inst_fifo_gen/gconvfifo.rf/grf.rf/rstblk/ngwrdrst.grst.g7serrst.gnsckt_wrst.gcc_rst.sckt_wr_rst_cc_reg[1]/C
                               PROCESSOR/processor_i/AXI_INTER/s00_couplers/auto_ds/inst/gen_downsizer.gen_simple_downsizer.axi_downsizer_inst/USE_WRITE.write_addr_inst/cmd_queue/inst/fifo_gen_inst/inst_fifo_gen/gconvfifo.rf/grf.rf/gntv_or_sync_fifo.gl0.rd/grss.rsts/ram_empty_fb_i_reg/PRE
                                                              8.661         
PROCESSOR/processor_i/AXI_INTER/s00_couplers/auto_ds/inst/gen_downsizer.gen_simple_downsizer.axi_downsizer_inst/USE_WRITE.write_addr_inst/cmd_queue/inst/fifo_gen_inst/inst_fifo_gen/gconvfifo.rf/grf.rf/rstblk/ngwrdrst.grst.g7serrst.gnsckt_wrst.gcc_rst.sckt_wr_rst_cc_reg[1]/C
                               PROCESSOR/processor_i/AXI_INTER/s00_couplers/auto_ds/inst/gen_downsizer.gen_simple_downsizer.axi_downsizer_inst/USE_WRITE.write_addr_inst/cmd_queue/inst/fifo_gen_inst/inst_fifo_gen/gconvfifo.rf/grf.rf/gntv_or_sync_fifo.gl0.rd/grss.rsts/ram_empty_i_reg/PRE
                                                              8.661         
PROCESSOR/processor_i/AXI_INTER/s00_couplers/auto_ds/inst/gen_downsizer.gen_simple_downsizer.axi_downsizer_inst/USE_WRITE.write_addr_inst/USE_B_CHANNEL.cmd_b_queue/inst/fifo_gen_inst/inst_fifo_gen/gconvfifo.rf/grf.rf/rstblk/ngwrdrst.grst.g7serrst.gnsckt_wrst.gcc_rst.sckt_wr_rst_cc_reg[1]/C
                               PROCESSOR/processor_i/AXI_INTER/s00_couplers/auto_ds/inst/gen_downsizer.gen_simple_downsizer.axi_downsizer_inst/USE_WRITE.write_addr_inst/USE_B_CHANNEL.cmd_b_queue/inst/fifo_gen_inst/inst_fifo_gen/gconvfifo.rf/grf.rf/gntv_or_sync_fifo.gl0.wr/wpntr/gcc0.gc0.count_reg[0]/PRE
                                                              8.673         
PROCESSOR/processor_i/AXI_INTER/s00_couplers/auto_ds/inst/gen_downsizer.gen_simple_downsizer.axi_downsizer_inst/USE_WRITE.write_addr_inst/USE_B_CHANNEL.cmd_b_queue/inst/fifo_gen_inst/inst_fifo_gen/gconvfifo.rf/grf.rf/rstblk/ngwrdrst.grst.g7serrst.gnsckt_wrst.gcc_rst.sckt_wr_rst_cc_reg[1]/C
                               PROCESSOR/processor_i/AXI_INTER/s00_couplers/auto_ds/inst/gen_downsizer.gen_simple_downsizer.axi_downsizer_inst/USE_WRITE.write_addr_inst/USE_B_CHANNEL.cmd_b_queue/inst/fifo_gen_inst/inst_fifo_gen/gconvfifo.rf/grf.rf/gntv_or_sync_fifo.gl0.wr/wpntr/gcc0.gc0.count_reg[2]/CLR
                                                              8.673         
PROCESSOR/processor_i/AXI_INTER/s00_couplers/auto_ds/inst/gen_downsizer.gen_simple_downsizer.axi_downsizer_inst/USE_WRITE.write_addr_inst/USE_B_CHANNEL.cmd_b_queue/inst/fifo_gen_inst/inst_fifo_gen/gconvfifo.rf/grf.rf/rstblk/ngwrdrst.grst.g7serrst.gnsckt_wrst.gcc_rst.sckt_wr_rst_cc_reg[1]/C
                               PROCESSOR/processor_i/AXI_INTER/s00_couplers/auto_ds/inst/gen_downsizer.gen_simple_downsizer.axi_downsizer_inst/USE_WRITE.write_addr_inst/USE_B_CHANNEL.cmd_b_queue/inst/fifo_gen_inst/inst_fifo_gen/gconvfifo.rf/grf.rf/gntv_or_sync_fifo.gl0.wr/wpntr/gcc0.gc0.count_reg[3]/CLR
                                                              8.673         
PROCESSOR/processor_i/AXI_INTER/s00_couplers/auto_ds/inst/gen_downsizer.gen_simple_downsizer.axi_downsizer_inst/USE_WRITE.write_addr_inst/USE_B_CHANNEL.cmd_b_queue/inst/fifo_gen_inst/inst_fifo_gen/gconvfifo.rf/grf.rf/rstblk/ngwrdrst.grst.g7serrst.gnsckt_wrst.gcc_rst.sckt_wr_rst_cc_reg[1]/C
                               PROCESSOR/processor_i/AXI_INTER/s00_couplers/auto_ds/inst/gen_downsizer.gen_simple_downsizer.axi_downsizer_inst/USE_WRITE.write_addr_inst/USE_B_CHANNEL.cmd_b_queue/inst/fifo_gen_inst/inst_fifo_gen/gconvfifo.rf/grf.rf/gntv_or_sync_fifo.gl0.wr/wpntr/gcc0.gc0.count_reg[4]/CLR
                                                              8.673         
PROCESSOR/processor_i/AXI_INTER/s00_couplers/auto_ds/inst/gen_downsizer.gen_simple_downsizer.axi_downsizer_inst/USE_WRITE.write_addr_inst/USE_B_CHANNEL.cmd_b_queue/inst/fifo_gen_inst/inst_fifo_gen/gconvfifo.rf/grf.rf/rstblk/ngwrdrst.grst.g7serrst.gnsckt_wrst.gcc_rst.sckt_wr_rst_cc_reg[1]/C
                               PROCESSOR/processor_i/AXI_INTER/s00_couplers/auto_ds/inst/gen_downsizer.gen_simple_downsizer.axi_downsizer_inst/USE_WRITE.write_addr_inst/USE_B_CHANNEL.cmd_b_queue/inst/fifo_gen_inst/inst_fifo_gen/gconvfifo.rf/grf.rf/gntv_or_sync_fifo.gl0.wr/wpntr/gcc0.gc0.count_d1_reg[0]/CLR
                                                              8.676         
PROCESSOR/processor_i/AXI_INTER/s00_couplers/auto_ds/inst/gen_downsizer.gen_simple_downsizer.axi_downsizer_inst/USE_WRITE.write_addr_inst/USE_B_CHANNEL.cmd_b_queue/inst/fifo_gen_inst/inst_fifo_gen/gconvfifo.rf/grf.rf/rstblk/ngwrdrst.grst.g7serrst.gnsckt_wrst.gcc_rst.sckt_wr_rst_cc_reg[1]/C
                               PROCESSOR/processor_i/AXI_INTER/s00_couplers/auto_ds/inst/gen_downsizer.gen_simple_downsizer.axi_downsizer_inst/USE_WRITE.write_addr_inst/USE_B_CHANNEL.cmd_b_queue/inst/fifo_gen_inst/inst_fifo_gen/gconvfifo.rf/grf.rf/gntv_or_sync_fifo.gl0.wr/wpntr/gcc0.gc0.count_d1_reg[1]/CLR
                                                              8.676         
PROCESSOR/processor_i/AXI_INTER/s00_couplers/auto_ds/inst/gen_downsizer.gen_simple_downsizer.axi_downsizer_inst/USE_WRITE.write_addr_inst/USE_B_CHANNEL.cmd_b_queue/inst/fifo_gen_inst/inst_fifo_gen/gconvfifo.rf/grf.rf/rstblk/ngwrdrst.grst.g7serrst.gnsckt_wrst.gcc_rst.sckt_wr_rst_cc_reg[1]/C
                               PROCESSOR/processor_i/AXI_INTER/s00_couplers/auto_ds/inst/gen_downsizer.gen_simple_downsizer.axi_downsizer_inst/USE_WRITE.write_addr_inst/USE_B_CHANNEL.cmd_b_queue/inst/fifo_gen_inst/inst_fifo_gen/gconvfifo.rf/grf.rf/gntv_or_sync_fifo.gl0.wr/wpntr/gcc0.gc0.count_d1_reg[2]/CLR
                                                              8.676         
PROCESSOR/processor_i/AXI_INTER/s00_couplers/auto_ds/inst/gen_downsizer.gen_simple_downsizer.axi_downsizer_inst/USE_WRITE.write_addr_inst/USE_B_CHANNEL.cmd_b_queue/inst/fifo_gen_inst/inst_fifo_gen/gconvfifo.rf/grf.rf/rstblk/ngwrdrst.grst.g7serrst.gnsckt_wrst.gcc_rst.sckt_wr_rst_cc_reg[1]/C
                               PROCESSOR/processor_i/AXI_INTER/s00_couplers/auto_ds/inst/gen_downsizer.gen_simple_downsizer.axi_downsizer_inst/USE_WRITE.write_addr_inst/USE_B_CHANNEL.cmd_b_queue/inst/fifo_gen_inst/inst_fifo_gen/gconvfifo.rf/grf.rf/gntv_or_sync_fifo.gl0.wr/wpntr/gcc0.gc0.count_d1_reg[3]/CLR
                                                              8.676         
PROCESSOR/processor_i/AXI_INTER/s00_couplers/auto_ds/inst/gen_downsizer.gen_simple_downsizer.axi_downsizer_inst/USE_WRITE.write_addr_inst/USE_B_CHANNEL.cmd_b_queue/inst/fifo_gen_inst/inst_fifo_gen/gconvfifo.rf/grf.rf/rstblk/ngwrdrst.grst.g7serrst.gnsckt_wrst.gcc_rst.sckt_wr_rst_cc_reg[1]/C
                               PROCESSOR/processor_i/AXI_INTER/s00_couplers/auto_ds/inst/gen_downsizer.gen_simple_downsizer.axi_downsizer_inst/USE_WRITE.write_addr_inst/USE_B_CHANNEL.cmd_b_queue/inst/fifo_gen_inst/inst_fifo_gen/gconvfifo.rf/grf.rf/gntv_or_sync_fifo.gl0.wr/wpntr/gcc0.gc0.count_d1_reg[4]/CLR
                                                              8.676         
PROCESSOR/processor_i/AXI_INTER/s00_couplers/auto_ds/inst/gen_downsizer.gen_simple_downsizer.axi_downsizer_inst/USE_WRITE.write_addr_inst/USE_B_CHANNEL.cmd_b_queue/inst/fifo_gen_inst/inst_fifo_gen/gconvfifo.rf/grf.rf/rstblk/ngwrdrst.grst.g7serrst.gnsckt_wrst.gcc_rst.sckt_wr_rst_cc_reg[1]/C
                               PROCESSOR/processor_i/AXI_INTER/s00_couplers/auto_ds/inst/gen_downsizer.gen_simple_downsizer.axi_downsizer_inst/USE_WRITE.write_addr_inst/USE_B_CHANNEL.cmd_b_queue/inst/fifo_gen_inst/inst_fifo_gen/gconvfifo.rf/grf.rf/gntv_or_sync_fifo.gl0.wr/wpntr/gcc0.gc0.count_reg[1]/CLR
                                                              8.676         
PROCESSOR/processor_i/AXI_INTER/s00_couplers/auto_ds/inst/gen_downsizer.gen_simple_downsizer.axi_downsizer_inst/USE_WRITE.write_addr_inst/cmd_queue/inst/fifo_gen_inst/inst_fifo_gen/gconvfifo.rf/grf.rf/rstblk/ngwrdrst.grst.g7serrst.gnsckt_wrst.gcc_rst.sckt_wr_rst_cc_reg[1]/C
                               PROCESSOR/processor_i/AXI_INTER/s00_couplers/auto_ds/inst/gen_downsizer.gen_simple_downsizer.axi_downsizer_inst/USE_WRITE.write_addr_inst/cmd_queue/inst/fifo_gen_inst/inst_fifo_gen/gconvfifo.rf/grf.rf/gntv_or_sync_fifo.gl0.wr/wpntr/gcc0.gc0.count_reg[0]/PRE
                                                              8.682         
PROCESSOR/processor_i/AXI_INTER/s00_couplers/auto_ds/inst/gen_downsizer.gen_simple_downsizer.axi_downsizer_inst/USE_WRITE.write_addr_inst/cmd_queue/inst/fifo_gen_inst/inst_fifo_gen/gconvfifo.rf/grf.rf/rstblk/ngwrdrst.grst.g7serrst.gnsckt_wrst.gcc_rst.sckt_wr_rst_cc_reg[1]/C
                               PROCESSOR/processor_i/AXI_INTER/s00_couplers/auto_ds/inst/gen_downsizer.gen_simple_downsizer.axi_downsizer_inst/USE_WRITE.write_addr_inst/cmd_queue/inst/fifo_gen_inst/inst_fifo_gen/gconvfifo.rf/grf.rf/gntv_or_sync_fifo.gl0.wr/wpntr/gcc0.gc0.count_reg[2]/CLR
                                                              8.682         
PROCESSOR/processor_i/AXI_INTER/s00_couplers/auto_ds/inst/gen_downsizer.gen_simple_downsizer.axi_downsizer_inst/USE_WRITE.write_addr_inst/cmd_queue/inst/fifo_gen_inst/inst_fifo_gen/gconvfifo.rf/grf.rf/rstblk/ngwrdrst.grst.g7serrst.gnsckt_wrst.gcc_rst.sckt_wr_rst_cc_reg[1]/C
                               PROCESSOR/processor_i/AXI_INTER/s00_couplers/auto_ds/inst/gen_downsizer.gen_simple_downsizer.axi_downsizer_inst/USE_WRITE.write_addr_inst/cmd_queue/inst/fifo_gen_inst/inst_fifo_gen/gconvfifo.rf/grf.rf/gntv_or_sync_fifo.gl0.wr/wpntr/gcc0.gc0.count_reg[3]/CLR
                                                              8.682         
PROCESSOR/processor_i/AXI_INTER/s00_couplers/auto_ds/inst/gen_downsizer.gen_simple_downsizer.axi_downsizer_inst/USE_WRITE.write_addr_inst/cmd_queue/inst/fifo_gen_inst/inst_fifo_gen/gconvfifo.rf/grf.rf/rstblk/ngwrdrst.grst.g7serrst.gnsckt_wrst.gcc_rst.sckt_wr_rst_cc_reg[1]/C
                               PROCESSOR/processor_i/AXI_INTER/s00_couplers/auto_ds/inst/gen_downsizer.gen_simple_downsizer.axi_downsizer_inst/USE_WRITE.write_addr_inst/cmd_queue/inst/fifo_gen_inst/inst_fifo_gen/gconvfifo.rf/grf.rf/gntv_or_sync_fifo.gl0.wr/wpntr/gcc0.gc0.count_reg[4]/CLR
                                                              8.682         
PROCESSOR/processor_i/AXI_INTER/s00_couplers/auto_ds/inst/gen_downsizer.gen_simple_downsizer.axi_downsizer_inst/USE_WRITE.write_addr_inst/cmd_queue/inst/fifo_gen_inst/inst_fifo_gen/gconvfifo.rf/grf.rf/rstblk/ngwrdrst.grst.g7serrst.gnsckt_wrst.gcc_rst.sckt_wr_rst_cc_reg[1]/C
                               PROCESSOR/processor_i/AXI_INTER/s00_couplers/auto_ds/inst/gen_downsizer.gen_simple_downsizer.axi_downsizer_inst/USE_WRITE.write_addr_inst/cmd_queue/inst/fifo_gen_inst/inst_fifo_gen/gconvfifo.rf/grf.rf/gntv_or_sync_fifo.gl0.wr/wpntr/gcc0.gc0.count_d1_reg[0]/CLR
                                                              8.684         
PROCESSOR/processor_i/AXI_INTER/s00_couplers/auto_ds/inst/gen_downsizer.gen_simple_downsizer.axi_downsizer_inst/USE_WRITE.write_addr_inst/cmd_queue/inst/fifo_gen_inst/inst_fifo_gen/gconvfifo.rf/grf.rf/rstblk/ngwrdrst.grst.g7serrst.gnsckt_wrst.gcc_rst.sckt_wr_rst_cc_reg[1]/C
                               PROCESSOR/processor_i/AXI_INTER/s00_couplers/auto_ds/inst/gen_downsizer.gen_simple_downsizer.axi_downsizer_inst/USE_WRITE.write_addr_inst/cmd_queue/inst/fifo_gen_inst/inst_fifo_gen/gconvfifo.rf/grf.rf/gntv_or_sync_fifo.gl0.wr/wpntr/gcc0.gc0.count_d1_reg[1]/CLR
                                                              8.684         
PROCESSOR/processor_i/AXI_INTER/s00_couplers/auto_ds/inst/gen_downsizer.gen_simple_downsizer.axi_downsizer_inst/USE_WRITE.write_addr_inst/cmd_queue/inst/fifo_gen_inst/inst_fifo_gen/gconvfifo.rf/grf.rf/rstblk/ngwrdrst.grst.g7serrst.gnsckt_wrst.gcc_rst.sckt_wr_rst_cc_reg[1]/C
                               PROCESSOR/processor_i/AXI_INTER/s00_couplers/auto_ds/inst/gen_downsizer.gen_simple_downsizer.axi_downsizer_inst/USE_WRITE.write_addr_inst/cmd_queue/inst/fifo_gen_inst/inst_fifo_gen/gconvfifo.rf/grf.rf/gntv_or_sync_fifo.gl0.wr/wpntr/gcc0.gc0.count_d1_reg[2]/CLR
                                                              8.684         
PROCESSOR/processor_i/AXI_INTER/s00_couplers/auto_ds/inst/gen_downsizer.gen_simple_downsizer.axi_downsizer_inst/USE_WRITE.write_addr_inst/cmd_queue/inst/fifo_gen_inst/inst_fifo_gen/gconvfifo.rf/grf.rf/rstblk/ngwrdrst.grst.g7serrst.gnsckt_wrst.gcc_rst.sckt_wr_rst_cc_reg[1]/C
                               PROCESSOR/processor_i/AXI_INTER/s00_couplers/auto_ds/inst/gen_downsizer.gen_simple_downsizer.axi_downsizer_inst/USE_WRITE.write_addr_inst/cmd_queue/inst/fifo_gen_inst/inst_fifo_gen/gconvfifo.rf/grf.rf/gntv_or_sync_fifo.gl0.wr/wpntr/gcc0.gc0.count_d1_reg[3]/CLR
                                                              8.684         
PROCESSOR/processor_i/AXI_INTER/s00_couplers/auto_ds/inst/gen_downsizer.gen_simple_downsizer.axi_downsizer_inst/USE_WRITE.write_addr_inst/cmd_queue/inst/fifo_gen_inst/inst_fifo_gen/gconvfifo.rf/grf.rf/rstblk/ngwrdrst.grst.g7serrst.gnsckt_wrst.gcc_rst.sckt_wr_rst_cc_reg[1]/C
                               PROCESSOR/processor_i/AXI_INTER/s00_couplers/auto_ds/inst/gen_downsizer.gen_simple_downsizer.axi_downsizer_inst/USE_WRITE.write_addr_inst/cmd_queue/inst/fifo_gen_inst/inst_fifo_gen/gconvfifo.rf/grf.rf/gntv_or_sync_fifo.gl0.wr/wpntr/gcc0.gc0.count_d1_reg[4]/CLR
                                                              8.684         
PROCESSOR/processor_i/AXI_INTER/s00_couplers/auto_ds/inst/gen_downsizer.gen_simple_downsizer.axi_downsizer_inst/USE_WRITE.write_addr_inst/cmd_queue/inst/fifo_gen_inst/inst_fifo_gen/gconvfifo.rf/grf.rf/rstblk/ngwrdrst.grst.g7serrst.gnsckt_wrst.gcc_rst.sckt_wr_rst_cc_reg[1]/C
                               PROCESSOR/processor_i/AXI_INTER/s00_couplers/auto_ds/inst/gen_downsizer.gen_simple_downsizer.axi_downsizer_inst/USE_WRITE.write_addr_inst/cmd_queue/inst/fifo_gen_inst/inst_fifo_gen/gconvfifo.rf/grf.rf/gntv_or_sync_fifo.gl0.wr/wpntr/gcc0.gc0.count_reg[1]/CLR
                                                              8.684         
PROCESSOR/processor_i/AXI_INTER/s00_couplers/auto_ds/inst/gen_downsizer.gen_simple_downsizer.axi_downsizer_inst/USE_WRITE.write_addr_inst/USE_B_CHANNEL.cmd_b_queue/inst/fifo_gen_inst/inst_fifo_gen/gconvfifo.rf/grf.rf/rstblk/ngwrdrst.grst.g7serrst.gnsckt_wrst.gcc_rst.sckt_wr_rst_cc_reg[1]/C
                               PROCESSOR/processor_i/AXI_INTER/s00_couplers/auto_ds/inst/gen_downsizer.gen_simple_downsizer.axi_downsizer_inst/USE_WRITE.write_addr_inst/USE_B_CHANNEL.cmd_b_queue/inst/fifo_gen_inst/inst_fifo_gen/gconvfifo.rf/grf.rf/gntv_or_sync_fifo.gl0.rd/grss.rsts/ram_empty_fb_i_reg/PRE
                                                              8.894         
PROCESSOR/processor_i/AXI_INTER/s00_couplers/auto_ds/inst/gen_downsizer.gen_simple_downsizer.axi_downsizer_inst/USE_WRITE.write_addr_inst/USE_B_CHANNEL.cmd_b_queue/inst/fifo_gen_inst/inst_fifo_gen/gconvfifo.rf/grf.rf/rstblk/ngwrdrst.grst.g7serrst.gnsckt_wrst.gcc_rst.sckt_wr_rst_cc_reg[1]/C
                               PROCESSOR/processor_i/AXI_INTER/s00_couplers/auto_ds/inst/gen_downsizer.gen_simple_downsizer.axi_downsizer_inst/USE_WRITE.write_addr_inst/USE_B_CHANNEL.cmd_b_queue/inst/fifo_gen_inst/inst_fifo_gen/gconvfifo.rf/grf.rf/gntv_or_sync_fifo.gl0.rd/grss.rsts/ram_empty_i_reg/PRE
                                                              8.894         
PROCESSOR/processor_i/AXI_INTER/s00_couplers/auto_ds/inst/gen_downsizer.gen_simple_downsizer.axi_downsizer_inst/USE_WRITE.write_addr_inst/USE_B_CHANNEL.cmd_b_queue/inst/fifo_gen_inst/inst_fifo_gen/gconvfifo.rf/grf.rf/rstblk/ngwrdrst.grst.g7serrst.gnsckt_wrst.gcc_rst.sckt_wr_rst_cc_reg[1]/C
                               PROCESSOR/processor_i/AXI_INTER/s00_couplers/auto_ds/inst/gen_downsizer.gen_simple_downsizer.axi_downsizer_inst/USE_WRITE.write_addr_inst/USE_B_CHANNEL.cmd_b_queue/inst/fifo_gen_inst/inst_fifo_gen/gconvfifo.rf/grf.rf/gntv_or_sync_fifo.gl0.wr/gwss.wsts/ram_full_fb_i_reg/CLR
                                                              8.894         
PROCESSOR/processor_i/AXI_INTER/s00_couplers/auto_ds/inst/gen_downsizer.gen_simple_downsizer.axi_downsizer_inst/USE_WRITE.write_addr_inst/USE_B_CHANNEL.cmd_b_queue/inst/fifo_gen_inst/inst_fifo_gen/gconvfifo.rf/grf.rf/rstblk/ngwrdrst.grst.g7serrst.gnsckt_wrst.gcc_rst.sckt_wr_rst_cc_reg[1]/C
                               PROCESSOR/processor_i/AXI_INTER/s00_couplers/auto_ds/inst/gen_downsizer.gen_simple_downsizer.axi_downsizer_inst/USE_WRITE.write_addr_inst/USE_B_CHANNEL.cmd_b_queue/inst/fifo_gen_inst/inst_fifo_gen/gconvfifo.rf/grf.rf/gntv_or_sync_fifo.gl0.wr/gwss.wsts/ram_full_i_reg/CLR
                                                              8.894         
PROCESSOR/processor_i/AXI_INTER/s00_couplers/auto_ds/inst/gen_downsizer.gen_simple_downsizer.axi_downsizer_inst/USE_READ.read_addr_inst/cmd_queue/inst/fifo_gen_inst/inst_fifo_gen/gconvfifo.rf/grf.rf/rstblk/ngwrdrst.grst.g7serrst.gnsckt_wrst.gcc_rst.sckt_wr_rst_cc_reg[0]/C
                               PROCESSOR/processor_i/AXI_INTER/s00_couplers/auto_ds/inst/gen_downsizer.gen_simple_downsizer.axi_downsizer_inst/USE_READ.read_addr_inst/cmd_queue/inst/fifo_gen_inst/inst_fifo_gen/gconvfifo.rf/grf.rf/gntv_or_sync_fifo.gl0.wr/wpntr/gcc0.gc0.count_reg[0]/PRE
                                                              8.909         
PROCESSOR/processor_i/AXI_INTER/s00_couplers/auto_ds/inst/gen_downsizer.gen_simple_downsizer.axi_downsizer_inst/USE_READ.read_addr_inst/cmd_queue/inst/fifo_gen_inst/inst_fifo_gen/gconvfifo.rf/grf.rf/rstblk/ngwrdrst.grst.g7serrst.gnsckt_wrst.gcc_rst.sckt_wr_rst_cc_reg[0]/C
                               PROCESSOR/processor_i/AXI_INTER/s00_couplers/auto_ds/inst/gen_downsizer.gen_simple_downsizer.axi_downsizer_inst/USE_READ.read_addr_inst/cmd_queue/inst/fifo_gen_inst/inst_fifo_gen/gconvfifo.rf/grf.rf/gntv_or_sync_fifo.gl0.wr/wpntr/gcc0.gc0.count_reg[2]/CLR
                                                              8.909         
PROCESSOR/processor_i/AXI_INTER/s00_couplers/auto_ds/inst/gen_downsizer.gen_simple_downsizer.axi_downsizer_inst/USE_READ.read_addr_inst/cmd_queue/inst/fifo_gen_inst/inst_fifo_gen/gconvfifo.rf/grf.rf/rstblk/ngwrdrst.grst.g7serrst.gnsckt_wrst.gcc_rst.sckt_wr_rst_cc_reg[0]/C
                               PROCESSOR/processor_i/AXI_INTER/s00_couplers/auto_ds/inst/gen_downsizer.gen_simple_downsizer.axi_downsizer_inst/USE_READ.read_addr_inst/cmd_queue/inst/fifo_gen_inst/inst_fifo_gen/gconvfifo.rf/grf.rf/gntv_or_sync_fifo.gl0.wr/wpntr/gcc0.gc0.count_reg[3]/CLR
                                                              8.909         
PROCESSOR/processor_i/AXI_INTER/s00_couplers/auto_ds/inst/gen_downsizer.gen_simple_downsizer.axi_downsizer_inst/USE_READ.read_addr_inst/cmd_queue/inst/fifo_gen_inst/inst_fifo_gen/gconvfifo.rf/grf.rf/rstblk/ngwrdrst.grst.g7serrst.gnsckt_wrst.gcc_rst.sckt_wr_rst_cc_reg[0]/C
                               PROCESSOR/processor_i/AXI_INTER/s00_couplers/auto_ds/inst/gen_downsizer.gen_simple_downsizer.axi_downsizer_inst/USE_READ.read_addr_inst/cmd_queue/inst/fifo_gen_inst/inst_fifo_gen/gconvfifo.rf/grf.rf/gntv_or_sync_fifo.gl0.wr/wpntr/gcc0.gc0.count_reg[4]/CLR
                                                              8.909         
PROCESSOR/processor_i/AXI_INTER/s00_couplers/auto_ds/inst/gen_downsizer.gen_simple_downsizer.axi_downsizer_inst/USE_READ.read_addr_inst/cmd_queue/inst/fifo_gen_inst/inst_fifo_gen/gconvfifo.rf/grf.rf/rstblk/ngwrdrst.grst.g7serrst.gnsckt_wrst.gcc_rst.sckt_wr_rst_cc_reg[0]/C
                               PROCESSOR/processor_i/AXI_INTER/s00_couplers/auto_ds/inst/gen_downsizer.gen_simple_downsizer.axi_downsizer_inst/USE_READ.read_addr_inst/cmd_queue/inst/fifo_gen_inst/inst_fifo_gen/gconvfifo.rf/grf.rf/gntv_or_sync_fifo.gl0.wr/wpntr/gcc0.gc0.count_d1_reg[0]/CLR
                                                              8.912         
PROCESSOR/processor_i/AXI_INTER/s00_couplers/auto_ds/inst/gen_downsizer.gen_simple_downsizer.axi_downsizer_inst/USE_READ.read_addr_inst/cmd_queue/inst/fifo_gen_inst/inst_fifo_gen/gconvfifo.rf/grf.rf/rstblk/ngwrdrst.grst.g7serrst.gnsckt_wrst.gcc_rst.sckt_wr_rst_cc_reg[0]/C
                               PROCESSOR/processor_i/AXI_INTER/s00_couplers/auto_ds/inst/gen_downsizer.gen_simple_downsizer.axi_downsizer_inst/USE_READ.read_addr_inst/cmd_queue/inst/fifo_gen_inst/inst_fifo_gen/gconvfifo.rf/grf.rf/gntv_or_sync_fifo.gl0.wr/wpntr/gcc0.gc0.count_d1_reg[1]/CLR
                                                              8.912         
PROCESSOR/processor_i/AXI_INTER/s00_couplers/auto_ds/inst/gen_downsizer.gen_simple_downsizer.axi_downsizer_inst/USE_READ.read_addr_inst/cmd_queue/inst/fifo_gen_inst/inst_fifo_gen/gconvfifo.rf/grf.rf/rstblk/ngwrdrst.grst.g7serrst.gnsckt_wrst.gcc_rst.sckt_wr_rst_cc_reg[0]/C
                               PROCESSOR/processor_i/AXI_INTER/s00_couplers/auto_ds/inst/gen_downsizer.gen_simple_downsizer.axi_downsizer_inst/USE_READ.read_addr_inst/cmd_queue/inst/fifo_gen_inst/inst_fifo_gen/gconvfifo.rf/grf.rf/gntv_or_sync_fifo.gl0.wr/wpntr/gcc0.gc0.count_d1_reg[2]/CLR
                                                              8.912         
PROCESSOR/processor_i/AXI_INTER/s00_couplers/auto_ds/inst/gen_downsizer.gen_simple_downsizer.axi_downsizer_inst/USE_READ.read_addr_inst/cmd_queue/inst/fifo_gen_inst/inst_fifo_gen/gconvfifo.rf/grf.rf/rstblk/ngwrdrst.grst.g7serrst.gnsckt_wrst.gcc_rst.sckt_wr_rst_cc_reg[0]/C
                               PROCESSOR/processor_i/AXI_INTER/s00_couplers/auto_ds/inst/gen_downsizer.gen_simple_downsizer.axi_downsizer_inst/USE_READ.read_addr_inst/cmd_queue/inst/fifo_gen_inst/inst_fifo_gen/gconvfifo.rf/grf.rf/gntv_or_sync_fifo.gl0.wr/wpntr/gcc0.gc0.count_d1_reg[3]/CLR
                                                              8.912         
PROCESSOR/processor_i/AXI_INTER/s00_couplers/auto_ds/inst/gen_downsizer.gen_simple_downsizer.axi_downsizer_inst/USE_READ.read_addr_inst/cmd_queue/inst/fifo_gen_inst/inst_fifo_gen/gconvfifo.rf/grf.rf/rstblk/ngwrdrst.grst.g7serrst.gnsckt_wrst.gcc_rst.sckt_wr_rst_cc_reg[0]/C
                               PROCESSOR/processor_i/AXI_INTER/s00_couplers/auto_ds/inst/gen_downsizer.gen_simple_downsizer.axi_downsizer_inst/USE_READ.read_addr_inst/cmd_queue/inst/fifo_gen_inst/inst_fifo_gen/gconvfifo.rf/grf.rf/gntv_or_sync_fifo.gl0.wr/wpntr/gcc0.gc0.count_d1_reg[4]/CLR
                                                              8.912         
PROCESSOR/processor_i/AXI_INTER/s00_couplers/auto_ds/inst/gen_downsizer.gen_simple_downsizer.axi_downsizer_inst/USE_READ.read_addr_inst/cmd_queue/inst/fifo_gen_inst/inst_fifo_gen/gconvfifo.rf/grf.rf/rstblk/ngwrdrst.grst.g7serrst.gnsckt_wrst.gcc_rst.sckt_wr_rst_cc_reg[0]/C
                               PROCESSOR/processor_i/AXI_INTER/s00_couplers/auto_ds/inst/gen_downsizer.gen_simple_downsizer.axi_downsizer_inst/USE_READ.read_addr_inst/cmd_queue/inst/fifo_gen_inst/inst_fifo_gen/gconvfifo.rf/grf.rf/gntv_or_sync_fifo.gl0.wr/wpntr/gcc0.gc0.count_reg[1]/CLR
                                                              8.912         
PROCESSOR/processor_i/AXI_INTER/s00_couplers/auto_ds/inst/gen_downsizer.gen_simple_downsizer.axi_downsizer_inst/USE_WRITE.write_addr_inst/USE_B_CHANNEL.cmd_b_queue/inst/fifo_gen_inst/inst_fifo_gen/gconvfifo.rf/grf.rf/rstblk/ngwrdrst.grst.g7serrst.gnsckt_wrst.gcc_rst.sckt_wr_rst_cc_reg[1]/C
                               PROCESSOR/processor_i/AXI_INTER/s00_couplers/auto_ds/inst/gen_downsizer.gen_simple_downsizer.axi_downsizer_inst/USE_WRITE.write_addr_inst/USE_B_CHANNEL.cmd_b_queue/inst/fifo_gen_inst/inst_fifo_gen/gconvfifo.rf/grf.rf/gntv_or_sync_fifo.gl0.rd/gr1.gr1_int.rfwft/empty_fwft_fb_o_i_reg/PRE
                                                              8.938         
PROCESSOR/processor_i/AXI_INTER/s00_couplers/auto_ds/inst/gen_downsizer.gen_simple_downsizer.axi_downsizer_inst/USE_WRITE.write_addr_inst/USE_B_CHANNEL.cmd_b_queue/inst/fifo_gen_inst/inst_fifo_gen/gconvfifo.rf/grf.rf/rstblk/ngwrdrst.grst.g7serrst.gnsckt_wrst.gcc_rst.sckt_wr_rst_cc_reg[1]/C
                               PROCESSOR/processor_i/AXI_INTER/s00_couplers/auto_ds/inst/gen_downsizer.gen_simple_downsizer.axi_downsizer_inst/USE_WRITE.write_addr_inst/USE_B_CHANNEL.cmd_b_queue/inst/fifo_gen_inst/inst_fifo_gen/gconvfifo.rf/grf.rf/gntv_or_sync_fifo.gl0.rd/gr1.gr1_int.rfwft/gpregsm1.curr_fwft_state_reg[0]/CLR
                                                              8.938         
PROCESSOR/processor_i/AXI_INTER/s00_couplers/auto_ds/inst/gen_downsizer.gen_simple_downsizer.axi_downsizer_inst/USE_WRITE.write_addr_inst/USE_B_CHANNEL.cmd_b_queue/inst/fifo_gen_inst/inst_fifo_gen/gconvfifo.rf/grf.rf/rstblk/ngwrdrst.grst.g7serrst.gnsckt_wrst.gcc_rst.sckt_wr_rst_cc_reg[1]/C
                               PROCESSOR/processor_i/AXI_INTER/s00_couplers/auto_ds/inst/gen_downsizer.gen_simple_downsizer.axi_downsizer_inst/USE_WRITE.write_addr_inst/USE_B_CHANNEL.cmd_b_queue/inst/fifo_gen_inst/inst_fifo_gen/gconvfifo.rf/grf.rf/gntv_or_sync_fifo.gl0.rd/gr1.gr1_int.rfwft/gpregsm1.curr_fwft_state_reg[1]/CLR
                                                              8.938         
PROCESSOR/processor_i/AXI_INTER/s00_couplers/auto_ds/inst/gen_downsizer.gen_simple_downsizer.axi_downsizer_inst/USE_WRITE.write_addr_inst/USE_B_CHANNEL.cmd_b_queue/inst/fifo_gen_inst/inst_fifo_gen/gconvfifo.rf/grf.rf/rstblk/ngwrdrst.grst.g7serrst.gnsckt_wrst.gcc_rst.sckt_wr_rst_cc_reg[1]/C
                               PROCESSOR/processor_i/AXI_INTER/s00_couplers/auto_ds/inst/gen_downsizer.gen_simple_downsizer.axi_downsizer_inst/USE_WRITE.write_addr_inst/USE_B_CHANNEL.cmd_b_queue/inst/fifo_gen_inst/inst_fifo_gen/gconvfifo.rf/grf.rf/gntv_or_sync_fifo.gl0.rd/gr1.gr1_int.rfwft/gpregsm1.user_valid_reg/CLR
                                                              8.938         
DACs/DAC_JESD_PHY/inst/jesd204_phy_block_i/gtwiz_reset_block_i/gtwiz_reset_tx_pll_and_datapath_int_reg/C
                               DACs/DAC_JESD_PHY/inst/jesd204_phy_block_i/gtwiz_reset_block_i/reset_synchronizer_gtwiz_reset_tx_pll_and_datapath_inst/rst_in_meta_reg/PRE
                                                              8.940         
DACs/DAC_JESD_PHY/inst/jesd204_phy_block_i/gtwiz_reset_block_i/gtwiz_reset_tx_pll_and_datapath_int_reg/C
                               DACs/DAC_JESD_PHY/inst/jesd204_phy_block_i/gtwiz_reset_block_i/reset_synchronizer_gtwiz_reset_tx_pll_and_datapath_inst/rst_in_sync1_reg/PRE
                                                              8.940         
DACs/DAC_JESD_PHY/inst/jesd204_phy_block_i/gtwiz_reset_block_i/gtwiz_reset_tx_pll_and_datapath_int_reg/C
                               DACs/DAC_JESD_PHY/inst/jesd204_phy_block_i/gtwiz_reset_block_i/reset_synchronizer_gtwiz_reset_tx_pll_and_datapath_inst/rst_in_sync2_reg/PRE
                                                              8.940         
DACs/DAC_JESD_PHY/inst/jesd204_phy_block_i/gtwiz_reset_block_i/gtwiz_reset_tx_pll_and_datapath_int_reg/C
                               DACs/DAC_JESD_PHY/inst/jesd204_phy_block_i/gtwiz_reset_block_i/reset_synchronizer_gtwiz_reset_tx_pll_and_datapath_inst/rst_in_sync3_reg/PRE
                                                              8.940         
PROCESSOR/processor_i/AXI_INTER/s00_couplers/auto_ds/inst/gen_downsizer.gen_simple_downsizer.axi_downsizer_inst/USE_WRITE.write_addr_inst/USE_B_CHANNEL.cmd_b_queue/inst/fifo_gen_inst/inst_fifo_gen/gconvfifo.rf/grf.rf/rstblk/ngwrdrst.grst.g7serrst.gnsckt_wrst.gcc_rst.sckt_wr_rst_cc_reg[1]/C
                               PROCESSOR/processor_i/AXI_INTER/s00_couplers/auto_ds/inst/gen_downsizer.gen_simple_downsizer.axi_downsizer_inst/USE_WRITE.write_addr_inst/USE_B_CHANNEL.cmd_b_queue/inst/fifo_gen_inst/inst_fifo_gen/gconvfifo.rf/grf.rf/gntv_or_sync_fifo.gl0.rd/gr1.gr1_int.rfwft/aempty_fwft_fb_i_reg/PRE
                                                              8.941         
PROCESSOR/processor_i/AXI_INTER/s00_couplers/auto_ds/inst/gen_downsizer.gen_simple_downsizer.axi_downsizer_inst/USE_WRITE.write_addr_inst/USE_B_CHANNEL.cmd_b_queue/inst/fifo_gen_inst/inst_fifo_gen/gconvfifo.rf/grf.rf/rstblk/ngwrdrst.grst.g7serrst.gnsckt_wrst.gcc_rst.sckt_wr_rst_cc_reg[1]/C
                               PROCESSOR/processor_i/AXI_INTER/s00_couplers/auto_ds/inst/gen_downsizer.gen_simple_downsizer.axi_downsizer_inst/USE_WRITE.write_addr_inst/USE_B_CHANNEL.cmd_b_queue/inst/fifo_gen_inst/inst_fifo_gen/gconvfifo.rf/grf.rf/gntv_or_sync_fifo.gl0.rd/gr1.gr1_int.rfwft/aempty_fwft_i_reg/PRE
                                                              8.941         
PROCESSOR/processor_i/AXI_INTER/s00_couplers/auto_ds/inst/gen_downsizer.gen_simple_downsizer.axi_downsizer_inst/USE_WRITE.write_addr_inst/USE_B_CHANNEL.cmd_b_queue/inst/fifo_gen_inst/inst_fifo_gen/gconvfifo.rf/grf.rf/rstblk/ngwrdrst.grst.g7serrst.gnsckt_wrst.gcc_rst.sckt_wr_rst_cc_reg[1]/C
                               PROCESSOR/processor_i/AXI_INTER/s00_couplers/auto_ds/inst/gen_downsizer.gen_simple_downsizer.axi_downsizer_inst/USE_WRITE.write_addr_inst/USE_B_CHANNEL.cmd_b_queue/inst/fifo_gen_inst/inst_fifo_gen/gconvfifo.rf/grf.rf/gntv_or_sync_fifo.gl0.rd/gr1.gr1_int.rfwft/empty_fwft_fb_i_reg/PRE
                                                              8.941         
PROCESSOR/processor_i/AXI_INTER/s00_couplers/auto_ds/inst/gen_downsizer.gen_simple_downsizer.axi_downsizer_inst/USE_WRITE.write_addr_inst/USE_B_CHANNEL.cmd_b_queue/inst/fifo_gen_inst/inst_fifo_gen/gconvfifo.rf/grf.rf/rstblk/ngwrdrst.grst.g7serrst.gnsckt_wrst.gcc_rst.sckt_wr_rst_cc_reg[1]/C
                               PROCESSOR/processor_i/AXI_INTER/s00_couplers/auto_ds/inst/gen_downsizer.gen_simple_downsizer.axi_downsizer_inst/USE_WRITE.write_addr_inst/USE_B_CHANNEL.cmd_b_queue/inst/fifo_gen_inst/inst_fifo_gen/gconvfifo.rf/grf.rf/gntv_or_sync_fifo.gl0.rd/gr1.gr1_int.rfwft/empty_fwft_i_reg/PRE
                                                              8.941         
DACs/DAC_JESD_PHY/inst/jesd204_phy_block_i/gtwiz_reset_block_i/gtwiz_reset_tx_pll_and_datapath_int_reg/C
                               DACs/DAC_JESD_PHY/inst/jesd204_phy_block_i/gtwiz_reset_block_i/reset_synchronizer_gtwiz_reset_tx_pll_and_datapath_inst/rst_in_out_reg/PRE
                                                              8.942         
DACs/DAC_JESD_PHY/inst/jesd204_phy_block_i/gtwiz_reset_block_i/gtwiz_reset_tx_pll_and_datapath_int_reg/C
                               DACs/DAC_JESD_PHY/inst/jesd204_phy_block_i/gtwiz_reset_block_i/reset_synchronizer_gtwiz_reset_tx_any_inst/rst_in_meta_reg/PRE
                                                              8.953         
DACs/DAC_JESD_PHY/inst/jesd204_phy_block_i/gtwiz_reset_block_i/gtwiz_reset_tx_pll_and_datapath_int_reg/C
                               DACs/DAC_JESD_PHY/inst/jesd204_phy_block_i/gtwiz_reset_block_i/reset_synchronizer_gtwiz_reset_tx_any_inst/rst_in_sync1_reg/PRE
                                                              8.953         
DACs/DAC_JESD_PHY/inst/jesd204_phy_block_i/gtwiz_reset_block_i/gtwiz_reset_tx_pll_and_datapath_int_reg/C
                               DACs/DAC_JESD_PHY/inst/jesd204_phy_block_i/gtwiz_reset_block_i/reset_synchronizer_gtwiz_reset_tx_any_inst/rst_in_sync2_reg/PRE
                                                              8.953         
DACs/DAC_JESD_PHY/inst/jesd204_phy_block_i/gtwiz_reset_block_i/gtwiz_reset_tx_pll_and_datapath_int_reg/C
                               DACs/DAC_JESD_PHY/inst/jesd204_phy_block_i/gtwiz_reset_block_i/reset_synchronizer_gtwiz_reset_tx_any_inst/rst_in_sync3_reg/PRE
                                                              8.953         
DACs/DAC_JESD_PHY/inst/jesd204_phy_block_i/gtwiz_reset_block_i/gtwiz_reset_tx_pll_and_datapath_int_reg/C
                               DACs/DAC_JESD_PHY/inst/jesd204_phy_block_i/gtwiz_reset_block_i/reset_synchronizer_gtwiz_reset_tx_any_inst/rst_in_out_reg/PRE
                                                              8.955         
PROCESSOR/processor_i/AXI_INTER/s00_couplers/auto_ds/inst/gen_downsizer.gen_simple_downsizer.axi_downsizer_inst/USE_READ.read_addr_inst/cmd_queue/inst/fifo_gen_inst/inst_fifo_gen/gconvfifo.rf/grf.rf/rstblk/ngwrdrst.grst.g7serrst.gnsckt_wrst.gcc_rst.sckt_wr_rst_cc_reg[0]/C
                               PROCESSOR/processor_i/AXI_INTER/s00_couplers/auto_ds/inst/gen_downsizer.gen_simple_downsizer.axi_downsizer_inst/USE_READ.read_addr_inst/cmd_queue/inst/fifo_gen_inst/inst_fifo_gen/gconvfifo.rf/grf.rf/gntv_or_sync_fifo.gl0.rd/rpntr/gc0.count_reg[0]/PRE
                                                              8.956         
PROCESSOR/processor_i/AXI_INTER/s00_couplers/auto_ds/inst/gen_downsizer.gen_simple_downsizer.axi_downsizer_inst/USE_READ.read_addr_inst/cmd_queue/inst/fifo_gen_inst/inst_fifo_gen/gconvfifo.rf/grf.rf/rstblk/ngwrdrst.grst.g7serrst.gnsckt_wrst.gcc_rst.sckt_wr_rst_cc_reg[0]/C
                               PROCESSOR/processor_i/AXI_INTER/s00_couplers/auto_ds/inst/gen_downsizer.gen_simple_downsizer.axi_downsizer_inst/USE_READ.read_addr_inst/cmd_queue/inst/fifo_gen_inst/inst_fifo_gen/gconvfifo.rf/grf.rf/gntv_or_sync_fifo.gl0.rd/rpntr/gc0.count_reg[1]/CLR
                                                              8.956         
PROCESSOR/processor_i/AXI_INTER/s00_couplers/auto_ds/inst/gen_downsizer.gen_simple_downsizer.axi_downsizer_inst/USE_READ.read_addr_inst/cmd_queue/inst/fifo_gen_inst/inst_fifo_gen/gconvfifo.rf/grf.rf/rstblk/ngwrdrst.grst.g7serrst.gnsckt_wrst.gcc_rst.sckt_wr_rst_cc_reg[0]/C
                               PROCESSOR/processor_i/AXI_INTER/s00_couplers/auto_ds/inst/gen_downsizer.gen_simple_downsizer.axi_downsizer_inst/USE_READ.read_addr_inst/cmd_queue/inst/fifo_gen_inst/inst_fifo_gen/gconvfifo.rf/grf.rf/gntv_or_sync_fifo.gl0.rd/rpntr/gc0.count_reg[2]/CLR
                                                              8.956         
PROCESSOR/processor_i/AXI_INTER/s00_couplers/auto_ds/inst/gen_downsizer.gen_simple_downsizer.axi_downsizer_inst/USE_READ.read_addr_inst/cmd_queue/inst/fifo_gen_inst/inst_fifo_gen/gconvfifo.rf/grf.rf/rstblk/ngwrdrst.grst.g7serrst.gnsckt_wrst.gcc_rst.sckt_wr_rst_cc_reg[0]/C
                               PROCESSOR/processor_i/AXI_INTER/s00_couplers/auto_ds/inst/gen_downsizer.gen_simple_downsizer.axi_downsizer_inst/USE_READ.read_addr_inst/cmd_queue/inst/fifo_gen_inst/inst_fifo_gen/gconvfifo.rf/grf.rf/gntv_or_sync_fifo.gl0.rd/rpntr/gc0.count_reg[3]/CLR
                                                              8.956         
PROCESSOR/processor_i/AXI_INTER/s00_couplers/auto_ds/inst/gen_downsizer.gen_simple_downsizer.axi_downsizer_inst/USE_READ.read_addr_inst/cmd_queue/inst/fifo_gen_inst/inst_fifo_gen/gconvfifo.rf/grf.rf/rstblk/ngwrdrst.grst.g7serrst.gnsckt_wrst.gcc_rst.sckt_wr_rst_cc_reg[0]/C
                               PROCESSOR/processor_i/AXI_INTER/s00_couplers/auto_ds/inst/gen_downsizer.gen_simple_downsizer.axi_downsizer_inst/USE_READ.read_addr_inst/cmd_queue/inst/fifo_gen_inst/inst_fifo_gen/gconvfifo.rf/grf.rf/gntv_or_sync_fifo.gl0.rd/rpntr/gc0.count_reg[4]/CLR
                                                              8.956         
PROCESSOR/processor_i/AXI_INTER/s00_couplers/auto_ds/inst/gen_downsizer.gen_simple_downsizer.axi_downsizer_inst/USE_READ.read_addr_inst/cmd_queue/inst/fifo_gen_inst/inst_fifo_gen/gconvfifo.rf/grf.rf/rstblk/ngwrdrst.grst.g7serrst.gnsckt_wrst.gcc_rst.sckt_wr_rst_cc_reg[0]/C
                               PROCESSOR/processor_i/AXI_INTER/s00_couplers/auto_ds/inst/gen_downsizer.gen_simple_downsizer.axi_downsizer_inst/USE_READ.read_addr_inst/cmd_queue/inst/fifo_gen_inst/inst_fifo_gen/gconvfifo.rf/grf.rf/gntv_or_sync_fifo.gl0.rd/rpntr/gc0.count_d1_reg[0]/CLR
                                                              8.959         
PROCESSOR/processor_i/AXI_INTER/s00_couplers/auto_ds/inst/gen_downsizer.gen_simple_downsizer.axi_downsizer_inst/USE_READ.read_addr_inst/cmd_queue/inst/fifo_gen_inst/inst_fifo_gen/gconvfifo.rf/grf.rf/rstblk/ngwrdrst.grst.g7serrst.gnsckt_wrst.gcc_rst.sckt_wr_rst_cc_reg[0]/C
                               PROCESSOR/processor_i/AXI_INTER/s00_couplers/auto_ds/inst/gen_downsizer.gen_simple_downsizer.axi_downsizer_inst/USE_READ.read_addr_inst/cmd_queue/inst/fifo_gen_inst/inst_fifo_gen/gconvfifo.rf/grf.rf/gntv_or_sync_fifo.gl0.rd/rpntr/gc0.count_d1_reg[1]/CLR
                                                              8.959         
PROCESSOR/processor_i/AXI_INTER/s00_couplers/auto_ds/inst/gen_downsizer.gen_simple_downsizer.axi_downsizer_inst/USE_READ.read_addr_inst/cmd_queue/inst/fifo_gen_inst/inst_fifo_gen/gconvfifo.rf/grf.rf/rstblk/ngwrdrst.grst.g7serrst.gnsckt_wrst.gcc_rst.sckt_wr_rst_cc_reg[0]/C
                               PROCESSOR/processor_i/AXI_INTER/s00_couplers/auto_ds/inst/gen_downsizer.gen_simple_downsizer.axi_downsizer_inst/USE_READ.read_addr_inst/cmd_queue/inst/fifo_gen_inst/inst_fifo_gen/gconvfifo.rf/grf.rf/gntv_or_sync_fifo.gl0.rd/rpntr/gc0.count_d1_reg[2]/CLR
                                                              8.959         
PROCESSOR/processor_i/AXI_INTER/s00_couplers/auto_ds/inst/gen_downsizer.gen_simple_downsizer.axi_downsizer_inst/USE_READ.read_addr_inst/cmd_queue/inst/fifo_gen_inst/inst_fifo_gen/gconvfifo.rf/grf.rf/rstblk/ngwrdrst.grst.g7serrst.gnsckt_wrst.gcc_rst.sckt_wr_rst_cc_reg[0]/C
                               PROCESSOR/processor_i/AXI_INTER/s00_couplers/auto_ds/inst/gen_downsizer.gen_simple_downsizer.axi_downsizer_inst/USE_READ.read_addr_inst/cmd_queue/inst/fifo_gen_inst/inst_fifo_gen/gconvfifo.rf/grf.rf/gntv_or_sync_fifo.gl0.rd/rpntr/gc0.count_d1_reg[3]/CLR
                                                              8.959         
PROCESSOR/processor_i/AXI_INTER/s00_couplers/auto_ds/inst/gen_downsizer.gen_simple_downsizer.axi_downsizer_inst/USE_READ.read_addr_inst/cmd_queue/inst/fifo_gen_inst/inst_fifo_gen/gconvfifo.rf/grf.rf/rstblk/ngwrdrst.grst.g7serrst.gnsckt_wrst.gcc_rst.sckt_wr_rst_cc_reg[0]/C
                               PROCESSOR/processor_i/AXI_INTER/s00_couplers/auto_ds/inst/gen_downsizer.gen_simple_downsizer.axi_downsizer_inst/USE_READ.read_addr_inst/cmd_queue/inst/fifo_gen_inst/inst_fifo_gen/gconvfifo.rf/grf.rf/gntv_or_sync_fifo.gl0.rd/rpntr/gc0.count_d1_reg[4]/CLR
                                                              8.959         
DACs/DAC_JESD_PHY/inst/jesd204_phy_block_i/gtwiz_reset_block_i/gtwiz_reset_rx_datapath_int_reg/C
                               DACs/DAC_JESD_PHY/inst/jesd204_phy_block_i/gtwiz_reset_block_i/reset_synchronizer_gtwiz_reset_rx_datapath_inst/rst_in_meta_reg/PRE
                                                              8.962         
DACs/DAC_JESD_PHY/inst/jesd204_phy_block_i/gtwiz_reset_block_i/gtwiz_reset_rx_datapath_int_reg/C
                               DACs/DAC_JESD_PHY/inst/jesd204_phy_block_i/gtwiz_reset_block_i/reset_synchronizer_gtwiz_reset_rx_datapath_inst/rst_in_sync1_reg/PRE
                                                              8.962         
DACs/DAC_JESD_PHY/inst/jesd204_phy_block_i/gtwiz_reset_block_i/gtwiz_reset_rx_datapath_int_reg/C
                               DACs/DAC_JESD_PHY/inst/jesd204_phy_block_i/gtwiz_reset_block_i/reset_synchronizer_gtwiz_reset_rx_datapath_inst/rst_in_sync2_reg/PRE
                                                              8.962         
DACs/DAC_JESD_PHY/inst/jesd204_phy_block_i/gtwiz_reset_block_i/gtwiz_reset_rx_datapath_int_reg/C
                               DACs/DAC_JESD_PHY/inst/jesd204_phy_block_i/gtwiz_reset_block_i/reset_synchronizer_gtwiz_reset_rx_datapath_inst/rst_in_sync3_reg/PRE
                                                              8.962         
DACs/DAC_JESD_PHY/inst/jesd204_phy_block_i/gtwiz_reset_block_i/gtwiz_reset_rx_datapath_int_reg/C
                               DACs/DAC_JESD_PHY/inst/jesd204_phy_block_i/gtwiz_reset_block_i/reset_synchronizer_gtwiz_reset_rx_any_inst/rst_in_meta_reg/PRE
                                                              8.963         
DACs/DAC_JESD_PHY/inst/jesd204_phy_block_i/gtwiz_reset_block_i/gtwiz_reset_rx_datapath_int_reg/C
                               DACs/DAC_JESD_PHY/inst/jesd204_phy_block_i/gtwiz_reset_block_i/reset_synchronizer_gtwiz_reset_rx_any_inst/rst_in_sync1_reg/PRE
                                                              8.963         
DACs/DAC_JESD_PHY/inst/jesd204_phy_block_i/gtwiz_reset_block_i/gtwiz_reset_rx_datapath_int_reg/C
                               DACs/DAC_JESD_PHY/inst/jesd204_phy_block_i/gtwiz_reset_block_i/reset_synchronizer_gtwiz_reset_rx_any_inst/rst_in_sync2_reg/PRE
                                                              8.963         
DACs/DAC_JESD_PHY/inst/jesd204_phy_block_i/gtwiz_reset_block_i/gtwiz_reset_rx_datapath_int_reg/C
                               DACs/DAC_JESD_PHY/inst/jesd204_phy_block_i/gtwiz_reset_block_i/reset_synchronizer_gtwiz_reset_rx_any_inst/rst_in_sync3_reg/PRE
                                                              8.963         
DACs/DAC_JESD_PHY/inst/jesd204_phy_block_i/gtwiz_reset_block_i/gtwiz_reset_rx_datapath_int_reg/C
                               DACs/DAC_JESD_PHY/inst/jesd204_phy_block_i/gtwiz_reset_block_i/reset_synchronizer_gtwiz_reset_rx_datapath_inst/rst_in_out_reg/PRE
                                                              8.965         



