Copyright 1986-2022 Xilinx, Inc. All Rights Reserved.
------------------------------------------------------------------------------------------------------------
| Tool Version : Vivado v.2022.2_AR000035739_AR000034905 (lin64) Build 3671981 Fri Oct 14 04:59:54 MDT 2022
| Date         : Fri Aug 14 17:50:32 2026
| Host         : mcc-workers-74d68884bd-cxrrf running 64-bit Ubuntu 20.04.6 LTS
| Command      : report_utilization -hierarchical -file utilutilization_hier.rpt
| Design       : mercury_platform_mokupro
| Device       : xczu9eg-ffvc900-2-e
| Speed File   : -2
| Design State : Routed
------------------------------------------------------------------------------------------------------------

Utilization Design Information

Table of Contents
-----------------
1. Utilization by Hierarchy

1. Utilization by Hierarchy
---------------------------

+-------------------------------------------------------------------------------------------------------------+---------------------------------------------------------------------+----------------+--------------+------------+------------+---------+------+-------+--------+--------+------+------------+
|                                                   Instance                                                  |                                Module                               |  PR Attribute  | Total PPLOCs | Total LUTs | Logic LUTs | LUTRAMs | SRLs |  FFs  | RAMB36 | RAMB18 | URAM | DSP Blocks |
+-------------------------------------------------------------------------------------------------------------+---------------------------------------------------------------------+----------------+--------------+------------+------------+---------+------+-------+--------+--------+------+------------+
| mercury_platform_mokupro                                                                                    |                                                               (top) |              - |         3670 |      46867 |      46599 |      92 |  176 | 58318 |    272 |      0 |    0 |         96 |
|   (mercury_platform_mokupro)                                                                                |                                                               (top) |              - |            - |       5508 |       5508 |       0 |    0 |  2145 |      0 |      0 |    0 |          0 |
|   BLENDING.ADC_SEL_SYNC                                                                                     |                                                      RegCrossing__2 |         Static |            - |          1 |          1 |       0 |    0 |    40 |      0 |      0 |    0 |          0 |
|   BLENDING.BLEND                                                                                            |                                                            Blending |         Static |            - |       5955 |       5891 |       0 |   64 |  6995 |      0 |      0 |    0 |         68 |
|     (BLENDING.BLEND)                                                                                        |                                                            Blending |         Static |            - |       1322 |       1322 |       0 |    0 |   364 |      0 |      0 |    0 |          0 |
|     GEN_BLENDING_CHANNELS[0].BLEND                                                                          |                                                      Blending125__1 |         Static |            - |       1097 |       1081 |       0 |   16 |  1583 |      0 |      0 |    0 |         17 |
|       (GEN_BLENDING_CHANNELS[0].BLEND)                                                                      |                                                      Blending125__1 |         Static |            - |        147 |        131 |       0 |   16 |    96 |      0 |      0 |    0 |          0 |
|       CIC_DEC                                                                                               |                                                   DecimatorCICx4__1 |         Static |            - |        255 |        255 |       0 |    0 |   293 |      0 |      0 |    0 |          0 |
|       CIC_INTERP                                                                                            |                                                  InterpolatorCIC__1 |         Static |            - |        192 |        192 |       0 |    0 |   379 |      0 |      0 |    0 |          0 |
|         (CIC_INTERP)                                                                                        |                                                  InterpolatorCIC__1 |         Static |            - |        171 |        171 |       0 |    0 |   286 |      0 |      0 |    0 |          0 |
|         PACER                                                                                               |                                                      InterpPacer__1 |         Static |            - |         21 |         21 |       0 |    0 |    93 |      0 |      0 |    0 |          0 |
|       ERROR_SIGNAL_FILTER                                                                                   |                                        SOSFilter__parameterized0__1 |         Static |            - |        140 |        140 |       0 |    0 |   159 |      0 |      0 |    0 |          5 |
|       HADC_MATCH_FILTER_1                                                                                   |                                                        SOSFilter__3 |         Static |            - |        182 |        182 |       0 |    0 |   325 |      0 |      0 |    0 |          6 |
|       HADC_MATCH_FILTER_2                                                                                   |                                                        SOSFilter__2 |         Static |            - |        182 |        182 |       0 |    0 |   331 |      0 |      0 |    0 |          6 |
|     GEN_BLENDING_CHANNELS[0].DITHER_GEN                                                                     |                                                          XORShift64 |         Static |            - |         64 |         64 |       0 |    0 |    64 |      0 |      0 |    0 |          0 |
|     GEN_BLENDING_CHANNELS[1].BLEND                                                                          |                                                      Blending125__2 |         Static |            - |       1098 |       1082 |       0 |   16 |  1583 |      0 |      0 |    0 |         17 |
|       (GEN_BLENDING_CHANNELS[1].BLEND)                                                                      |                                                      Blending125__2 |         Static |            - |        147 |        131 |       0 |   16 |    96 |      0 |      0 |    0 |          0 |
|       CIC_DEC                                                                                               |                                                   DecimatorCICx4__2 |         Static |            - |        255 |        255 |       0 |    0 |   293 |      0 |      0 |    0 |          0 |
|       CIC_INTERP                                                                                            |                                                  InterpolatorCIC__2 |         Static |            - |        193 |        193 |       0 |    0 |   379 |      0 |      0 |    0 |          0 |
|         (CIC_INTERP)                                                                                        |                                                  InterpolatorCIC__2 |         Static |            - |        171 |        171 |       0 |    0 |   286 |      0 |      0 |    0 |          0 |
|         PACER                                                                                               |                                                      InterpPacer__2 |         Static |            - |         22 |         22 |       0 |    0 |    93 |      0 |      0 |    0 |          0 |
|       ERROR_SIGNAL_FILTER                                                                                   |                                        SOSFilter__parameterized0__2 |         Static |            - |        140 |        140 |       0 |    0 |   159 |      0 |      0 |    0 |          5 |
|       HADC_MATCH_FILTER_1                                                                                   |                                                        SOSFilter__5 |         Static |            - |        182 |        182 |       0 |    0 |   325 |      0 |      0 |    0 |          6 |
|       HADC_MATCH_FILTER_2                                                                                   |                                                        SOSFilter__4 |         Static |            - |        182 |        182 |       0 |    0 |   331 |      0 |      0 |    0 |          6 |
|     GEN_BLENDING_CHANNELS[1].DITHER_GEN                                                                     |                                          XORShift64__parameterized0 |         Static |            - |         64 |         64 |       0 |    0 |    64 |      0 |      0 |    0 |          0 |
|     GEN_BLENDING_CHANNELS[2].BLEND                                                                          |                                                      Blending125__3 |         Static |            - |       1099 |       1083 |       0 |   16 |  1583 |      0 |      0 |    0 |         17 |
|       (GEN_BLENDING_CHANNELS[2].BLEND)                                                                      |                                                      Blending125__3 |         Static |            - |        147 |        131 |       0 |   16 |    96 |      0 |      0 |    0 |          0 |
|       CIC_DEC                                                                                               |                                                   DecimatorCICx4__3 |         Static |            - |        256 |        256 |       0 |    0 |   293 |      0 |      0 |    0 |          0 |
|       CIC_INTERP                                                                                            |                                                  InterpolatorCIC__3 |         Static |            - |        193 |        193 |       0 |    0 |   379 |      0 |      0 |    0 |          0 |
|         (CIC_INTERP)                                                                                        |                                                  InterpolatorCIC__3 |         Static |            - |        171 |        171 |       0 |    0 |   286 |      0 |      0 |    0 |          0 |
|         PACER                                                                                               |                                                      InterpPacer__3 |         Static |            - |         22 |         22 |       0 |    0 |    93 |      0 |      0 |    0 |          0 |
|       ERROR_SIGNAL_FILTER                                                                                   |                                        SOSFilter__parameterized0__3 |         Static |            - |        140 |        140 |       0 |    0 |   159 |      0 |      0 |    0 |          5 |
|       HADC_MATCH_FILTER_1                                                                                   |                                                        SOSFilter__7 |         Static |            - |        182 |        182 |       0 |    0 |   325 |      0 |      0 |    0 |          6 |
|       HADC_MATCH_FILTER_2                                                                                   |                                                        SOSFilter__6 |         Static |            - |        182 |        182 |       0 |    0 |   331 |      0 |      0 |    0 |          6 |
|     GEN_BLENDING_CHANNELS[2].DITHER_GEN                                                                     |                                          XORShift64__parameterized1 |         Static |            - |         64 |         64 |       0 |    0 |    64 |      0 |      0 |    0 |          0 |
|     GEN_BLENDING_CHANNELS[3].BLEND                                                                          |                                                         Blending125 |         Static |            - |       1098 |       1082 |       0 |   16 |  1626 |      0 |      0 |    0 |         17 |
|       (GEN_BLENDING_CHANNELS[3].BLEND)                                                                      |                                                         Blending125 |         Static |            - |        147 |        131 |       0 |   16 |    96 |      0 |      0 |    0 |          0 |
|       CIC_DEC                                                                                               |                                                      DecimatorCICx4 |         Static |            - |        257 |        257 |       0 |    0 |   293 |      0 |      0 |    0 |          0 |
|       CIC_INTERP                                                                                            |                                                     InterpolatorCIC |         Static |            - |        193 |        193 |       0 |    0 |   379 |      0 |      0 |    0 |          0 |
|         (CIC_INTERP)                                                                                        |                                                     InterpolatorCIC |         Static |            - |        171 |        171 |       0 |    0 |   286 |      0 |      0 |    0 |          0 |
|         PACER                                                                                               |                                                         InterpPacer |         Static |            - |         22 |         22 |       0 |    0 |    93 |      0 |      0 |    0 |          0 |
|       ERROR_SIGNAL_FILTER                                                                                   |                                           SOSFilter__parameterized0 |         Static |            - |        140 |        140 |       0 |    0 |   202 |      0 |      0 |    0 |          5 |
|       HADC_MATCH_FILTER_1                                                                                   |                                                        SOSFilter__1 |         Static |            - |        182 |        182 |       0 |    0 |   325 |      0 |      0 |    0 |          6 |
|       HADC_MATCH_FILTER_2                                                                                   |                                                           SOSFilter |         Static |            - |        182 |        182 |       0 |    0 |   331 |      0 |      0 |    0 |          6 |
|     GEN_BLENDING_CHANNELS[3].DITHER_GEN                                                                     |                                          XORShift64__parameterized2 |         Static |            - |         64 |         64 |       0 |    0 |    64 |      0 |      0 |    0 |          0 |
|   CBUFS[0].CBUF                                                                                             |                                                   ChannelBuffer__18 |         Static |            - |        798 |        796 |       0 |    2 |  1147 |      9 |      0 |    0 |          0 |
|     (CBUFS[0].CBUF)                                                                                         |                                                   ChannelBuffer__18 |         Static |            - |         11 |         11 |       0 |    0 |   158 |      0 |      0 |    0 |          0 |
|     FIFO                                                                                                    |                                                            CBufFIFO |         Static |            - |        110 |        108 |       0 |    2 |   205 |      9 |      0 |    0 |          0 |
|       U0                                                                                                    |                                      CBufFIFOfifo_generator_v13_2_7 |         Static |            - |        110 |        108 |       0 |    2 |   205 |      9 |      0 |    0 |          0 |
|         inst_fifo_gen                                                                                       |                                CBufFIFOfifo_generator_v13_2_7_synth |         Static |            - |        110 |        108 |       0 |    2 |   205 |      9 |      0 |    0 |          0 |
|           gconvfifo.rf                                                                                      |                                          CBufFIFOfifo_generator_top |         Static |            - |        110 |        108 |       0 |    2 |   205 |      9 |      0 |    0 |          0 |
|             grf.rf                                                                                          |                                      CBufFIFOfifo_generator_ramfifo |         Static |            - |        110 |        108 |       0 |    2 |   205 |      9 |      0 |    0 |          0 |
|               gntv_or_sync_fifo.gcx.clkx                                                                    |                                                 CBufFIFOclk_x_pntrs |         Static |            - |         51 |         51 |       0 |    0 |    88 |      0 |      0 |    0 |          0 |
|                 (gntv_or_sync_fifo.gcx.clkx)                                                                |                                                 CBufFIFOclk_x_pntrs |         Static |            - |         23 |         23 |       0 |    0 |     0 |      0 |      0 |    0 |          0 |
|                 rd_pntr_cdc_inst                                                                            |                                                CBufFIFOxpm_cdc_gray |         Static |            - |         14 |         14 |       0 |    0 |    44 |      0 |      0 |    0 |          0 |
|                 wr_pntr_cdc_inst                                                                            |                                             CBufFIFOxpm_cdc_gray__2 |         Static |            - |         14 |         14 |       0 |    0 |    44 |      0 |      0 |    0 |          0 |
|               gntv_or_sync_fifo.gl0.rd                                                                      |                                                    CBufFIFOrd_logic |         Static |            - |         33 |         33 |       0 |    0 |    36 |      0 |      0 |    0 |          0 |
|                 gras.gpe.rdpe                                                                               |                                                    CBufFIFOrd_pe_as |         Static |            - |          3 |          3 |       0 |    0 |    12 |      0 |      0 |    0 |          0 |
|                 gras.rsts                                                                                   |                                          CBufFIFOrd_status_flags_as |         Static |            - |          2 |          2 |       0 |    0 |     2 |      0 |      0 |    0 |          0 |
|                   (gras.rsts)                                                                               |                                          CBufFIFOrd_status_flags_as |         Static |            - |          1 |          1 |       0 |    0 |     2 |      0 |      0 |    0 |          0 |
|                   c0                                                                                        |                                                   CBufFIFOcompare_1 |         Static |            - |          1 |          1 |       0 |    0 |     0 |      0 |      0 |    0 |          0 |
|                   c1                                                                                        |                                                   CBufFIFOcompare_2 |         Static |            - |          0 |          0 |       0 |    0 |     0 |      0 |      0 |    0 |          0 |
|                 rpntr                                                                                       |                                                 CBufFIFOrd_bin_cntr |         Static |            - |         28 |         28 |       0 |    0 |    22 |      0 |      0 |    0 |          0 |
|               gntv_or_sync_fifo.gl0.wr                                                                      |                                                    CBufFIFOwr_logic |         Static |            - |         15 |         15 |       0 |    0 |    39 |      0 |      0 |    0 |          0 |
|                 gwas.gpf.wrpf                                                                               |                                                    CBufFIFOwr_pf_as |         Static |            - |          1 |          1 |       0 |    0 |     3 |      0 |      0 |    0 |          0 |
|                 gwas.wsts                                                                                   |                                          CBufFIFOwr_status_flags_as |         Static |            - |          3 |          3 |       0 |    0 |     2 |      0 |      0 |    0 |          0 |
|                   (gwas.wsts)                                                                               |                                          CBufFIFOwr_status_flags_as |         Static |            - |          2 |          2 |       0 |    0 |     2 |      0 |      0 |    0 |          0 |
|                   c1                                                                                        |                                                     CBufFIFOcompare |         Static |            - |          0 |          0 |       0 |    0 |     0 |      0 |      0 |    0 |          0 |
|                   c2                                                                                        |                                                   CBufFIFOcompare_0 |         Static |            - |          1 |          1 |       0 |    0 |     0 |      0 |      0 |    0 |          0 |
|                 gwhf.whf                                                                                    |                                        CBufFIFOwr_handshaking_flags |         Static |            - |          0 |          0 |       0 |    0 |     1 |      0 |      0 |    0 |          0 |
|                 wpntr                                                                                       |                                                 CBufFIFOwr_bin_cntr |         Static |            - |         11 |         11 |       0 |    0 |    33 |      0 |      0 |    0 |          0 |
|               gntv_or_sync_fifo.mem                                                                         |                                                      CBufFIFOmemory |         Static |            - |          6 |          4 |       0 |    2 |    10 |      9 |      0 |    0 |          0 |
|                 gbm.gbmg.gbmga.ngecc.bmg                                                                    |                                          CBufFIFOblk_mem_gen_v8_4_5 |         Static |            - |          6 |          4 |       0 |    2 |    10 |      9 |      0 |    0 |          0 |
|                   inst_blk_mem_gen                                                                          |                                    CBufFIFOblk_mem_gen_v8_4_5_synth |         Static |            - |          6 |          4 |       0 |    2 |    10 |      9 |      0 |    0 |          0 |
|                     gnbram.gnativebmg.native_blk_mem_gen                                                    |                                             CBufFIFOblk_mem_gen_top |         Static |            - |          6 |          4 |       0 |    2 |    10 |      9 |      0 |    0 |          0 |
|                       valid.cstr                                                                            |                                    CBufFIFOblk_mem_gen_generic_cstr |         Static |            - |          6 |          4 |       0 |    2 |    10 |      9 |      0 |    0 |          0 |
|                         ramloop[0].ram.r                                                                    |                                      CBufFIFOblk_mem_gen_prim_width |         Static |            - |          0 |          0 |       0 |    0 |     0 |      1 |      0 |    0 |          0 |
|                           prim_noinit.ram                                                                   |                                    CBufFIFOblk_mem_gen_prim_wrapper |         Static |            - |          0 |          0 |       0 |    0 |     0 |      1 |      0 |    0 |          0 |
|                         ramloop[1].ram.r                                                                    |                      CBufFIFOblk_mem_gen_prim_width__parameterized0 |         Static |            - |          0 |          0 |       0 |    0 |     0 |      1 |      0 |    0 |          0 |
|                           prim_noinit.ram                                                                   |                    CBufFIFOblk_mem_gen_prim_wrapper__parameterized0 |         Static |            - |          0 |          0 |       0 |    0 |     0 |      1 |      0 |    0 |          0 |
|                         ramloop[2].ram.r                                                                    |                      CBufFIFOblk_mem_gen_prim_width__parameterized1 |         Static |            - |          0 |          0 |       0 |    0 |     0 |      1 |      0 |    0 |          0 |
|                           prim_noinit.ram                                                                   |                    CBufFIFOblk_mem_gen_prim_wrapper__parameterized1 |         Static |            - |          0 |          0 |       0 |    0 |     0 |      1 |      0 |    0 |          0 |
|                         ramloop[3].ram.r                                                                    |                      CBufFIFOblk_mem_gen_prim_width__parameterized2 |         Static |            - |          0 |          0 |       0 |    0 |     0 |      1 |      0 |    0 |          0 |
|                           prim_noinit.ram                                                                   |                    CBufFIFOblk_mem_gen_prim_wrapper__parameterized2 |         Static |            - |          0 |          0 |       0 |    0 |     0 |      1 |      0 |    0 |          0 |
|                         ramloop[4].ram.r                                                                    |                      CBufFIFOblk_mem_gen_prim_width__parameterized3 |         Static |            - |          0 |          0 |       0 |    0 |     0 |      1 |      0 |    0 |          0 |
|                           prim_noinit.ram                                                                   |                    CBufFIFOblk_mem_gen_prim_wrapper__parameterized3 |         Static |            - |          0 |          0 |       0 |    0 |     0 |      1 |      0 |    0 |          0 |
|                         ramloop[5].ram.r                                                                    |                      CBufFIFOblk_mem_gen_prim_width__parameterized4 |         Static |            - |          0 |          0 |       0 |    0 |     0 |      1 |      0 |    0 |          0 |
|                           prim_noinit.ram                                                                   |                    CBufFIFOblk_mem_gen_prim_wrapper__parameterized4 |         Static |            - |          0 |          0 |       0 |    0 |     0 |      1 |      0 |    0 |          0 |
|                         ramloop[6].ram.r                                                                    |                      CBufFIFOblk_mem_gen_prim_width__parameterized5 |         Static |            - |          0 |          0 |       0 |    0 |     0 |      1 |      0 |    0 |          0 |
|                           prim_noinit.ram                                                                   |                    CBufFIFOblk_mem_gen_prim_wrapper__parameterized5 |         Static |            - |          0 |          0 |       0 |    0 |     0 |      1 |      0 |    0 |          0 |
|                         ramloop[7].ram.r                                                                    |                      CBufFIFOblk_mem_gen_prim_width__parameterized6 |         Static |            - |          0 |          0 |       0 |    0 |     0 |      1 |      0 |    0 |          0 |
|                           prim_noinit.ram                                                                   |                    CBufFIFOblk_mem_gen_prim_wrapper__parameterized6 |         Static |            - |          0 |          0 |       0 |    0 |     0 |      1 |      0 |    0 |          0 |
|                         ramloop[8].ram.r                                                                    |                      CBufFIFOblk_mem_gen_prim_width__parameterized7 |         Static |            - |          0 |          0 |       0 |    0 |     0 |      1 |      0 |    0 |          0 |
|                           prim_noinit.ram                                                                   |                    CBufFIFOblk_mem_gen_prim_wrapper__parameterized7 |         Static |            - |          0 |          0 |       0 |    0 |     0 |      1 |      0 |    0 |          0 |
|                         ramloop[9].ram.r                                                                    |                      CBufFIFOblk_mem_gen_prim_width__parameterized8 |         Static |            - |          6 |          4 |       0 |    2 |    10 |      0 |      0 |    0 |          0 |
|                           (ramloop[9].ram.r)                                                                |                      CBufFIFOblk_mem_gen_prim_width__parameterized8 |         Static |            - |          4 |          2 |       0 |    2 |    10 |      0 |      0 |    0 |          0 |
|                           prim_noinit.ram                                                                   |                    CBufFIFOblk_mem_gen_prim_wrapper__parameterized8 |         Static |            - |          2 |          2 |       0 |    0 |     0 |      0 |      0 |    0 |          0 |
|               rstblk                                                                                        |                                           CBufFIFOreset_blk_ramfifo |         Static |            - |          6 |          6 |       0 |    0 |    32 |      0 |      0 |    0 |          0 |
|                 (rstblk)                                                                                    |                                           CBufFIFOreset_blk_ramfifo |         Static |            - |          6 |          6 |       0 |    0 |    12 |      0 |      0 |    0 |          0 |
|                 ngwrdrst.grst.g7serrst.gsckt_wrst.gic_rst.xpm_cdc_single_inst_rrst_wr                       |                                              CBufFIFOxpm_cdc_single |         Static |            - |          0 |          0 |       0 |    0 |     5 |      0 |      0 |    0 |          0 |
|                 ngwrdrst.grst.g7serrst.gsckt_wrst.gic_rst.xpm_cdc_single_inst_wrst_rd                       |                                           CBufFIFOxpm_cdc_single__2 |         Static |            - |          0 |          0 |       0 |    0 |     5 |      0 |      0 |    0 |          0 |
|                 ngwrdrst.grst.g7serrst.gsckt_wrst.gic_rst.xpm_cdc_sync_rst_inst_wrst                        |                                            CBufFIFOxpm_cdc_sync_rst |         Static |            - |          0 |          0 |       0 |    0 |     5 |      0 |      0 |    0 |          0 |
|                 ngwrdrst.grst.g7serrst.gsckt_wrst.xpm_cdc_sync_rst_inst_wrst                                |                                         CBufFIFOxpm_cdc_sync_rst__2 |         Static |            - |          0 |          0 |       0 |    0 |     5 |      0 |      0 |    0 |          0 |
|     FSM                                                                                                     |                                                         CBufFSM__18 |         Static |            - |        660 |        660 |       0 |    0 |   741 |      0 |      0 |    0 |          0 |
|     MAXI                                                                                                    |                                                   CBufAXIMaster__18 |         Static |            - |         19 |         19 |       0 |    0 |    43 |      0 |      0 |    0 |          0 |
|   CBUFS[10].CBUF                                                                                            |                                                   ChannelBuffer__28 |         Static |            - |        807 |        805 |       0 |    2 |  1147 |      9 |      0 |    0 |          0 |
|     (CBUFS[10].CBUF)                                                                                        |                                                   ChannelBuffer__28 |         Static |            - |         10 |         10 |       0 |    0 |   158 |      0 |      0 |    0 |          0 |
|     FIFO                                                                                                    |                                                     CBufFIFO_HD1005 |         Static |            - |        112 |        110 |       0 |    2 |   205 |      9 |      0 |    0 |          0 |
|       U0                                                                                                    |                               CBufFIFOfifo_generator_v13_2_7_HD1006 |         Static |            - |        112 |        110 |       0 |    2 |   205 |      9 |      0 |    0 |          0 |
|         inst_fifo_gen                                                                                       |                         CBufFIFOfifo_generator_v13_2_7_synth_HD1007 |         Static |            - |        112 |        110 |       0 |    2 |   205 |      9 |      0 |    0 |          0 |
|           gconvfifo.rf                                                                                      |                                   CBufFIFOfifo_generator_top_HD1008 |         Static |            - |        112 |        110 |       0 |    2 |   205 |      9 |      0 |    0 |          0 |
|             grf.rf                                                                                          |                               CBufFIFOfifo_generator_ramfifo_HD1009 |         Static |            - |        112 |        110 |       0 |    2 |   205 |      9 |      0 |    0 |          0 |
|               gntv_or_sync_fifo.gcx.clkx                                                                    |                                          CBufFIFOclk_x_pntrs_HD1010 |         Static |            - |         53 |         53 |       0 |    0 |    88 |      0 |      0 |    0 |          0 |
|                 (gntv_or_sync_fifo.gcx.clkx)                                                                |                                          CBufFIFOclk_x_pntrs_HD1010 |         Static |            - |         23 |         23 |       0 |    0 |     0 |      0 |      0 |    0 |          0 |
|                 rd_pntr_cdc_inst                                                                            |                                         CBufFIFOxpm_cdc_gray_HD1011 |         Static |            - |         15 |         15 |       0 |    0 |    44 |      0 |      0 |    0 |          0 |
|                 wr_pntr_cdc_inst                                                                            |                                      CBufFIFOxpm_cdc_gray__2_HD1012 |         Static |            - |         15 |         15 |       0 |    0 |    44 |      0 |      0 |    0 |          0 |
|               gntv_or_sync_fifo.gl0.rd                                                                      |                                             CBufFIFOrd_logic_HD1013 |         Static |            - |         33 |         33 |       0 |    0 |    36 |      0 |      0 |    0 |          0 |
|                 gras.gpe.rdpe                                                                               |                                             CBufFIFOrd_pe_as_HD1014 |         Static |            - |          3 |          3 |       0 |    0 |    12 |      0 |      0 |    0 |          0 |
|                 gras.rsts                                                                                   |                                   CBufFIFOrd_status_flags_as_HD1015 |         Static |            - |          2 |          2 |       0 |    0 |     2 |      0 |      0 |    0 |          0 |
|                   (gras.rsts)                                                                               |                                   CBufFIFOrd_status_flags_as_HD1015 |         Static |            - |          1 |          1 |       0 |    0 |     2 |      0 |      0 |    0 |          0 |
|                   c0                                                                                        |                                            CBufFIFOcompare_1_HD1016 |         Static |            - |          1 |          1 |       0 |    0 |     0 |      0 |      0 |    0 |          0 |
|                   c1                                                                                        |                                            CBufFIFOcompare_2_HD1017 |         Static |            - |          0 |          0 |       0 |    0 |     0 |      0 |      0 |    0 |          0 |
|                 rpntr                                                                                       |                                          CBufFIFOrd_bin_cntr_HD1018 |         Static |            - |         28 |         28 |       0 |    0 |    22 |      0 |      0 |    0 |          0 |
|               gntv_or_sync_fifo.gl0.wr                                                                      |                                             CBufFIFOwr_logic_HD1019 |         Static |            - |         14 |         14 |       0 |    0 |    39 |      0 |      0 |    0 |          0 |
|                 gwas.gpf.wrpf                                                                               |                                             CBufFIFOwr_pf_as_HD1020 |         Static |            - |          1 |          1 |       0 |    0 |     3 |      0 |      0 |    0 |          0 |
|                 gwas.wsts                                                                                   |                                   CBufFIFOwr_status_flags_as_HD1021 |         Static |            - |          2 |          2 |       0 |    0 |     2 |      0 |      0 |    0 |          0 |
|                   (gwas.wsts)                                                                               |                                   CBufFIFOwr_status_flags_as_HD1021 |         Static |            - |          2 |          2 |       0 |    0 |     2 |      0 |      0 |    0 |          0 |
|                   c1                                                                                        |                                              CBufFIFOcompare_HD1022 |         Static |            - |          0 |          0 |       0 |    0 |     0 |      0 |      0 |    0 |          0 |
|                   c2                                                                                        |                                            CBufFIFOcompare_0_HD1023 |         Static |            - |          1 |          1 |       0 |    0 |     0 |      0 |      0 |    0 |          0 |
|                 gwhf.whf                                                                                    |                                 CBufFIFOwr_handshaking_flags_HD1024 |         Static |            - |          0 |          0 |       0 |    0 |     1 |      0 |      0 |    0 |          0 |
|                 wpntr                                                                                       |                                          CBufFIFOwr_bin_cntr_HD1025 |         Static |            - |         11 |         11 |       0 |    0 |    33 |      0 |      0 |    0 |          0 |
|               gntv_or_sync_fifo.mem                                                                         |                                               CBufFIFOmemory_HD1026 |         Static |            - |          6 |          4 |       0 |    2 |    10 |      9 |      0 |    0 |          0 |
|                 gbm.gbmg.gbmga.ngecc.bmg                                                                    |                                   CBufFIFOblk_mem_gen_v8_4_5_HD1027 |         Static |            - |          6 |          4 |       0 |    2 |    10 |      9 |      0 |    0 |          0 |
|                   inst_blk_mem_gen                                                                          |                             CBufFIFOblk_mem_gen_v8_4_5_synth_HD1028 |         Static |            - |          6 |          4 |       0 |    2 |    10 |      9 |      0 |    0 |          0 |
|                     gnbram.gnativebmg.native_blk_mem_gen                                                    |                                      CBufFIFOblk_mem_gen_top_HD1029 |         Static |            - |          6 |          4 |       0 |    2 |    10 |      9 |      0 |    0 |          0 |
|                       valid.cstr                                                                            |                             CBufFIFOblk_mem_gen_generic_cstr_HD1030 |         Static |            - |          6 |          4 |       0 |    2 |    10 |      9 |      0 |    0 |          0 |
|                         ramloop[0].ram.r                                                                    |                               CBufFIFOblk_mem_gen_prim_width_HD1031 |         Static |            - |          0 |          0 |       0 |    0 |     0 |      1 |      0 |    0 |          0 |
|                           prim_noinit.ram                                                                   |                             CBufFIFOblk_mem_gen_prim_wrapper_HD1032 |         Static |            - |          0 |          0 |       0 |    0 |     0 |      1 |      0 |    0 |          0 |
|                         ramloop[1].ram.r                                                                    |               CBufFIFOblk_mem_gen_prim_width__parameterized0_HD1033 |         Static |            - |          0 |          0 |       0 |    0 |     0 |      1 |      0 |    0 |          0 |
|                           prim_noinit.ram                                                                   |             CBufFIFOblk_mem_gen_prim_wrapper__parameterized0_HD1034 |         Static |            - |          0 |          0 |       0 |    0 |     0 |      1 |      0 |    0 |          0 |
|                         ramloop[2].ram.r                                                                    |               CBufFIFOblk_mem_gen_prim_width__parameterized1_HD1035 |         Static |            - |          0 |          0 |       0 |    0 |     0 |      1 |      0 |    0 |          0 |
|                           prim_noinit.ram                                                                   |             CBufFIFOblk_mem_gen_prim_wrapper__parameterized1_HD1036 |         Static |            - |          0 |          0 |       0 |    0 |     0 |      1 |      0 |    0 |          0 |
|                         ramloop[3].ram.r                                                                    |               CBufFIFOblk_mem_gen_prim_width__parameterized2_HD1037 |         Static |            - |          0 |          0 |       0 |    0 |     0 |      1 |      0 |    0 |          0 |
|                           prim_noinit.ram                                                                   |             CBufFIFOblk_mem_gen_prim_wrapper__parameterized2_HD1038 |         Static |            - |          0 |          0 |       0 |    0 |     0 |      1 |      0 |    0 |          0 |
|                         ramloop[4].ram.r                                                                    |               CBufFIFOblk_mem_gen_prim_width__parameterized3_HD1039 |         Static |            - |          0 |          0 |       0 |    0 |     0 |      1 |      0 |    0 |          0 |
|                           prim_noinit.ram                                                                   |             CBufFIFOblk_mem_gen_prim_wrapper__parameterized3_HD1040 |         Static |            - |          0 |          0 |       0 |    0 |     0 |      1 |      0 |    0 |          0 |
|                         ramloop[5].ram.r                                                                    |               CBufFIFOblk_mem_gen_prim_width__parameterized4_HD1041 |         Static |            - |          0 |          0 |       0 |    0 |     0 |      1 |      0 |    0 |          0 |
|                           prim_noinit.ram                                                                   |             CBufFIFOblk_mem_gen_prim_wrapper__parameterized4_HD1042 |         Static |            - |          0 |          0 |       0 |    0 |     0 |      1 |      0 |    0 |          0 |
|                         ramloop[6].ram.r                                                                    |               CBufFIFOblk_mem_gen_prim_width__parameterized5_HD1043 |         Static |            - |          0 |          0 |       0 |    0 |     0 |      1 |      0 |    0 |          0 |
|                           prim_noinit.ram                                                                   |             CBufFIFOblk_mem_gen_prim_wrapper__parameterized5_HD1044 |         Static |            - |          0 |          0 |       0 |    0 |     0 |      1 |      0 |    0 |          0 |
|                         ramloop[7].ram.r                                                                    |               CBufFIFOblk_mem_gen_prim_width__parameterized6_HD1045 |         Static |            - |          0 |          0 |       0 |    0 |     0 |      1 |      0 |    0 |          0 |
|                           prim_noinit.ram                                                                   |             CBufFIFOblk_mem_gen_prim_wrapper__parameterized6_HD1046 |         Static |            - |          0 |          0 |       0 |    0 |     0 |      1 |      0 |    0 |          0 |
|                         ramloop[8].ram.r                                                                    |               CBufFIFOblk_mem_gen_prim_width__parameterized7_HD1047 |         Static |            - |          0 |          0 |       0 |    0 |     0 |      1 |      0 |    0 |          0 |
|                           prim_noinit.ram                                                                   |             CBufFIFOblk_mem_gen_prim_wrapper__parameterized7_HD1048 |         Static |            - |          0 |          0 |       0 |    0 |     0 |      1 |      0 |    0 |          0 |
|                         ramloop[9].ram.r                                                                    |               CBufFIFOblk_mem_gen_prim_width__parameterized8_HD1049 |         Static |            - |          6 |          4 |       0 |    2 |    10 |      0 |      0 |    0 |          0 |
|                           (ramloop[9].ram.r)                                                                |               CBufFIFOblk_mem_gen_prim_width__parameterized8_HD1049 |         Static |            - |          4 |          2 |       0 |    2 |    10 |      0 |      0 |    0 |          0 |
|                           prim_noinit.ram                                                                   |             CBufFIFOblk_mem_gen_prim_wrapper__parameterized8_HD1050 |         Static |            - |          2 |          2 |       0 |    0 |     0 |      0 |      0 |    0 |          0 |
|               rstblk                                                                                        |                                    CBufFIFOreset_blk_ramfifo_HD1051 |         Static |            - |          6 |          6 |       0 |    0 |    32 |      0 |      0 |    0 |          0 |
|                 (rstblk)                                                                                    |                                    CBufFIFOreset_blk_ramfifo_HD1051 |         Static |            - |          6 |          6 |       0 |    0 |    12 |      0 |      0 |    0 |          0 |
|                 ngwrdrst.grst.g7serrst.gsckt_wrst.gic_rst.xpm_cdc_single_inst_rrst_wr                       |                                       CBufFIFOxpm_cdc_single_HD1052 |         Static |            - |          0 |          0 |       0 |    0 |     5 |      0 |      0 |    0 |          0 |
|                 ngwrdrst.grst.g7serrst.gsckt_wrst.gic_rst.xpm_cdc_single_inst_wrst_rd                       |                                    CBufFIFOxpm_cdc_single__2_HD1053 |         Static |            - |          0 |          0 |       0 |    0 |     5 |      0 |      0 |    0 |          0 |
|                 ngwrdrst.grst.g7serrst.gsckt_wrst.gic_rst.xpm_cdc_sync_rst_inst_wrst                        |                                     CBufFIFOxpm_cdc_sync_rst_HD1054 |         Static |            - |          0 |          0 |       0 |    0 |     5 |      0 |      0 |    0 |          0 |
|                 ngwrdrst.grst.g7serrst.gsckt_wrst.xpm_cdc_sync_rst_inst_wrst                                |                                  CBufFIFOxpm_cdc_sync_rst__2_HD1055 |         Static |            - |          0 |          0 |       0 |    0 |     5 |      0 |      0 |    0 |          0 |
|     FSM                                                                                                     |                                                         CBufFSM__28 |         Static |            - |        668 |        668 |       0 |    0 |   741 |      0 |      0 |    0 |          0 |
|     MAXI                                                                                                    |                                                   CBufAXIMaster__28 |         Static |            - |         18 |         18 |       0 |    0 |    43 |      0 |      0 |    0 |          0 |
|   CBUFS[11].CBUF                                                                                            |                                                   ChannelBuffer__29 |         Static |            - |        805 |        803 |       0 |    2 |  1147 |      9 |      0 |    0 |          0 |
|     (CBUFS[11].CBUF)                                                                                        |                                                   ChannelBuffer__29 |         Static |            - |         10 |         10 |       0 |    0 |   158 |      0 |      0 |    0 |          0 |
|     FIFO                                                                                                    |                                                     CBufFIFO_HD1056 |         Static |            - |        112 |        110 |       0 |    2 |   205 |      9 |      0 |    0 |          0 |
|       U0                                                                                                    |                               CBufFIFOfifo_generator_v13_2_7_HD1057 |         Static |            - |        112 |        110 |       0 |    2 |   205 |      9 |      0 |    0 |          0 |
|         inst_fifo_gen                                                                                       |                         CBufFIFOfifo_generator_v13_2_7_synth_HD1058 |         Static |            - |        112 |        110 |       0 |    2 |   205 |      9 |      0 |    0 |          0 |
|           gconvfifo.rf                                                                                      |                                   CBufFIFOfifo_generator_top_HD1059 |         Static |            - |        112 |        110 |       0 |    2 |   205 |      9 |      0 |    0 |          0 |
|             grf.rf                                                                                          |                               CBufFIFOfifo_generator_ramfifo_HD1060 |         Static |            - |        112 |        110 |       0 |    2 |   205 |      9 |      0 |    0 |          0 |
|               gntv_or_sync_fifo.gcx.clkx                                                                    |                                          CBufFIFOclk_x_pntrs_HD1061 |         Static |            - |         53 |         53 |       0 |    0 |    88 |      0 |      0 |    0 |          0 |
|                 (gntv_or_sync_fifo.gcx.clkx)                                                                |                                          CBufFIFOclk_x_pntrs_HD1061 |         Static |            - |         23 |         23 |       0 |    0 |     0 |      0 |      0 |    0 |          0 |
|                 rd_pntr_cdc_inst                                                                            |                                         CBufFIFOxpm_cdc_gray_HD1062 |         Static |            - |         15 |         15 |       0 |    0 |    44 |      0 |      0 |    0 |          0 |
|                 wr_pntr_cdc_inst                                                                            |                                      CBufFIFOxpm_cdc_gray__2_HD1063 |         Static |            - |         15 |         15 |       0 |    0 |    44 |      0 |      0 |    0 |          0 |
|               gntv_or_sync_fifo.gl0.rd                                                                      |                                             CBufFIFOrd_logic_HD1064 |         Static |            - |         32 |         32 |       0 |    0 |    36 |      0 |      0 |    0 |          0 |
|                 gras.gpe.rdpe                                                                               |                                             CBufFIFOrd_pe_as_HD1065 |         Static |            - |          3 |          3 |       0 |    0 |    12 |      0 |      0 |    0 |          0 |
|                 gras.rsts                                                                                   |                                   CBufFIFOrd_status_flags_as_HD1066 |         Static |            - |          2 |          2 |       0 |    0 |     2 |      0 |      0 |    0 |          0 |
|                   (gras.rsts)                                                                               |                                   CBufFIFOrd_status_flags_as_HD1066 |         Static |            - |          1 |          1 |       0 |    0 |     2 |      0 |      0 |    0 |          0 |
|                   c0                                                                                        |                                            CBufFIFOcompare_1_HD1067 |         Static |            - |          1 |          1 |       0 |    0 |     0 |      0 |      0 |    0 |          0 |
|                   c1                                                                                        |                                            CBufFIFOcompare_2_HD1068 |         Static |            - |          0 |          0 |       0 |    0 |     0 |      0 |      0 |    0 |          0 |
|                 rpntr                                                                                       |                                          CBufFIFOrd_bin_cntr_HD1069 |         Static |            - |         28 |         28 |       0 |    0 |    22 |      0 |      0 |    0 |          0 |
|               gntv_or_sync_fifo.gl0.wr                                                                      |                                             CBufFIFOwr_logic_HD1070 |         Static |            - |         15 |         15 |       0 |    0 |    39 |      0 |      0 |    0 |          0 |
|                 gwas.gpf.wrpf                                                                               |                                             CBufFIFOwr_pf_as_HD1071 |         Static |            - |          1 |          1 |       0 |    0 |     3 |      0 |      0 |    0 |          0 |
|                 gwas.wsts                                                                                   |                                   CBufFIFOwr_status_flags_as_HD1072 |         Static |            - |          3 |          3 |       0 |    0 |     2 |      0 |      0 |    0 |          0 |
|                   (gwas.wsts)                                                                               |                                   CBufFIFOwr_status_flags_as_HD1072 |         Static |            - |          2 |          2 |       0 |    0 |     2 |      0 |      0 |    0 |          0 |
|                   c1                                                                                        |                                              CBufFIFOcompare_HD1073 |         Static |            - |          0 |          0 |       0 |    0 |     0 |      0 |      0 |    0 |          0 |
|                   c2                                                                                        |                                            CBufFIFOcompare_0_HD1074 |         Static |            - |          1 |          1 |       0 |    0 |     0 |      0 |      0 |    0 |          0 |
|                 gwhf.whf                                                                                    |                                 CBufFIFOwr_handshaking_flags_HD1075 |         Static |            - |          0 |          0 |       0 |    0 |     1 |      0 |      0 |    0 |          0 |
|                 wpntr                                                                                       |                                          CBufFIFOwr_bin_cntr_HD1076 |         Static |            - |         11 |         11 |       0 |    0 |    33 |      0 |      0 |    0 |          0 |
|               gntv_or_sync_fifo.mem                                                                         |                                               CBufFIFOmemory_HD1077 |         Static |            - |          6 |          4 |       0 |    2 |    10 |      9 |      0 |    0 |          0 |
|                 gbm.gbmg.gbmga.ngecc.bmg                                                                    |                                   CBufFIFOblk_mem_gen_v8_4_5_HD1078 |         Static |            - |          6 |          4 |       0 |    2 |    10 |      9 |      0 |    0 |          0 |
|                   inst_blk_mem_gen                                                                          |                             CBufFIFOblk_mem_gen_v8_4_5_synth_HD1079 |         Static |            - |          6 |          4 |       0 |    2 |    10 |      9 |      0 |    0 |          0 |
|                     gnbram.gnativebmg.native_blk_mem_gen                                                    |                                      CBufFIFOblk_mem_gen_top_HD1080 |         Static |            - |          6 |          4 |       0 |    2 |    10 |      9 |      0 |    0 |          0 |
|                       valid.cstr                                                                            |                             CBufFIFOblk_mem_gen_generic_cstr_HD1081 |         Static |            - |          6 |          4 |       0 |    2 |    10 |      9 |      0 |    0 |          0 |
|                         ramloop[0].ram.r                                                                    |                               CBufFIFOblk_mem_gen_prim_width_HD1082 |         Static |            - |          0 |          0 |       0 |    0 |     0 |      1 |      0 |    0 |          0 |
|                           prim_noinit.ram                                                                   |                             CBufFIFOblk_mem_gen_prim_wrapper_HD1083 |         Static |            - |          0 |          0 |       0 |    0 |     0 |      1 |      0 |    0 |          0 |
|                         ramloop[1].ram.r                                                                    |               CBufFIFOblk_mem_gen_prim_width__parameterized0_HD1084 |         Static |            - |          0 |          0 |       0 |    0 |     0 |      1 |      0 |    0 |          0 |
|                           prim_noinit.ram                                                                   |             CBufFIFOblk_mem_gen_prim_wrapper__parameterized0_HD1085 |         Static |            - |          0 |          0 |       0 |    0 |     0 |      1 |      0 |    0 |          0 |
|                         ramloop[2].ram.r                                                                    |               CBufFIFOblk_mem_gen_prim_width__parameterized1_HD1086 |         Static |            - |          0 |          0 |       0 |    0 |     0 |      1 |      0 |    0 |          0 |
|                           prim_noinit.ram                                                                   |             CBufFIFOblk_mem_gen_prim_wrapper__parameterized1_HD1087 |         Static |            - |          0 |          0 |       0 |    0 |     0 |      1 |      0 |    0 |          0 |
|                         ramloop[3].ram.r                                                                    |               CBufFIFOblk_mem_gen_prim_width__parameterized2_HD1088 |         Static |            - |          0 |          0 |       0 |    0 |     0 |      1 |      0 |    0 |          0 |
|                           prim_noinit.ram                                                                   |             CBufFIFOblk_mem_gen_prim_wrapper__parameterized2_HD1089 |         Static |            - |          0 |          0 |       0 |    0 |     0 |      1 |      0 |    0 |          0 |
|                         ramloop[4].ram.r                                                                    |               CBufFIFOblk_mem_gen_prim_width__parameterized3_HD1090 |         Static |            - |          0 |          0 |       0 |    0 |     0 |      1 |      0 |    0 |          0 |
|                           prim_noinit.ram                                                                   |             CBufFIFOblk_mem_gen_prim_wrapper__parameterized3_HD1091 |         Static |            - |          0 |          0 |       0 |    0 |     0 |      1 |      0 |    0 |          0 |
|                         ramloop[5].ram.r                                                                    |               CBufFIFOblk_mem_gen_prim_width__parameterized4_HD1092 |         Static |            - |          0 |          0 |       0 |    0 |     0 |      1 |      0 |    0 |          0 |
|                           prim_noinit.ram                                                                   |             CBufFIFOblk_mem_gen_prim_wrapper__parameterized4_HD1093 |         Static |            - |          0 |          0 |       0 |    0 |     0 |      1 |      0 |    0 |          0 |
|                         ramloop[6].ram.r                                                                    |               CBufFIFOblk_mem_gen_prim_width__parameterized5_HD1094 |         Static |            - |          0 |          0 |       0 |    0 |     0 |      1 |      0 |    0 |          0 |
|                           prim_noinit.ram                                                                   |             CBufFIFOblk_mem_gen_prim_wrapper__parameterized5_HD1095 |         Static |            - |          0 |          0 |       0 |    0 |     0 |      1 |      0 |    0 |          0 |
|                         ramloop[7].ram.r                                                                    |               CBufFIFOblk_mem_gen_prim_width__parameterized6_HD1096 |         Static |            - |          0 |          0 |       0 |    0 |     0 |      1 |      0 |    0 |          0 |
|                           prim_noinit.ram                                                                   |             CBufFIFOblk_mem_gen_prim_wrapper__parameterized6_HD1097 |         Static |            - |          0 |          0 |       0 |    0 |     0 |      1 |      0 |    0 |          0 |
|                         ramloop[8].ram.r                                                                    |               CBufFIFOblk_mem_gen_prim_width__parameterized7_HD1098 |         Static |            - |          0 |          0 |       0 |    0 |     0 |      1 |      0 |    0 |          0 |
|                           prim_noinit.ram                                                                   |             CBufFIFOblk_mem_gen_prim_wrapper__parameterized7_HD1099 |         Static |            - |          0 |          0 |       0 |    0 |     0 |      1 |      0 |    0 |          0 |
|                         ramloop[9].ram.r                                                                    |               CBufFIFOblk_mem_gen_prim_width__parameterized8_HD1100 |         Static |            - |          6 |          4 |       0 |    2 |    10 |      0 |      0 |    0 |          0 |
|                           (ramloop[9].ram.r)                                                                |               CBufFIFOblk_mem_gen_prim_width__parameterized8_HD1100 |         Static |            - |          4 |          2 |       0 |    2 |    10 |      0 |      0 |    0 |          0 |
|                           prim_noinit.ram                                                                   |             CBufFIFOblk_mem_gen_prim_wrapper__parameterized8_HD1101 |         Static |            - |          2 |          2 |       0 |    0 |     0 |      0 |      0 |    0 |          0 |
|               rstblk                                                                                        |                                    CBufFIFOreset_blk_ramfifo_HD1102 |         Static |            - |          6 |          6 |       0 |    0 |    32 |      0 |      0 |    0 |          0 |
|                 (rstblk)                                                                                    |                                    CBufFIFOreset_blk_ramfifo_HD1102 |         Static |            - |          6 |          6 |       0 |    0 |    12 |      0 |      0 |    0 |          0 |
|                 ngwrdrst.grst.g7serrst.gsckt_wrst.gic_rst.xpm_cdc_single_inst_rrst_wr                       |                                       CBufFIFOxpm_cdc_single_HD1103 |         Static |            - |          0 |          0 |       0 |    0 |     5 |      0 |      0 |    0 |          0 |
|                 ngwrdrst.grst.g7serrst.gsckt_wrst.gic_rst.xpm_cdc_single_inst_wrst_rd                       |                                    CBufFIFOxpm_cdc_single__2_HD1104 |         Static |            - |          0 |          0 |       0 |    0 |     5 |      0 |      0 |    0 |          0 |
|                 ngwrdrst.grst.g7serrst.gsckt_wrst.gic_rst.xpm_cdc_sync_rst_inst_wrst                        |                                     CBufFIFOxpm_cdc_sync_rst_HD1105 |         Static |            - |          0 |          0 |       0 |    0 |     5 |      0 |      0 |    0 |          0 |
|                 ngwrdrst.grst.g7serrst.gsckt_wrst.xpm_cdc_sync_rst_inst_wrst                                |                                  CBufFIFOxpm_cdc_sync_rst__2_HD1106 |         Static |            - |          0 |          0 |       0 |    0 |     5 |      0 |      0 |    0 |          0 |
|     FSM                                                                                                     |                                                         CBufFSM__29 |         Static |            - |        663 |        663 |       0 |    0 |   741 |      0 |      0 |    0 |          0 |
|     MAXI                                                                                                    |                                                   CBufAXIMaster__29 |         Static |            - |         21 |         21 |       0 |    0 |    43 |      0 |      0 |    0 |          0 |
|   CBUFS[12].CBUF                                                                                            |                                                   ChannelBuffer__30 |         Static |            - |        802 |        800 |       0 |    2 |  1147 |      9 |      0 |    0 |          0 |
|     (CBUFS[12].CBUF)                                                                                        |                                                   ChannelBuffer__30 |         Static |            - |         11 |         11 |       0 |    0 |   158 |      0 |      0 |    0 |          0 |
|     FIFO                                                                                                    |                                                     CBufFIFO_HD1107 |         Static |            - |        113 |        111 |       0 |    2 |   205 |      9 |      0 |    0 |          0 |
|       U0                                                                                                    |                               CBufFIFOfifo_generator_v13_2_7_HD1108 |         Static |            - |        113 |        111 |       0 |    2 |   205 |      9 |      0 |    0 |          0 |
|         inst_fifo_gen                                                                                       |                         CBufFIFOfifo_generator_v13_2_7_synth_HD1109 |         Static |            - |        113 |        111 |       0 |    2 |   205 |      9 |      0 |    0 |          0 |
|           gconvfifo.rf                                                                                      |                                   CBufFIFOfifo_generator_top_HD1110 |         Static |            - |        113 |        111 |       0 |    2 |   205 |      9 |      0 |    0 |          0 |
|             grf.rf                                                                                          |                               CBufFIFOfifo_generator_ramfifo_HD1111 |         Static |            - |        113 |        111 |       0 |    2 |   205 |      9 |      0 |    0 |          0 |
|               gntv_or_sync_fifo.gcx.clkx                                                                    |                                          CBufFIFOclk_x_pntrs_HD1112 |         Static |            - |         53 |         53 |       0 |    0 |    88 |      0 |      0 |    0 |          0 |
|                 (gntv_or_sync_fifo.gcx.clkx)                                                                |                                          CBufFIFOclk_x_pntrs_HD1112 |         Static |            - |         23 |         23 |       0 |    0 |     0 |      0 |      0 |    0 |          0 |
|                 rd_pntr_cdc_inst                                                                            |                                         CBufFIFOxpm_cdc_gray_HD1113 |         Static |            - |         15 |         15 |       0 |    0 |    44 |      0 |      0 |    0 |          0 |
|                 wr_pntr_cdc_inst                                                                            |                                      CBufFIFOxpm_cdc_gray__2_HD1114 |         Static |            - |         15 |         15 |       0 |    0 |    44 |      0 |      0 |    0 |          0 |
|               gntv_or_sync_fifo.gl0.rd                                                                      |                                             CBufFIFOrd_logic_HD1115 |         Static |            - |         33 |         33 |       0 |    0 |    36 |      0 |      0 |    0 |          0 |
|                 gras.gpe.rdpe                                                                               |                                             CBufFIFOrd_pe_as_HD1116 |         Static |            - |          3 |          3 |       0 |    0 |    12 |      0 |      0 |    0 |          0 |
|                 gras.rsts                                                                                   |                                   CBufFIFOrd_status_flags_as_HD1117 |         Static |            - |          2 |          2 |       0 |    0 |     2 |      0 |      0 |    0 |          0 |
|                   (gras.rsts)                                                                               |                                   CBufFIFOrd_status_flags_as_HD1117 |         Static |            - |          1 |          1 |       0 |    0 |     2 |      0 |      0 |    0 |          0 |
|                   c0                                                                                        |                                            CBufFIFOcompare_1_HD1118 |         Static |            - |          1 |          1 |       0 |    0 |     0 |      0 |      0 |    0 |          0 |
|                   c1                                                                                        |                                            CBufFIFOcompare_2_HD1119 |         Static |            - |          0 |          0 |       0 |    0 |     0 |      0 |      0 |    0 |          0 |
|                 rpntr                                                                                       |                                          CBufFIFOrd_bin_cntr_HD1120 |         Static |            - |         28 |         28 |       0 |    0 |    22 |      0 |      0 |    0 |          0 |
|               gntv_or_sync_fifo.gl0.wr                                                                      |                                             CBufFIFOwr_logic_HD1121 |         Static |            - |         15 |         15 |       0 |    0 |    39 |      0 |      0 |    0 |          0 |
|                 gwas.gpf.wrpf                                                                               |                                             CBufFIFOwr_pf_as_HD1122 |         Static |            - |          1 |          1 |       0 |    0 |     3 |      0 |      0 |    0 |          0 |
|                 gwas.wsts                                                                                   |                                   CBufFIFOwr_status_flags_as_HD1123 |         Static |            - |          3 |          3 |       0 |    0 |     2 |      0 |      0 |    0 |          0 |
|                   (gwas.wsts)                                                                               |                                   CBufFIFOwr_status_flags_as_HD1123 |         Static |            - |          2 |          2 |       0 |    0 |     2 |      0 |      0 |    0 |          0 |
|                   c1                                                                                        |                                              CBufFIFOcompare_HD1124 |         Static |            - |          0 |          0 |       0 |    0 |     0 |      0 |      0 |    0 |          0 |
|                   c2                                                                                        |                                            CBufFIFOcompare_0_HD1125 |         Static |            - |          1 |          1 |       0 |    0 |     0 |      0 |      0 |    0 |          0 |
|                 gwhf.whf                                                                                    |                                 CBufFIFOwr_handshaking_flags_HD1126 |         Static |            - |          0 |          0 |       0 |    0 |     1 |      0 |      0 |    0 |          0 |
|                 wpntr                                                                                       |                                          CBufFIFOwr_bin_cntr_HD1127 |         Static |            - |         11 |         11 |       0 |    0 |    33 |      0 |      0 |    0 |          0 |
|               gntv_or_sync_fifo.mem                                                                         |                                               CBufFIFOmemory_HD1128 |         Static |            - |          6 |          4 |       0 |    2 |    10 |      9 |      0 |    0 |          0 |
|                 gbm.gbmg.gbmga.ngecc.bmg                                                                    |                                   CBufFIFOblk_mem_gen_v8_4_5_HD1129 |         Static |            - |          6 |          4 |       0 |    2 |    10 |      9 |      0 |    0 |          0 |
|                   inst_blk_mem_gen                                                                          |                             CBufFIFOblk_mem_gen_v8_4_5_synth_HD1130 |         Static |            - |          6 |          4 |       0 |    2 |    10 |      9 |      0 |    0 |          0 |
|                     gnbram.gnativebmg.native_blk_mem_gen                                                    |                                      CBufFIFOblk_mem_gen_top_HD1131 |         Static |            - |          6 |          4 |       0 |    2 |    10 |      9 |      0 |    0 |          0 |
|                       valid.cstr                                                                            |                             CBufFIFOblk_mem_gen_generic_cstr_HD1132 |         Static |            - |          6 |          4 |       0 |    2 |    10 |      9 |      0 |    0 |          0 |
|                         ramloop[0].ram.r                                                                    |                               CBufFIFOblk_mem_gen_prim_width_HD1133 |         Static |            - |          0 |          0 |       0 |    0 |     0 |      1 |      0 |    0 |          0 |
|                           prim_noinit.ram                                                                   |                             CBufFIFOblk_mem_gen_prim_wrapper_HD1134 |         Static |            - |          0 |          0 |       0 |    0 |     0 |      1 |      0 |    0 |          0 |
|                         ramloop[1].ram.r                                                                    |               CBufFIFOblk_mem_gen_prim_width__parameterized0_HD1135 |         Static |            - |          0 |          0 |       0 |    0 |     0 |      1 |      0 |    0 |          0 |
|                           prim_noinit.ram                                                                   |             CBufFIFOblk_mem_gen_prim_wrapper__parameterized0_HD1136 |         Static |            - |          0 |          0 |       0 |    0 |     0 |      1 |      0 |    0 |          0 |
|                         ramloop[2].ram.r                                                                    |               CBufFIFOblk_mem_gen_prim_width__parameterized1_HD1137 |         Static |            - |          0 |          0 |       0 |    0 |     0 |      1 |      0 |    0 |          0 |
|                           prim_noinit.ram                                                                   |             CBufFIFOblk_mem_gen_prim_wrapper__parameterized1_HD1138 |         Static |            - |          0 |          0 |       0 |    0 |     0 |      1 |      0 |    0 |          0 |
|                         ramloop[3].ram.r                                                                    |               CBufFIFOblk_mem_gen_prim_width__parameterized2_HD1139 |         Static |            - |          0 |          0 |       0 |    0 |     0 |      1 |      0 |    0 |          0 |
|                           prim_noinit.ram                                                                   |             CBufFIFOblk_mem_gen_prim_wrapper__parameterized2_HD1140 |         Static |            - |          0 |          0 |       0 |    0 |     0 |      1 |      0 |    0 |          0 |
|                         ramloop[4].ram.r                                                                    |               CBufFIFOblk_mem_gen_prim_width__parameterized3_HD1141 |         Static |            - |          0 |          0 |       0 |    0 |     0 |      1 |      0 |    0 |          0 |
|                           prim_noinit.ram                                                                   |             CBufFIFOblk_mem_gen_prim_wrapper__parameterized3_HD1142 |         Static |            - |          0 |          0 |       0 |    0 |     0 |      1 |      0 |    0 |          0 |
|                         ramloop[5].ram.r                                                                    |               CBufFIFOblk_mem_gen_prim_width__parameterized4_HD1143 |         Static |            - |          0 |          0 |       0 |    0 |     0 |      1 |      0 |    0 |          0 |
|                           prim_noinit.ram                                                                   |             CBufFIFOblk_mem_gen_prim_wrapper__parameterized4_HD1144 |         Static |            - |          0 |          0 |       0 |    0 |     0 |      1 |      0 |    0 |          0 |
|                         ramloop[6].ram.r                                                                    |               CBufFIFOblk_mem_gen_prim_width__parameterized5_HD1145 |         Static |            - |          0 |          0 |       0 |    0 |     0 |      1 |      0 |    0 |          0 |
|                           prim_noinit.ram                                                                   |             CBufFIFOblk_mem_gen_prim_wrapper__parameterized5_HD1146 |         Static |            - |          0 |          0 |       0 |    0 |     0 |      1 |      0 |    0 |          0 |
|                         ramloop[7].ram.r                                                                    |               CBufFIFOblk_mem_gen_prim_width__parameterized6_HD1147 |         Static |            - |          0 |          0 |       0 |    0 |     0 |      1 |      0 |    0 |          0 |
|                           prim_noinit.ram                                                                   |             CBufFIFOblk_mem_gen_prim_wrapper__parameterized6_HD1148 |         Static |            - |          0 |          0 |       0 |    0 |     0 |      1 |      0 |    0 |          0 |
|                         ramloop[8].ram.r                                                                    |               CBufFIFOblk_mem_gen_prim_width__parameterized7_HD1149 |         Static |            - |          0 |          0 |       0 |    0 |     0 |      1 |      0 |    0 |          0 |
|                           prim_noinit.ram                                                                   |             CBufFIFOblk_mem_gen_prim_wrapper__parameterized7_HD1150 |         Static |            - |          0 |          0 |       0 |    0 |     0 |      1 |      0 |    0 |          0 |
|                         ramloop[9].ram.r                                                                    |               CBufFIFOblk_mem_gen_prim_width__parameterized8_HD1151 |         Static |            - |          6 |          4 |       0 |    2 |    10 |      0 |      0 |    0 |          0 |
|                           (ramloop[9].ram.r)                                                                |               CBufFIFOblk_mem_gen_prim_width__parameterized8_HD1151 |         Static |            - |          4 |          2 |       0 |    2 |    10 |      0 |      0 |    0 |          0 |
|                           prim_noinit.ram                                                                   |             CBufFIFOblk_mem_gen_prim_wrapper__parameterized8_HD1152 |         Static |            - |          2 |          2 |       0 |    0 |     0 |      0 |      0 |    0 |          0 |
|               rstblk                                                                                        |                                    CBufFIFOreset_blk_ramfifo_HD1153 |         Static |            - |          6 |          6 |       0 |    0 |    32 |      0 |      0 |    0 |          0 |
|                 (rstblk)                                                                                    |                                    CBufFIFOreset_blk_ramfifo_HD1153 |         Static |            - |          6 |          6 |       0 |    0 |    12 |      0 |      0 |    0 |          0 |
|                 ngwrdrst.grst.g7serrst.gsckt_wrst.gic_rst.xpm_cdc_single_inst_rrst_wr                       |                                       CBufFIFOxpm_cdc_single_HD1154 |         Static |            - |          0 |          0 |       0 |    0 |     5 |      0 |      0 |    0 |          0 |
|                 ngwrdrst.grst.g7serrst.gsckt_wrst.gic_rst.xpm_cdc_single_inst_wrst_rd                       |                                    CBufFIFOxpm_cdc_single__2_HD1155 |         Static |            - |          0 |          0 |       0 |    0 |     5 |      0 |      0 |    0 |          0 |
|                 ngwrdrst.grst.g7serrst.gsckt_wrst.gic_rst.xpm_cdc_sync_rst_inst_wrst                        |                                     CBufFIFOxpm_cdc_sync_rst_HD1156 |         Static |            - |          0 |          0 |       0 |    0 |     5 |      0 |      0 |    0 |          0 |
|                 ngwrdrst.grst.g7serrst.gsckt_wrst.xpm_cdc_sync_rst_inst_wrst                                |                                  CBufFIFOxpm_cdc_sync_rst__2_HD1157 |         Static |            - |          0 |          0 |       0 |    0 |     5 |      0 |      0 |    0 |          0 |
|     FSM                                                                                                     |                                                         CBufFSM__30 |         Static |            - |        662 |        662 |       0 |    0 |   741 |      0 |      0 |    0 |          0 |
|     MAXI                                                                                                    |                                                   CBufAXIMaster__30 |         Static |            - |         17 |         17 |       0 |    0 |    43 |      0 |      0 |    0 |          0 |
|   CBUFS[13].CBUF                                                                                            |                                                   ChannelBuffer__31 |         Static |            - |        806 |        804 |       0 |    2 |  1147 |      9 |      0 |    0 |          0 |
|     (CBUFS[13].CBUF)                                                                                        |                                                   ChannelBuffer__31 |         Static |            - |         10 |         10 |       0 |    0 |   158 |      0 |      0 |    0 |          0 |
|     FIFO                                                                                                    |                                                     CBufFIFO_HD1158 |         Static |            - |        113 |        111 |       0 |    2 |   205 |      9 |      0 |    0 |          0 |
|       U0                                                                                                    |                               CBufFIFOfifo_generator_v13_2_7_HD1159 |         Static |            - |        113 |        111 |       0 |    2 |   205 |      9 |      0 |    0 |          0 |
|         inst_fifo_gen                                                                                       |                         CBufFIFOfifo_generator_v13_2_7_synth_HD1160 |         Static |            - |        113 |        111 |       0 |    2 |   205 |      9 |      0 |    0 |          0 |
|           gconvfifo.rf                                                                                      |                                   CBufFIFOfifo_generator_top_HD1161 |         Static |            - |        113 |        111 |       0 |    2 |   205 |      9 |      0 |    0 |          0 |
|             grf.rf                                                                                          |                               CBufFIFOfifo_generator_ramfifo_HD1162 |         Static |            - |        113 |        111 |       0 |    2 |   205 |      9 |      0 |    0 |          0 |
|               gntv_or_sync_fifo.gcx.clkx                                                                    |                                          CBufFIFOclk_x_pntrs_HD1163 |         Static |            - |         53 |         53 |       0 |    0 |    88 |      0 |      0 |    0 |          0 |
|                 (gntv_or_sync_fifo.gcx.clkx)                                                                |                                          CBufFIFOclk_x_pntrs_HD1163 |         Static |            - |         23 |         23 |       0 |    0 |     0 |      0 |      0 |    0 |          0 |
|                 rd_pntr_cdc_inst                                                                            |                                         CBufFIFOxpm_cdc_gray_HD1164 |         Static |            - |         15 |         15 |       0 |    0 |    44 |      0 |      0 |    0 |          0 |
|                 wr_pntr_cdc_inst                                                                            |                                      CBufFIFOxpm_cdc_gray__2_HD1165 |         Static |            - |         15 |         15 |       0 |    0 |    44 |      0 |      0 |    0 |          0 |
|               gntv_or_sync_fifo.gl0.rd                                                                      |                                             CBufFIFOrd_logic_HD1166 |         Static |            - |         33 |         33 |       0 |    0 |    36 |      0 |      0 |    0 |          0 |
|                 gras.gpe.rdpe                                                                               |                                             CBufFIFOrd_pe_as_HD1167 |         Static |            - |          3 |          3 |       0 |    0 |    12 |      0 |      0 |    0 |          0 |
|                 gras.rsts                                                                                   |                                   CBufFIFOrd_status_flags_as_HD1168 |         Static |            - |          2 |          2 |       0 |    0 |     2 |      0 |      0 |    0 |          0 |
|                   (gras.rsts)                                                                               |                                   CBufFIFOrd_status_flags_as_HD1168 |         Static |            - |          1 |          1 |       0 |    0 |     2 |      0 |      0 |    0 |          0 |
|                   c0                                                                                        |                                            CBufFIFOcompare_1_HD1169 |         Static |            - |          1 |          1 |       0 |    0 |     0 |      0 |      0 |    0 |          0 |
|                   c1                                                                                        |                                            CBufFIFOcompare_2_HD1170 |         Static |            - |          0 |          0 |       0 |    0 |     0 |      0 |      0 |    0 |          0 |
|                 rpntr                                                                                       |                                          CBufFIFOrd_bin_cntr_HD1171 |         Static |            - |         28 |         28 |       0 |    0 |    22 |      0 |      0 |    0 |          0 |
|               gntv_or_sync_fifo.gl0.wr                                                                      |                                             CBufFIFOwr_logic_HD1172 |         Static |            - |         15 |         15 |       0 |    0 |    39 |      0 |      0 |    0 |          0 |
|                 gwas.gpf.wrpf                                                                               |                                             CBufFIFOwr_pf_as_HD1173 |         Static |            - |          1 |          1 |       0 |    0 |     3 |      0 |      0 |    0 |          0 |
|                 gwas.wsts                                                                                   |                                   CBufFIFOwr_status_flags_as_HD1174 |         Static |            - |          3 |          3 |       0 |    0 |     2 |      0 |      0 |    0 |          0 |
|                   (gwas.wsts)                                                                               |                                   CBufFIFOwr_status_flags_as_HD1174 |         Static |            - |          2 |          2 |       0 |    0 |     2 |      0 |      0 |    0 |          0 |
|                   c1                                                                                        |                                              CBufFIFOcompare_HD1175 |         Static |            - |          0 |          0 |       0 |    0 |     0 |      0 |      0 |    0 |          0 |
|                   c2                                                                                        |                                            CBufFIFOcompare_0_HD1176 |         Static |            - |          1 |          1 |       0 |    0 |     0 |      0 |      0 |    0 |          0 |
|                 gwhf.whf                                                                                    |                                 CBufFIFOwr_handshaking_flags_HD1177 |         Static |            - |          0 |          0 |       0 |    0 |     1 |      0 |      0 |    0 |          0 |
|                 wpntr                                                                                       |                                          CBufFIFOwr_bin_cntr_HD1178 |         Static |            - |         11 |         11 |       0 |    0 |    33 |      0 |      0 |    0 |          0 |
|               gntv_or_sync_fifo.mem                                                                         |                                               CBufFIFOmemory_HD1179 |         Static |            - |          6 |          4 |       0 |    2 |    10 |      9 |      0 |    0 |          0 |
|                 gbm.gbmg.gbmga.ngecc.bmg                                                                    |                                   CBufFIFOblk_mem_gen_v8_4_5_HD1180 |         Static |            - |          6 |          4 |       0 |    2 |    10 |      9 |      0 |    0 |          0 |
|                   inst_blk_mem_gen                                                                          |                             CBufFIFOblk_mem_gen_v8_4_5_synth_HD1181 |         Static |            - |          6 |          4 |       0 |    2 |    10 |      9 |      0 |    0 |          0 |
|                     gnbram.gnativebmg.native_blk_mem_gen                                                    |                                      CBufFIFOblk_mem_gen_top_HD1182 |         Static |            - |          6 |          4 |       0 |    2 |    10 |      9 |      0 |    0 |          0 |
|                       valid.cstr                                                                            |                             CBufFIFOblk_mem_gen_generic_cstr_HD1183 |         Static |            - |          6 |          4 |       0 |    2 |    10 |      9 |      0 |    0 |          0 |
|                         ramloop[0].ram.r                                                                    |                               CBufFIFOblk_mem_gen_prim_width_HD1184 |         Static |            - |          0 |          0 |       0 |    0 |     0 |      1 |      0 |    0 |          0 |
|                           prim_noinit.ram                                                                   |                             CBufFIFOblk_mem_gen_prim_wrapper_HD1185 |         Static |            - |          0 |          0 |       0 |    0 |     0 |      1 |      0 |    0 |          0 |
|                         ramloop[1].ram.r                                                                    |               CBufFIFOblk_mem_gen_prim_width__parameterized0_HD1186 |         Static |            - |          0 |          0 |       0 |    0 |     0 |      1 |      0 |    0 |          0 |
|                           prim_noinit.ram                                                                   |             CBufFIFOblk_mem_gen_prim_wrapper__parameterized0_HD1187 |         Static |            - |          0 |          0 |       0 |    0 |     0 |      1 |      0 |    0 |          0 |
|                         ramloop[2].ram.r                                                                    |               CBufFIFOblk_mem_gen_prim_width__parameterized1_HD1188 |         Static |            - |          0 |          0 |       0 |    0 |     0 |      1 |      0 |    0 |          0 |
|                           prim_noinit.ram                                                                   |             CBufFIFOblk_mem_gen_prim_wrapper__parameterized1_HD1189 |         Static |            - |          0 |          0 |       0 |    0 |     0 |      1 |      0 |    0 |          0 |
|                         ramloop[3].ram.r                                                                    |               CBufFIFOblk_mem_gen_prim_width__parameterized2_HD1190 |         Static |            - |          0 |          0 |       0 |    0 |     0 |      1 |      0 |    0 |          0 |
|                           prim_noinit.ram                                                                   |             CBufFIFOblk_mem_gen_prim_wrapper__parameterized2_HD1191 |         Static |            - |          0 |          0 |       0 |    0 |     0 |      1 |      0 |    0 |          0 |
|                         ramloop[4].ram.r                                                                    |               CBufFIFOblk_mem_gen_prim_width__parameterized3_HD1192 |         Static |            - |          0 |          0 |       0 |    0 |     0 |      1 |      0 |    0 |          0 |
|                           prim_noinit.ram                                                                   |             CBufFIFOblk_mem_gen_prim_wrapper__parameterized3_HD1193 |         Static |            - |          0 |          0 |       0 |    0 |     0 |      1 |      0 |    0 |          0 |
|                         ramloop[5].ram.r                                                                    |               CBufFIFOblk_mem_gen_prim_width__parameterized4_HD1194 |         Static |            - |          0 |          0 |       0 |    0 |     0 |      1 |      0 |    0 |          0 |
|                           prim_noinit.ram                                                                   |             CBufFIFOblk_mem_gen_prim_wrapper__parameterized4_HD1195 |         Static |            - |          0 |          0 |       0 |    0 |     0 |      1 |      0 |    0 |          0 |
|                         ramloop[6].ram.r                                                                    |               CBufFIFOblk_mem_gen_prim_width__parameterized5_HD1196 |         Static |            - |          0 |          0 |       0 |    0 |     0 |      1 |      0 |    0 |          0 |
|                           prim_noinit.ram                                                                   |             CBufFIFOblk_mem_gen_prim_wrapper__parameterized5_HD1197 |         Static |            - |          0 |          0 |       0 |    0 |     0 |      1 |      0 |    0 |          0 |
|                         ramloop[7].ram.r                                                                    |               CBufFIFOblk_mem_gen_prim_width__parameterized6_HD1198 |         Static |            - |          0 |          0 |       0 |    0 |     0 |      1 |      0 |    0 |          0 |
|                           prim_noinit.ram                                                                   |             CBufFIFOblk_mem_gen_prim_wrapper__parameterized6_HD1199 |         Static |            - |          0 |          0 |       0 |    0 |     0 |      1 |      0 |    0 |          0 |
|                         ramloop[8].ram.r                                                                    |               CBufFIFOblk_mem_gen_prim_width__parameterized7_HD1200 |         Static |            - |          0 |          0 |       0 |    0 |     0 |      1 |      0 |    0 |          0 |
|                           prim_noinit.ram                                                                   |             CBufFIFOblk_mem_gen_prim_wrapper__parameterized7_HD1201 |         Static |            - |          0 |          0 |       0 |    0 |     0 |      1 |      0 |    0 |          0 |
|                         ramloop[9].ram.r                                                                    |               CBufFIFOblk_mem_gen_prim_width__parameterized8_HD1202 |         Static |            - |          6 |          4 |       0 |    2 |    10 |      0 |      0 |    0 |          0 |
|                           (ramloop[9].ram.r)                                                                |               CBufFIFOblk_mem_gen_prim_width__parameterized8_HD1202 |         Static |            - |          4 |          2 |       0 |    2 |    10 |      0 |      0 |    0 |          0 |
|                           prim_noinit.ram                                                                   |             CBufFIFOblk_mem_gen_prim_wrapper__parameterized8_HD1203 |         Static |            - |          2 |          2 |       0 |    0 |     0 |      0 |      0 |    0 |          0 |
|               rstblk                                                                                        |                                    CBufFIFOreset_blk_ramfifo_HD1204 |         Static |            - |          6 |          6 |       0 |    0 |    32 |      0 |      0 |    0 |          0 |
|                 (rstblk)                                                                                    |                                    CBufFIFOreset_blk_ramfifo_HD1204 |         Static |            - |          6 |          6 |       0 |    0 |    12 |      0 |      0 |    0 |          0 |
|                 ngwrdrst.grst.g7serrst.gsckt_wrst.gic_rst.xpm_cdc_single_inst_rrst_wr                       |                                       CBufFIFOxpm_cdc_single_HD1205 |         Static |            - |          0 |          0 |       0 |    0 |     5 |      0 |      0 |    0 |          0 |
|                 ngwrdrst.grst.g7serrst.gsckt_wrst.gic_rst.xpm_cdc_single_inst_wrst_rd                       |                                    CBufFIFOxpm_cdc_single__2_HD1206 |         Static |            - |          0 |          0 |       0 |    0 |     5 |      0 |      0 |    0 |          0 |
|                 ngwrdrst.grst.g7serrst.gsckt_wrst.gic_rst.xpm_cdc_sync_rst_inst_wrst                        |                                     CBufFIFOxpm_cdc_sync_rst_HD1207 |         Static |            - |          0 |          0 |       0 |    0 |     5 |      0 |      0 |    0 |          0 |
|                 ngwrdrst.grst.g7serrst.gsckt_wrst.xpm_cdc_sync_rst_inst_wrst                                |                                  CBufFIFOxpm_cdc_sync_rst__2_HD1208 |         Static |            - |          0 |          0 |       0 |    0 |     5 |      0 |      0 |    0 |          0 |
|     FSM                                                                                                     |                                                         CBufFSM__31 |         Static |            - |        665 |        665 |       0 |    0 |   741 |      0 |      0 |    0 |          0 |
|     MAXI                                                                                                    |                                                   CBufAXIMaster__31 |         Static |            - |         19 |         19 |       0 |    0 |    43 |      0 |      0 |    0 |          0 |
|   CBUFS[14].CBUF                                                                                            |                                                   ChannelBuffer__32 |         Static |            - |        804 |        802 |       0 |    2 |  1147 |      9 |      0 |    0 |          0 |
|     (CBUFS[14].CBUF)                                                                                        |                                                   ChannelBuffer__32 |         Static |            - |         10 |         10 |       0 |    0 |   158 |      0 |      0 |    0 |          0 |
|     FIFO                                                                                                    |                                                     CBufFIFO_HD1209 |         Static |            - |        113 |        111 |       0 |    2 |   205 |      9 |      0 |    0 |          0 |
|       U0                                                                                                    |                               CBufFIFOfifo_generator_v13_2_7_HD1210 |         Static |            - |        113 |        111 |       0 |    2 |   205 |      9 |      0 |    0 |          0 |
|         inst_fifo_gen                                                                                       |                         CBufFIFOfifo_generator_v13_2_7_synth_HD1211 |         Static |            - |        113 |        111 |       0 |    2 |   205 |      9 |      0 |    0 |          0 |
|           gconvfifo.rf                                                                                      |                                   CBufFIFOfifo_generator_top_HD1212 |         Static |            - |        113 |        111 |       0 |    2 |   205 |      9 |      0 |    0 |          0 |
|             grf.rf                                                                                          |                               CBufFIFOfifo_generator_ramfifo_HD1213 |         Static |            - |        113 |        111 |       0 |    2 |   205 |      9 |      0 |    0 |          0 |
|               gntv_or_sync_fifo.gcx.clkx                                                                    |                                          CBufFIFOclk_x_pntrs_HD1214 |         Static |            - |         53 |         53 |       0 |    0 |    88 |      0 |      0 |    0 |          0 |
|                 (gntv_or_sync_fifo.gcx.clkx)                                                                |                                          CBufFIFOclk_x_pntrs_HD1214 |         Static |            - |         23 |         23 |       0 |    0 |     0 |      0 |      0 |    0 |          0 |
|                 rd_pntr_cdc_inst                                                                            |                                         CBufFIFOxpm_cdc_gray_HD1215 |         Static |            - |         15 |         15 |       0 |    0 |    44 |      0 |      0 |    0 |          0 |
|                 wr_pntr_cdc_inst                                                                            |                                      CBufFIFOxpm_cdc_gray__2_HD1216 |         Static |            - |         15 |         15 |       0 |    0 |    44 |      0 |      0 |    0 |          0 |
|               gntv_or_sync_fifo.gl0.rd                                                                      |                                             CBufFIFOrd_logic_HD1217 |         Static |            - |         33 |         33 |       0 |    0 |    36 |      0 |      0 |    0 |          0 |
|                 gras.gpe.rdpe                                                                               |                                             CBufFIFOrd_pe_as_HD1218 |         Static |            - |          3 |          3 |       0 |    0 |    12 |      0 |      0 |    0 |          0 |
|                 gras.rsts                                                                                   |                                   CBufFIFOrd_status_flags_as_HD1219 |         Static |            - |          2 |          2 |       0 |    0 |     2 |      0 |      0 |    0 |          0 |
|                   (gras.rsts)                                                                               |                                   CBufFIFOrd_status_flags_as_HD1219 |         Static |            - |          1 |          1 |       0 |    0 |     2 |      0 |      0 |    0 |          0 |
|                   c0                                                                                        |                                            CBufFIFOcompare_1_HD1220 |         Static |            - |          1 |          1 |       0 |    0 |     0 |      0 |      0 |    0 |          0 |
|                   c1                                                                                        |                                            CBufFIFOcompare_2_HD1221 |         Static |            - |          0 |          0 |       0 |    0 |     0 |      0 |      0 |    0 |          0 |
|                 rpntr                                                                                       |                                          CBufFIFOrd_bin_cntr_HD1222 |         Static |            - |         28 |         28 |       0 |    0 |    22 |      0 |      0 |    0 |          0 |
|               gntv_or_sync_fifo.gl0.wr                                                                      |                                             CBufFIFOwr_logic_HD1223 |         Static |            - |         15 |         15 |       0 |    0 |    39 |      0 |      0 |    0 |          0 |
|                 gwas.gpf.wrpf                                                                               |                                             CBufFIFOwr_pf_as_HD1224 |         Static |            - |          1 |          1 |       0 |    0 |     3 |      0 |      0 |    0 |          0 |
|                 gwas.wsts                                                                                   |                                   CBufFIFOwr_status_flags_as_HD1225 |         Static |            - |          3 |          3 |       0 |    0 |     2 |      0 |      0 |    0 |          0 |
|                   (gwas.wsts)                                                                               |                                   CBufFIFOwr_status_flags_as_HD1225 |         Static |            - |          2 |          2 |       0 |    0 |     2 |      0 |      0 |    0 |          0 |
|                   c1                                                                                        |                                              CBufFIFOcompare_HD1226 |         Static |            - |          0 |          0 |       0 |    0 |     0 |      0 |      0 |    0 |          0 |
|                   c2                                                                                        |                                            CBufFIFOcompare_0_HD1227 |         Static |            - |          1 |          1 |       0 |    0 |     0 |      0 |      0 |    0 |          0 |
|                 gwhf.whf                                                                                    |                                 CBufFIFOwr_handshaking_flags_HD1228 |         Static |            - |          0 |          0 |       0 |    0 |     1 |      0 |      0 |    0 |          0 |
|                 wpntr                                                                                       |                                          CBufFIFOwr_bin_cntr_HD1229 |         Static |            - |         11 |         11 |       0 |    0 |    33 |      0 |      0 |    0 |          0 |
|               gntv_or_sync_fifo.mem                                                                         |                                               CBufFIFOmemory_HD1230 |         Static |            - |          6 |          4 |       0 |    2 |    10 |      9 |      0 |    0 |          0 |
|                 gbm.gbmg.gbmga.ngecc.bmg                                                                    |                                   CBufFIFOblk_mem_gen_v8_4_5_HD1231 |         Static |            - |          6 |          4 |       0 |    2 |    10 |      9 |      0 |    0 |          0 |
|                   inst_blk_mem_gen                                                                          |                             CBufFIFOblk_mem_gen_v8_4_5_synth_HD1232 |         Static |            - |          6 |          4 |       0 |    2 |    10 |      9 |      0 |    0 |          0 |
|                     gnbram.gnativebmg.native_blk_mem_gen                                                    |                                      CBufFIFOblk_mem_gen_top_HD1233 |         Static |            - |          6 |          4 |       0 |    2 |    10 |      9 |      0 |    0 |          0 |
|                       valid.cstr                                                                            |                             CBufFIFOblk_mem_gen_generic_cstr_HD1234 |         Static |            - |          6 |          4 |       0 |    2 |    10 |      9 |      0 |    0 |          0 |
|                         ramloop[0].ram.r                                                                    |                               CBufFIFOblk_mem_gen_prim_width_HD1235 |         Static |            - |          0 |          0 |       0 |    0 |     0 |      1 |      0 |    0 |          0 |
|                           prim_noinit.ram                                                                   |                             CBufFIFOblk_mem_gen_prim_wrapper_HD1236 |         Static |            - |          0 |          0 |       0 |    0 |     0 |      1 |      0 |    0 |          0 |
|                         ramloop[1].ram.r                                                                    |               CBufFIFOblk_mem_gen_prim_width__parameterized0_HD1237 |         Static |            - |          0 |          0 |       0 |    0 |     0 |      1 |      0 |    0 |          0 |
|                           prim_noinit.ram                                                                   |             CBufFIFOblk_mem_gen_prim_wrapper__parameterized0_HD1238 |         Static |            - |          0 |          0 |       0 |    0 |     0 |      1 |      0 |    0 |          0 |
|                         ramloop[2].ram.r                                                                    |               CBufFIFOblk_mem_gen_prim_width__parameterized1_HD1239 |         Static |            - |          0 |          0 |       0 |    0 |     0 |      1 |      0 |    0 |          0 |
|                           prim_noinit.ram                                                                   |             CBufFIFOblk_mem_gen_prim_wrapper__parameterized1_HD1240 |         Static |            - |          0 |          0 |       0 |    0 |     0 |      1 |      0 |    0 |          0 |
|                         ramloop[3].ram.r                                                                    |               CBufFIFOblk_mem_gen_prim_width__parameterized2_HD1241 |         Static |            - |          0 |          0 |       0 |    0 |     0 |      1 |      0 |    0 |          0 |
|                           prim_noinit.ram                                                                   |             CBufFIFOblk_mem_gen_prim_wrapper__parameterized2_HD1242 |         Static |            - |          0 |          0 |       0 |    0 |     0 |      1 |      0 |    0 |          0 |
|                         ramloop[4].ram.r                                                                    |               CBufFIFOblk_mem_gen_prim_width__parameterized3_HD1243 |         Static |            - |          0 |          0 |       0 |    0 |     0 |      1 |      0 |    0 |          0 |
|                           prim_noinit.ram                                                                   |             CBufFIFOblk_mem_gen_prim_wrapper__parameterized3_HD1244 |         Static |            - |          0 |          0 |       0 |    0 |     0 |      1 |      0 |    0 |          0 |
|                         ramloop[5].ram.r                                                                    |               CBufFIFOblk_mem_gen_prim_width__parameterized4_HD1245 |         Static |            - |          0 |          0 |       0 |    0 |     0 |      1 |      0 |    0 |          0 |
|                           prim_noinit.ram                                                                   |             CBufFIFOblk_mem_gen_prim_wrapper__parameterized4_HD1246 |         Static |            - |          0 |          0 |       0 |    0 |     0 |      1 |      0 |    0 |          0 |
|                         ramloop[6].ram.r                                                                    |               CBufFIFOblk_mem_gen_prim_width__parameterized5_HD1247 |         Static |            - |          0 |          0 |       0 |    0 |     0 |      1 |      0 |    0 |          0 |
|                           prim_noinit.ram                                                                   |             CBufFIFOblk_mem_gen_prim_wrapper__parameterized5_HD1248 |         Static |            - |          0 |          0 |       0 |    0 |     0 |      1 |      0 |    0 |          0 |
|                         ramloop[7].ram.r                                                                    |               CBufFIFOblk_mem_gen_prim_width__parameterized6_HD1249 |         Static |            - |          0 |          0 |       0 |    0 |     0 |      1 |      0 |    0 |          0 |
|                           prim_noinit.ram                                                                   |             CBufFIFOblk_mem_gen_prim_wrapper__parameterized6_HD1250 |         Static |            - |          0 |          0 |       0 |    0 |     0 |      1 |      0 |    0 |          0 |
|                         ramloop[8].ram.r                                                                    |               CBufFIFOblk_mem_gen_prim_width__parameterized7_HD1251 |         Static |            - |          0 |          0 |       0 |    0 |     0 |      1 |      0 |    0 |          0 |
|                           prim_noinit.ram                                                                   |             CBufFIFOblk_mem_gen_prim_wrapper__parameterized7_HD1252 |         Static |            - |          0 |          0 |       0 |    0 |     0 |      1 |      0 |    0 |          0 |
|                         ramloop[9].ram.r                                                                    |               CBufFIFOblk_mem_gen_prim_width__parameterized8_HD1253 |         Static |            - |          6 |          4 |       0 |    2 |    10 |      0 |      0 |    0 |          0 |
|                           (ramloop[9].ram.r)                                                                |               CBufFIFOblk_mem_gen_prim_width__parameterized8_HD1253 |         Static |            - |          4 |          2 |       0 |    2 |    10 |      0 |      0 |    0 |          0 |
|                           prim_noinit.ram                                                                   |             CBufFIFOblk_mem_gen_prim_wrapper__parameterized8_HD1254 |         Static |            - |          2 |          2 |       0 |    0 |     0 |      0 |      0 |    0 |          0 |
|               rstblk                                                                                        |                                    CBufFIFOreset_blk_ramfifo_HD1255 |         Static |            - |          6 |          6 |       0 |    0 |    32 |      0 |      0 |    0 |          0 |
|                 (rstblk)                                                                                    |                                    CBufFIFOreset_blk_ramfifo_HD1255 |         Static |            - |          6 |          6 |       0 |    0 |    12 |      0 |      0 |    0 |          0 |
|                 ngwrdrst.grst.g7serrst.gsckt_wrst.gic_rst.xpm_cdc_single_inst_rrst_wr                       |                                       CBufFIFOxpm_cdc_single_HD1256 |         Static |            - |          0 |          0 |       0 |    0 |     5 |      0 |      0 |    0 |          0 |
|                 ngwrdrst.grst.g7serrst.gsckt_wrst.gic_rst.xpm_cdc_single_inst_wrst_rd                       |                                    CBufFIFOxpm_cdc_single__2_HD1257 |         Static |            - |          0 |          0 |       0 |    0 |     5 |      0 |      0 |    0 |          0 |
|                 ngwrdrst.grst.g7serrst.gsckt_wrst.gic_rst.xpm_cdc_sync_rst_inst_wrst                        |                                     CBufFIFOxpm_cdc_sync_rst_HD1258 |         Static |            - |          0 |          0 |       0 |    0 |     5 |      0 |      0 |    0 |          0 |
|                 ngwrdrst.grst.g7serrst.gsckt_wrst.xpm_cdc_sync_rst_inst_wrst                                |                                  CBufFIFOxpm_cdc_sync_rst__2_HD1259 |         Static |            - |          0 |          0 |       0 |    0 |     5 |      0 |      0 |    0 |          0 |
|     FSM                                                                                                     |                                                         CBufFSM__32 |         Static |            - |        664 |        664 |       0 |    0 |   741 |      0 |      0 |    0 |          0 |
|     MAXI                                                                                                    |                                                   CBufAXIMaster__32 |         Static |            - |         18 |         18 |       0 |    0 |    43 |      0 |      0 |    0 |          0 |
|   CBUFS[15].CBUF                                                                                            |                                                       ChannelBuffer |         Static |            - |        801 |        799 |       0 |    2 |  1147 |      9 |      0 |    0 |          0 |
|     (CBUFS[15].CBUF)                                                                                        |                                                       ChannelBuffer |         Static |            - |         10 |         10 |       0 |    0 |   158 |      0 |      0 |    0 |          0 |
|     FIFO                                                                                                    |                                                     CBufFIFO_HD1260 |         Static |            - |        112 |        110 |       0 |    2 |   205 |      9 |      0 |    0 |          0 |
|       U0                                                                                                    |                               CBufFIFOfifo_generator_v13_2_7_HD1261 |         Static |            - |        112 |        110 |       0 |    2 |   205 |      9 |      0 |    0 |          0 |
|         inst_fifo_gen                                                                                       |                         CBufFIFOfifo_generator_v13_2_7_synth_HD1262 |         Static |            - |        112 |        110 |       0 |    2 |   205 |      9 |      0 |    0 |          0 |
|           gconvfifo.rf                                                                                      |                                   CBufFIFOfifo_generator_top_HD1263 |         Static |            - |        112 |        110 |       0 |    2 |   205 |      9 |      0 |    0 |          0 |
|             grf.rf                                                                                          |                               CBufFIFOfifo_generator_ramfifo_HD1264 |         Static |            - |        112 |        110 |       0 |    2 |   205 |      9 |      0 |    0 |          0 |
|               gntv_or_sync_fifo.gcx.clkx                                                                    |                                          CBufFIFOclk_x_pntrs_HD1265 |         Static |            - |         53 |         53 |       0 |    0 |    88 |      0 |      0 |    0 |          0 |
|                 (gntv_or_sync_fifo.gcx.clkx)                                                                |                                          CBufFIFOclk_x_pntrs_HD1265 |         Static |            - |         23 |         23 |       0 |    0 |     0 |      0 |      0 |    0 |          0 |
|                 rd_pntr_cdc_inst                                                                            |                                         CBufFIFOxpm_cdc_gray_HD1266 |         Static |            - |         15 |         15 |       0 |    0 |    44 |      0 |      0 |    0 |          0 |
|                 wr_pntr_cdc_inst                                                                            |                                      CBufFIFOxpm_cdc_gray__2_HD1267 |         Static |            - |         15 |         15 |       0 |    0 |    44 |      0 |      0 |    0 |          0 |
|               gntv_or_sync_fifo.gl0.rd                                                                      |                                             CBufFIFOrd_logic_HD1268 |         Static |            - |         33 |         33 |       0 |    0 |    36 |      0 |      0 |    0 |          0 |
|                 gras.gpe.rdpe                                                                               |                                             CBufFIFOrd_pe_as_HD1269 |         Static |            - |          3 |          3 |       0 |    0 |    12 |      0 |      0 |    0 |          0 |
|                 gras.rsts                                                                                   |                                   CBufFIFOrd_status_flags_as_HD1270 |         Static |            - |          2 |          2 |       0 |    0 |     2 |      0 |      0 |    0 |          0 |
|                   (gras.rsts)                                                                               |                                   CBufFIFOrd_status_flags_as_HD1270 |         Static |            - |          1 |          1 |       0 |    0 |     2 |      0 |      0 |    0 |          0 |
|                   c0                                                                                        |                                            CBufFIFOcompare_1_HD1271 |         Static |            - |          1 |          1 |       0 |    0 |     0 |      0 |      0 |    0 |          0 |
|                   c1                                                                                        |                                            CBufFIFOcompare_2_HD1272 |         Static |            - |          0 |          0 |       0 |    0 |     0 |      0 |      0 |    0 |          0 |
|                 rpntr                                                                                       |                                          CBufFIFOrd_bin_cntr_HD1273 |         Static |            - |         28 |         28 |       0 |    0 |    22 |      0 |      0 |    0 |          0 |
|               gntv_or_sync_fifo.gl0.wr                                                                      |                                             CBufFIFOwr_logic_HD1274 |         Static |            - |         15 |         15 |       0 |    0 |    39 |      0 |      0 |    0 |          0 |
|                 gwas.gpf.wrpf                                                                               |                                             CBufFIFOwr_pf_as_HD1275 |         Static |            - |          1 |          1 |       0 |    0 |     3 |      0 |      0 |    0 |          0 |
|                 gwas.wsts                                                                                   |                                   CBufFIFOwr_status_flags_as_HD1276 |         Static |            - |          3 |          3 |       0 |    0 |     2 |      0 |      0 |    0 |          0 |
|                   (gwas.wsts)                                                                               |                                   CBufFIFOwr_status_flags_as_HD1276 |         Static |            - |          2 |          2 |       0 |    0 |     2 |      0 |      0 |    0 |          0 |
|                   c1                                                                                        |                                              CBufFIFOcompare_HD1277 |         Static |            - |          0 |          0 |       0 |    0 |     0 |      0 |      0 |    0 |          0 |
|                   c2                                                                                        |                                            CBufFIFOcompare_0_HD1278 |         Static |            - |          1 |          1 |       0 |    0 |     0 |      0 |      0 |    0 |          0 |
|                 gwhf.whf                                                                                    |                                 CBufFIFOwr_handshaking_flags_HD1279 |         Static |            - |          0 |          0 |       0 |    0 |     1 |      0 |      0 |    0 |          0 |
|                 wpntr                                                                                       |                                          CBufFIFOwr_bin_cntr_HD1280 |         Static |            - |         11 |         11 |       0 |    0 |    33 |      0 |      0 |    0 |          0 |
|               gntv_or_sync_fifo.mem                                                                         |                                               CBufFIFOmemory_HD1281 |         Static |            - |          6 |          4 |       0 |    2 |    10 |      9 |      0 |    0 |          0 |
|                 gbm.gbmg.gbmga.ngecc.bmg                                                                    |                                   CBufFIFOblk_mem_gen_v8_4_5_HD1282 |         Static |            - |          6 |          4 |       0 |    2 |    10 |      9 |      0 |    0 |          0 |
|                   inst_blk_mem_gen                                                                          |                             CBufFIFOblk_mem_gen_v8_4_5_synth_HD1283 |         Static |            - |          6 |          4 |       0 |    2 |    10 |      9 |      0 |    0 |          0 |
|                     gnbram.gnativebmg.native_blk_mem_gen                                                    |                                      CBufFIFOblk_mem_gen_top_HD1284 |         Static |            - |          6 |          4 |       0 |    2 |    10 |      9 |      0 |    0 |          0 |
|                       valid.cstr                                                                            |                             CBufFIFOblk_mem_gen_generic_cstr_HD1285 |         Static |            - |          6 |          4 |       0 |    2 |    10 |      9 |      0 |    0 |          0 |
|                         ramloop[0].ram.r                                                                    |                               CBufFIFOblk_mem_gen_prim_width_HD1286 |         Static |            - |          0 |          0 |       0 |    0 |     0 |      1 |      0 |    0 |          0 |
|                           prim_noinit.ram                                                                   |                             CBufFIFOblk_mem_gen_prim_wrapper_HD1287 |         Static |            - |          0 |          0 |       0 |    0 |     0 |      1 |      0 |    0 |          0 |
|                         ramloop[1].ram.r                                                                    |               CBufFIFOblk_mem_gen_prim_width__parameterized0_HD1288 |         Static |            - |          0 |          0 |       0 |    0 |     0 |      1 |      0 |    0 |          0 |
|                           prim_noinit.ram                                                                   |             CBufFIFOblk_mem_gen_prim_wrapper__parameterized0_HD1289 |         Static |            - |          0 |          0 |       0 |    0 |     0 |      1 |      0 |    0 |          0 |
|                         ramloop[2].ram.r                                                                    |               CBufFIFOblk_mem_gen_prim_width__parameterized1_HD1290 |         Static |            - |          0 |          0 |       0 |    0 |     0 |      1 |      0 |    0 |          0 |
|                           prim_noinit.ram                                                                   |             CBufFIFOblk_mem_gen_prim_wrapper__parameterized1_HD1291 |         Static |            - |          0 |          0 |       0 |    0 |     0 |      1 |      0 |    0 |          0 |
|                         ramloop[3].ram.r                                                                    |               CBufFIFOblk_mem_gen_prim_width__parameterized2_HD1292 |         Static |            - |          0 |          0 |       0 |    0 |     0 |      1 |      0 |    0 |          0 |
|                           prim_noinit.ram                                                                   |             CBufFIFOblk_mem_gen_prim_wrapper__parameterized2_HD1293 |         Static |            - |          0 |          0 |       0 |    0 |     0 |      1 |      0 |    0 |          0 |
|                         ramloop[4].ram.r                                                                    |               CBufFIFOblk_mem_gen_prim_width__parameterized3_HD1294 |         Static |            - |          0 |          0 |       0 |    0 |     0 |      1 |      0 |    0 |          0 |
|                           prim_noinit.ram                                                                   |             CBufFIFOblk_mem_gen_prim_wrapper__parameterized3_HD1295 |         Static |            - |          0 |          0 |       0 |    0 |     0 |      1 |      0 |    0 |          0 |
|                         ramloop[5].ram.r                                                                    |               CBufFIFOblk_mem_gen_prim_width__parameterized4_HD1296 |         Static |            - |          0 |          0 |       0 |    0 |     0 |      1 |      0 |    0 |          0 |
|                           prim_noinit.ram                                                                   |             CBufFIFOblk_mem_gen_prim_wrapper__parameterized4_HD1297 |         Static |            - |          0 |          0 |       0 |    0 |     0 |      1 |      0 |    0 |          0 |
|                         ramloop[6].ram.r                                                                    |               CBufFIFOblk_mem_gen_prim_width__parameterized5_HD1298 |         Static |            - |          0 |          0 |       0 |    0 |     0 |      1 |      0 |    0 |          0 |
|                           prim_noinit.ram                                                                   |             CBufFIFOblk_mem_gen_prim_wrapper__parameterized5_HD1299 |         Static |            - |          0 |          0 |       0 |    0 |     0 |      1 |      0 |    0 |          0 |
|                         ramloop[7].ram.r                                                                    |               CBufFIFOblk_mem_gen_prim_width__parameterized6_HD1300 |         Static |            - |          0 |          0 |       0 |    0 |     0 |      1 |      0 |    0 |          0 |
|                           prim_noinit.ram                                                                   |             CBufFIFOblk_mem_gen_prim_wrapper__parameterized6_HD1301 |         Static |            - |          0 |          0 |       0 |    0 |     0 |      1 |      0 |    0 |          0 |
|                         ramloop[8].ram.r                                                                    |               CBufFIFOblk_mem_gen_prim_width__parameterized7_HD1302 |         Static |            - |          0 |          0 |       0 |    0 |     0 |      1 |      0 |    0 |          0 |
|                           prim_noinit.ram                                                                   |             CBufFIFOblk_mem_gen_prim_wrapper__parameterized7_HD1303 |         Static |            - |          0 |          0 |       0 |    0 |     0 |      1 |      0 |    0 |          0 |
|                         ramloop[9].ram.r                                                                    |               CBufFIFOblk_mem_gen_prim_width__parameterized8_HD1304 |         Static |            - |          6 |          4 |       0 |    2 |    10 |      0 |      0 |    0 |          0 |
|                           (ramloop[9].ram.r)                                                                |               CBufFIFOblk_mem_gen_prim_width__parameterized8_HD1304 |         Static |            - |          4 |          2 |       0 |    2 |    10 |      0 |      0 |    0 |          0 |
|                           prim_noinit.ram                                                                   |             CBufFIFOblk_mem_gen_prim_wrapper__parameterized8_HD1305 |         Static |            - |          2 |          2 |       0 |    0 |     0 |      0 |      0 |    0 |          0 |
|               rstblk                                                                                        |                                    CBufFIFOreset_blk_ramfifo_HD1306 |         Static |            - |          6 |          6 |       0 |    0 |    32 |      0 |      0 |    0 |          0 |
|                 (rstblk)                                                                                    |                                    CBufFIFOreset_blk_ramfifo_HD1306 |         Static |            - |          6 |          6 |       0 |    0 |    12 |      0 |      0 |    0 |          0 |
|                 ngwrdrst.grst.g7serrst.gsckt_wrst.gic_rst.xpm_cdc_single_inst_rrst_wr                       |                                       CBufFIFOxpm_cdc_single_HD1307 |         Static |            - |          0 |          0 |       0 |    0 |     5 |      0 |      0 |    0 |          0 |
|                 ngwrdrst.grst.g7serrst.gsckt_wrst.gic_rst.xpm_cdc_single_inst_wrst_rd                       |                                    CBufFIFOxpm_cdc_single__2_HD1308 |         Static |            - |          0 |          0 |       0 |    0 |     5 |      0 |      0 |    0 |          0 |
|                 ngwrdrst.grst.g7serrst.gsckt_wrst.gic_rst.xpm_cdc_sync_rst_inst_wrst                        |                                     CBufFIFOxpm_cdc_sync_rst_HD1309 |         Static |            - |          0 |          0 |       0 |    0 |     5 |      0 |      0 |    0 |          0 |
|                 ngwrdrst.grst.g7serrst.gsckt_wrst.xpm_cdc_sync_rst_inst_wrst                                |                                  CBufFIFOxpm_cdc_sync_rst__2_HD1310 |         Static |            - |          0 |          0 |       0 |    0 |     5 |      0 |      0 |    0 |          0 |
|     FSM                                                                                                     |                                                             CBufFSM |         Static |            - |        662 |        662 |       0 |    0 |   741 |      0 |      0 |    0 |          0 |
|     MAXI                                                                                                    |                                                       CBufAXIMaster |         Static |            - |         18 |         18 |       0 |    0 |    43 |      0 |      0 |    0 |          0 |
|   CBUFS[1].CBUF                                                                                             |                                                   ChannelBuffer__19 |         Static |            - |        805 |        803 |       0 |    2 |  1147 |      9 |      0 |    0 |          0 |
|     (CBUFS[1].CBUF)                                                                                         |                                                   ChannelBuffer__19 |         Static |            - |         10 |         10 |       0 |    0 |   158 |      0 |      0 |    0 |          0 |
|     FIFO                                                                                                    |                                                      CBufFIFO_HD546 |         Static |            - |        114 |        112 |       0 |    2 |   205 |      9 |      0 |    0 |          0 |
|       U0                                                                                                    |                                CBufFIFOfifo_generator_v13_2_7_HD547 |         Static |            - |        114 |        112 |       0 |    2 |   205 |      9 |      0 |    0 |          0 |
|         inst_fifo_gen                                                                                       |                          CBufFIFOfifo_generator_v13_2_7_synth_HD548 |         Static |            - |        114 |        112 |       0 |    2 |   205 |      9 |      0 |    0 |          0 |
|           gconvfifo.rf                                                                                      |                                    CBufFIFOfifo_generator_top_HD549 |         Static |            - |        114 |        112 |       0 |    2 |   205 |      9 |      0 |    0 |          0 |
|             grf.rf                                                                                          |                                CBufFIFOfifo_generator_ramfifo_HD550 |         Static |            - |        114 |        112 |       0 |    2 |   205 |      9 |      0 |    0 |          0 |
|               gntv_or_sync_fifo.gcx.clkx                                                                    |                                           CBufFIFOclk_x_pntrs_HD551 |         Static |            - |         53 |         53 |       0 |    0 |    88 |      0 |      0 |    0 |          0 |
|                 (gntv_or_sync_fifo.gcx.clkx)                                                                |                                           CBufFIFOclk_x_pntrs_HD551 |         Static |            - |         23 |         23 |       0 |    0 |     0 |      0 |      0 |    0 |          0 |
|                 rd_pntr_cdc_inst                                                                            |                                          CBufFIFOxpm_cdc_gray_HD552 |         Static |            - |         15 |         15 |       0 |    0 |    44 |      0 |      0 |    0 |          0 |
|                 wr_pntr_cdc_inst                                                                            |                                       CBufFIFOxpm_cdc_gray__2_HD553 |         Static |            - |         15 |         15 |       0 |    0 |    44 |      0 |      0 |    0 |          0 |
|               gntv_or_sync_fifo.gl0.rd                                                                      |                                              CBufFIFOrd_logic_HD554 |         Static |            - |         34 |         34 |       0 |    0 |    36 |      0 |      0 |    0 |          0 |
|                 gras.gpe.rdpe                                                                               |                                              CBufFIFOrd_pe_as_HD555 |         Static |            - |          3 |          3 |       0 |    0 |    12 |      0 |      0 |    0 |          0 |
|                 gras.rsts                                                                                   |                                    CBufFIFOrd_status_flags_as_HD556 |         Static |            - |          3 |          3 |       0 |    0 |     2 |      0 |      0 |    0 |          0 |
|                   (gras.rsts)                                                                               |                                    CBufFIFOrd_status_flags_as_HD556 |         Static |            - |          2 |          2 |       0 |    0 |     2 |      0 |      0 |    0 |          0 |
|                   c0                                                                                        |                                             CBufFIFOcompare_1_HD557 |         Static |            - |          1 |          1 |       0 |    0 |     0 |      0 |      0 |    0 |          0 |
|                   c1                                                                                        |                                             CBufFIFOcompare_2_HD558 |         Static |            - |          0 |          0 |       0 |    0 |     0 |      0 |      0 |    0 |          0 |
|                 rpntr                                                                                       |                                           CBufFIFOrd_bin_cntr_HD559 |         Static |            - |         28 |         28 |       0 |    0 |    22 |      0 |      0 |    0 |          0 |
|               gntv_or_sync_fifo.gl0.wr                                                                      |                                              CBufFIFOwr_logic_HD560 |         Static |            - |         15 |         15 |       0 |    0 |    39 |      0 |      0 |    0 |          0 |
|                 gwas.gpf.wrpf                                                                               |                                              CBufFIFOwr_pf_as_HD561 |         Static |            - |          1 |          1 |       0 |    0 |     3 |      0 |      0 |    0 |          0 |
|                 gwas.wsts                                                                                   |                                    CBufFIFOwr_status_flags_as_HD562 |         Static |            - |          3 |          3 |       0 |    0 |     2 |      0 |      0 |    0 |          0 |
|                   (gwas.wsts)                                                                               |                                    CBufFIFOwr_status_flags_as_HD562 |         Static |            - |          2 |          2 |       0 |    0 |     2 |      0 |      0 |    0 |          0 |
|                   c1                                                                                        |                                               CBufFIFOcompare_HD563 |         Static |            - |          0 |          0 |       0 |    0 |     0 |      0 |      0 |    0 |          0 |
|                   c2                                                                                        |                                             CBufFIFOcompare_0_HD564 |         Static |            - |          1 |          1 |       0 |    0 |     0 |      0 |      0 |    0 |          0 |
|                 gwhf.whf                                                                                    |                                  CBufFIFOwr_handshaking_flags_HD565 |         Static |            - |          0 |          0 |       0 |    0 |     1 |      0 |      0 |    0 |          0 |
|                 wpntr                                                                                       |                                           CBufFIFOwr_bin_cntr_HD566 |         Static |            - |         11 |         11 |       0 |    0 |    33 |      0 |      0 |    0 |          0 |
|               gntv_or_sync_fifo.mem                                                                         |                                                CBufFIFOmemory_HD567 |         Static |            - |          6 |          4 |       0 |    2 |    10 |      9 |      0 |    0 |          0 |
|                 gbm.gbmg.gbmga.ngecc.bmg                                                                    |                                    CBufFIFOblk_mem_gen_v8_4_5_HD568 |         Static |            - |          6 |          4 |       0 |    2 |    10 |      9 |      0 |    0 |          0 |
|                   inst_blk_mem_gen                                                                          |                              CBufFIFOblk_mem_gen_v8_4_5_synth_HD569 |         Static |            - |          6 |          4 |       0 |    2 |    10 |      9 |      0 |    0 |          0 |
|                     gnbram.gnativebmg.native_blk_mem_gen                                                    |                                       CBufFIFOblk_mem_gen_top_HD570 |         Static |            - |          6 |          4 |       0 |    2 |    10 |      9 |      0 |    0 |          0 |
|                       valid.cstr                                                                            |                              CBufFIFOblk_mem_gen_generic_cstr_HD571 |         Static |            - |          6 |          4 |       0 |    2 |    10 |      9 |      0 |    0 |          0 |
|                         ramloop[0].ram.r                                                                    |                                CBufFIFOblk_mem_gen_prim_width_HD572 |         Static |            - |          0 |          0 |       0 |    0 |     0 |      1 |      0 |    0 |          0 |
|                           prim_noinit.ram                                                                   |                              CBufFIFOblk_mem_gen_prim_wrapper_HD573 |         Static |            - |          0 |          0 |       0 |    0 |     0 |      1 |      0 |    0 |          0 |
|                         ramloop[1].ram.r                                                                    |                CBufFIFOblk_mem_gen_prim_width__parameterized0_HD574 |         Static |            - |          0 |          0 |       0 |    0 |     0 |      1 |      0 |    0 |          0 |
|                           prim_noinit.ram                                                                   |              CBufFIFOblk_mem_gen_prim_wrapper__parameterized0_HD575 |         Static |            - |          0 |          0 |       0 |    0 |     0 |      1 |      0 |    0 |          0 |
|                         ramloop[2].ram.r                                                                    |                CBufFIFOblk_mem_gen_prim_width__parameterized1_HD576 |         Static |            - |          0 |          0 |       0 |    0 |     0 |      1 |      0 |    0 |          0 |
|                           prim_noinit.ram                                                                   |              CBufFIFOblk_mem_gen_prim_wrapper__parameterized1_HD577 |         Static |            - |          0 |          0 |       0 |    0 |     0 |      1 |      0 |    0 |          0 |
|                         ramloop[3].ram.r                                                                    |                CBufFIFOblk_mem_gen_prim_width__parameterized2_HD578 |         Static |            - |          0 |          0 |       0 |    0 |     0 |      1 |      0 |    0 |          0 |
|                           prim_noinit.ram                                                                   |              CBufFIFOblk_mem_gen_prim_wrapper__parameterized2_HD579 |         Static |            - |          0 |          0 |       0 |    0 |     0 |      1 |      0 |    0 |          0 |
|                         ramloop[4].ram.r                                                                    |                CBufFIFOblk_mem_gen_prim_width__parameterized3_HD580 |         Static |            - |          0 |          0 |       0 |    0 |     0 |      1 |      0 |    0 |          0 |
|                           prim_noinit.ram                                                                   |              CBufFIFOblk_mem_gen_prim_wrapper__parameterized3_HD581 |         Static |            - |          0 |          0 |       0 |    0 |     0 |      1 |      0 |    0 |          0 |
|                         ramloop[5].ram.r                                                                    |                CBufFIFOblk_mem_gen_prim_width__parameterized4_HD582 |         Static |            - |          0 |          0 |       0 |    0 |     0 |      1 |      0 |    0 |          0 |
|                           prim_noinit.ram                                                                   |              CBufFIFOblk_mem_gen_prim_wrapper__parameterized4_HD583 |         Static |            - |          0 |          0 |       0 |    0 |     0 |      1 |      0 |    0 |          0 |
|                         ramloop[6].ram.r                                                                    |                CBufFIFOblk_mem_gen_prim_width__parameterized5_HD584 |         Static |            - |          0 |          0 |       0 |    0 |     0 |      1 |      0 |    0 |          0 |
|                           prim_noinit.ram                                                                   |              CBufFIFOblk_mem_gen_prim_wrapper__parameterized5_HD585 |         Static |            - |          0 |          0 |       0 |    0 |     0 |      1 |      0 |    0 |          0 |
|                         ramloop[7].ram.r                                                                    |                CBufFIFOblk_mem_gen_prim_width__parameterized6_HD586 |         Static |            - |          0 |          0 |       0 |    0 |     0 |      1 |      0 |    0 |          0 |
|                           prim_noinit.ram                                                                   |              CBufFIFOblk_mem_gen_prim_wrapper__parameterized6_HD587 |         Static |            - |          0 |          0 |       0 |    0 |     0 |      1 |      0 |    0 |          0 |
|                         ramloop[8].ram.r                                                                    |                CBufFIFOblk_mem_gen_prim_width__parameterized7_HD588 |         Static |            - |          0 |          0 |       0 |    0 |     0 |      1 |      0 |    0 |          0 |
|                           prim_noinit.ram                                                                   |              CBufFIFOblk_mem_gen_prim_wrapper__parameterized7_HD589 |         Static |            - |          0 |          0 |       0 |    0 |     0 |      1 |      0 |    0 |          0 |
|                         ramloop[9].ram.r                                                                    |                CBufFIFOblk_mem_gen_prim_width__parameterized8_HD590 |         Static |            - |          6 |          4 |       0 |    2 |    10 |      0 |      0 |    0 |          0 |
|                           (ramloop[9].ram.r)                                                                |                CBufFIFOblk_mem_gen_prim_width__parameterized8_HD590 |         Static |            - |          4 |          2 |       0 |    2 |    10 |      0 |      0 |    0 |          0 |
|                           prim_noinit.ram                                                                   |              CBufFIFOblk_mem_gen_prim_wrapper__parameterized8_HD591 |         Static |            - |          2 |          2 |       0 |    0 |     0 |      0 |      0 |    0 |          0 |
|               rstblk                                                                                        |                                     CBufFIFOreset_blk_ramfifo_HD592 |         Static |            - |          6 |          6 |       0 |    0 |    32 |      0 |      0 |    0 |          0 |
|                 (rstblk)                                                                                    |                                     CBufFIFOreset_blk_ramfifo_HD592 |         Static |            - |          6 |          6 |       0 |    0 |    12 |      0 |      0 |    0 |          0 |
|                 ngwrdrst.grst.g7serrst.gsckt_wrst.gic_rst.xpm_cdc_single_inst_rrst_wr                       |                                        CBufFIFOxpm_cdc_single_HD593 |         Static |            - |          0 |          0 |       0 |    0 |     5 |      0 |      0 |    0 |          0 |
|                 ngwrdrst.grst.g7serrst.gsckt_wrst.gic_rst.xpm_cdc_single_inst_wrst_rd                       |                                     CBufFIFOxpm_cdc_single__2_HD594 |         Static |            - |          0 |          0 |       0 |    0 |     5 |      0 |      0 |    0 |          0 |
|                 ngwrdrst.grst.g7serrst.gsckt_wrst.gic_rst.xpm_cdc_sync_rst_inst_wrst                        |                                      CBufFIFOxpm_cdc_sync_rst_HD595 |         Static |            - |          0 |          0 |       0 |    0 |     5 |      0 |      0 |    0 |          0 |
|                 ngwrdrst.grst.g7serrst.gsckt_wrst.xpm_cdc_sync_rst_inst_wrst                                |                                   CBufFIFOxpm_cdc_sync_rst__2_HD596 |         Static |            - |          0 |          0 |       0 |    0 |     5 |      0 |      0 |    0 |          0 |
|     FSM                                                                                                     |                                                         CBufFSM__19 |         Static |            - |        662 |        662 |       0 |    0 |   741 |      0 |      0 |    0 |          0 |
|     MAXI                                                                                                    |                                                   CBufAXIMaster__19 |         Static |            - |         19 |         19 |       0 |    0 |    43 |      0 |      0 |    0 |          0 |
|   CBUFS[2].CBUF                                                                                             |                                                   ChannelBuffer__20 |         Static |            - |        803 |        801 |       0 |    2 |  1147 |      9 |      0 |    0 |          0 |
|     (CBUFS[2].CBUF)                                                                                         |                                                   ChannelBuffer__20 |         Static |            - |         10 |         10 |       0 |    0 |   158 |      0 |      0 |    0 |          0 |
|     FIFO                                                                                                    |                                                      CBufFIFO_HD597 |         Static |            - |        112 |        110 |       0 |    2 |   205 |      9 |      0 |    0 |          0 |
|       U0                                                                                                    |                                CBufFIFOfifo_generator_v13_2_7_HD598 |         Static |            - |        112 |        110 |       0 |    2 |   205 |      9 |      0 |    0 |          0 |
|         inst_fifo_gen                                                                                       |                          CBufFIFOfifo_generator_v13_2_7_synth_HD599 |         Static |            - |        112 |        110 |       0 |    2 |   205 |      9 |      0 |    0 |          0 |
|           gconvfifo.rf                                                                                      |                                    CBufFIFOfifo_generator_top_HD600 |         Static |            - |        112 |        110 |       0 |    2 |   205 |      9 |      0 |    0 |          0 |
|             grf.rf                                                                                          |                                CBufFIFOfifo_generator_ramfifo_HD601 |         Static |            - |        112 |        110 |       0 |    2 |   205 |      9 |      0 |    0 |          0 |
|               gntv_or_sync_fifo.gcx.clkx                                                                    |                                           CBufFIFOclk_x_pntrs_HD602 |         Static |            - |         53 |         53 |       0 |    0 |    88 |      0 |      0 |    0 |          0 |
|                 (gntv_or_sync_fifo.gcx.clkx)                                                                |                                           CBufFIFOclk_x_pntrs_HD602 |         Static |            - |         23 |         23 |       0 |    0 |     0 |      0 |      0 |    0 |          0 |
|                 rd_pntr_cdc_inst                                                                            |                                          CBufFIFOxpm_cdc_gray_HD603 |         Static |            - |         15 |         15 |       0 |    0 |    44 |      0 |      0 |    0 |          0 |
|                 wr_pntr_cdc_inst                                                                            |                                       CBufFIFOxpm_cdc_gray__2_HD604 |         Static |            - |         15 |         15 |       0 |    0 |    44 |      0 |      0 |    0 |          0 |
|               gntv_or_sync_fifo.gl0.rd                                                                      |                                              CBufFIFOrd_logic_HD605 |         Static |            - |         33 |         33 |       0 |    0 |    36 |      0 |      0 |    0 |          0 |
|                 gras.gpe.rdpe                                                                               |                                              CBufFIFOrd_pe_as_HD606 |         Static |            - |          3 |          3 |       0 |    0 |    12 |      0 |      0 |    0 |          0 |
|                 gras.rsts                                                                                   |                                    CBufFIFOrd_status_flags_as_HD607 |         Static |            - |          2 |          2 |       0 |    0 |     2 |      0 |      0 |    0 |          0 |
|                   (gras.rsts)                                                                               |                                    CBufFIFOrd_status_flags_as_HD607 |         Static |            - |          1 |          1 |       0 |    0 |     2 |      0 |      0 |    0 |          0 |
|                   c0                                                                                        |                                             CBufFIFOcompare_1_HD608 |         Static |            - |          1 |          1 |       0 |    0 |     0 |      0 |      0 |    0 |          0 |
|                   c1                                                                                        |                                             CBufFIFOcompare_2_HD609 |         Static |            - |          0 |          0 |       0 |    0 |     0 |      0 |      0 |    0 |          0 |
|                 rpntr                                                                                       |                                           CBufFIFOrd_bin_cntr_HD610 |         Static |            - |         28 |         28 |       0 |    0 |    22 |      0 |      0 |    0 |          0 |
|               gntv_or_sync_fifo.gl0.wr                                                                      |                                              CBufFIFOwr_logic_HD611 |         Static |            - |         15 |         15 |       0 |    0 |    39 |      0 |      0 |    0 |          0 |
|                 gwas.gpf.wrpf                                                                               |                                              CBufFIFOwr_pf_as_HD612 |         Static |            - |          1 |          1 |       0 |    0 |     3 |      0 |      0 |    0 |          0 |
|                 gwas.wsts                                                                                   |                                    CBufFIFOwr_status_flags_as_HD613 |         Static |            - |          3 |          3 |       0 |    0 |     2 |      0 |      0 |    0 |          0 |
|                   (gwas.wsts)                                                                               |                                    CBufFIFOwr_status_flags_as_HD613 |         Static |            - |          2 |          2 |       0 |    0 |     2 |      0 |      0 |    0 |          0 |
|                   c1                                                                                        |                                               CBufFIFOcompare_HD614 |         Static |            - |          0 |          0 |       0 |    0 |     0 |      0 |      0 |    0 |          0 |
|                   c2                                                                                        |                                             CBufFIFOcompare_0_HD615 |         Static |            - |          1 |          1 |       0 |    0 |     0 |      0 |      0 |    0 |          0 |
|                 gwhf.whf                                                                                    |                                  CBufFIFOwr_handshaking_flags_HD616 |         Static |            - |          0 |          0 |       0 |    0 |     1 |      0 |      0 |    0 |          0 |
|                 wpntr                                                                                       |                                           CBufFIFOwr_bin_cntr_HD617 |         Static |            - |         11 |         11 |       0 |    0 |    33 |      0 |      0 |    0 |          0 |
|               gntv_or_sync_fifo.mem                                                                         |                                                CBufFIFOmemory_HD618 |         Static |            - |          6 |          4 |       0 |    2 |    10 |      9 |      0 |    0 |          0 |
|                 gbm.gbmg.gbmga.ngecc.bmg                                                                    |                                    CBufFIFOblk_mem_gen_v8_4_5_HD619 |         Static |            - |          6 |          4 |       0 |    2 |    10 |      9 |      0 |    0 |          0 |
|                   inst_blk_mem_gen                                                                          |                              CBufFIFOblk_mem_gen_v8_4_5_synth_HD620 |         Static |            - |          6 |          4 |       0 |    2 |    10 |      9 |      0 |    0 |          0 |
|                     gnbram.gnativebmg.native_blk_mem_gen                                                    |                                       CBufFIFOblk_mem_gen_top_HD621 |         Static |            - |          6 |          4 |       0 |    2 |    10 |      9 |      0 |    0 |          0 |
|                       valid.cstr                                                                            |                              CBufFIFOblk_mem_gen_generic_cstr_HD622 |         Static |            - |          6 |          4 |       0 |    2 |    10 |      9 |      0 |    0 |          0 |
|                         ramloop[0].ram.r                                                                    |                                CBufFIFOblk_mem_gen_prim_width_HD623 |         Static |            - |          0 |          0 |       0 |    0 |     0 |      1 |      0 |    0 |          0 |
|                           prim_noinit.ram                                                                   |                              CBufFIFOblk_mem_gen_prim_wrapper_HD624 |         Static |            - |          0 |          0 |       0 |    0 |     0 |      1 |      0 |    0 |          0 |
|                         ramloop[1].ram.r                                                                    |                CBufFIFOblk_mem_gen_prim_width__parameterized0_HD625 |         Static |            - |          0 |          0 |       0 |    0 |     0 |      1 |      0 |    0 |          0 |
|                           prim_noinit.ram                                                                   |              CBufFIFOblk_mem_gen_prim_wrapper__parameterized0_HD626 |         Static |            - |          0 |          0 |       0 |    0 |     0 |      1 |      0 |    0 |          0 |
|                         ramloop[2].ram.r                                                                    |                CBufFIFOblk_mem_gen_prim_width__parameterized1_HD627 |         Static |            - |          0 |          0 |       0 |    0 |     0 |      1 |      0 |    0 |          0 |
|                           prim_noinit.ram                                                                   |              CBufFIFOblk_mem_gen_prim_wrapper__parameterized1_HD628 |         Static |            - |          0 |          0 |       0 |    0 |     0 |      1 |      0 |    0 |          0 |
|                         ramloop[3].ram.r                                                                    |                CBufFIFOblk_mem_gen_prim_width__parameterized2_HD629 |         Static |            - |          0 |          0 |       0 |    0 |     0 |      1 |      0 |    0 |          0 |
|                           prim_noinit.ram                                                                   |              CBufFIFOblk_mem_gen_prim_wrapper__parameterized2_HD630 |         Static |            - |          0 |          0 |       0 |    0 |     0 |      1 |      0 |    0 |          0 |
|                         ramloop[4].ram.r                                                                    |                CBufFIFOblk_mem_gen_prim_width__parameterized3_HD631 |         Static |            - |          0 |          0 |       0 |    0 |     0 |      1 |      0 |    0 |          0 |
|                           prim_noinit.ram                                                                   |              CBufFIFOblk_mem_gen_prim_wrapper__parameterized3_HD632 |         Static |            - |          0 |          0 |       0 |    0 |     0 |      1 |      0 |    0 |          0 |
|                         ramloop[5].ram.r                                                                    |                CBufFIFOblk_mem_gen_prim_width__parameterized4_HD633 |         Static |            - |          0 |          0 |       0 |    0 |     0 |      1 |      0 |    0 |          0 |
|                           prim_noinit.ram                                                                   |              CBufFIFOblk_mem_gen_prim_wrapper__parameterized4_HD634 |         Static |            - |          0 |          0 |       0 |    0 |     0 |      1 |      0 |    0 |          0 |
|                         ramloop[6].ram.r                                                                    |                CBufFIFOblk_mem_gen_prim_width__parameterized5_HD635 |         Static |            - |          0 |          0 |       0 |    0 |     0 |      1 |      0 |    0 |          0 |
|                           prim_noinit.ram                                                                   |              CBufFIFOblk_mem_gen_prim_wrapper__parameterized5_HD636 |         Static |            - |          0 |          0 |       0 |    0 |     0 |      1 |      0 |    0 |          0 |
|                         ramloop[7].ram.r                                                                    |                CBufFIFOblk_mem_gen_prim_width__parameterized6_HD637 |         Static |            - |          0 |          0 |       0 |    0 |     0 |      1 |      0 |    0 |          0 |
|                           prim_noinit.ram                                                                   |              CBufFIFOblk_mem_gen_prim_wrapper__parameterized6_HD638 |         Static |            - |          0 |          0 |       0 |    0 |     0 |      1 |      0 |    0 |          0 |
|                         ramloop[8].ram.r                                                                    |                CBufFIFOblk_mem_gen_prim_width__parameterized7_HD639 |         Static |            - |          0 |          0 |       0 |    0 |     0 |      1 |      0 |    0 |          0 |
|                           prim_noinit.ram                                                                   |              CBufFIFOblk_mem_gen_prim_wrapper__parameterized7_HD640 |         Static |            - |          0 |          0 |       0 |    0 |     0 |      1 |      0 |    0 |          0 |
|                         ramloop[9].ram.r                                                                    |                CBufFIFOblk_mem_gen_prim_width__parameterized8_HD641 |         Static |            - |          6 |          4 |       0 |    2 |    10 |      0 |      0 |    0 |          0 |
|                           (ramloop[9].ram.r)                                                                |                CBufFIFOblk_mem_gen_prim_width__parameterized8_HD641 |         Static |            - |          4 |          2 |       0 |    2 |    10 |      0 |      0 |    0 |          0 |
|                           prim_noinit.ram                                                                   |              CBufFIFOblk_mem_gen_prim_wrapper__parameterized8_HD642 |         Static |            - |          2 |          2 |       0 |    0 |     0 |      0 |      0 |    0 |          0 |
|               rstblk                                                                                        |                                     CBufFIFOreset_blk_ramfifo_HD643 |         Static |            - |          6 |          6 |       0 |    0 |    32 |      0 |      0 |    0 |          0 |
|                 (rstblk)                                                                                    |                                     CBufFIFOreset_blk_ramfifo_HD643 |         Static |            - |          6 |          6 |       0 |    0 |    12 |      0 |      0 |    0 |          0 |
|                 ngwrdrst.grst.g7serrst.gsckt_wrst.gic_rst.xpm_cdc_single_inst_rrst_wr                       |                                        CBufFIFOxpm_cdc_single_HD644 |         Static |            - |          0 |          0 |       0 |    0 |     5 |      0 |      0 |    0 |          0 |
|                 ngwrdrst.grst.g7serrst.gsckt_wrst.gic_rst.xpm_cdc_single_inst_wrst_rd                       |                                     CBufFIFOxpm_cdc_single__2_HD645 |         Static |            - |          0 |          0 |       0 |    0 |     5 |      0 |      0 |    0 |          0 |
|                 ngwrdrst.grst.g7serrst.gsckt_wrst.gic_rst.xpm_cdc_sync_rst_inst_wrst                        |                                      CBufFIFOxpm_cdc_sync_rst_HD646 |         Static |            - |          0 |          0 |       0 |    0 |     5 |      0 |      0 |    0 |          0 |
|                 ngwrdrst.grst.g7serrst.gsckt_wrst.xpm_cdc_sync_rst_inst_wrst                                |                                   CBufFIFOxpm_cdc_sync_rst__2_HD647 |         Static |            - |          0 |          0 |       0 |    0 |     5 |      0 |      0 |    0 |          0 |
|     FSM                                                                                                     |                                                         CBufFSM__20 |         Static |            - |        664 |        664 |       0 |    0 |   741 |      0 |      0 |    0 |          0 |
|     MAXI                                                                                                    |                                                   CBufAXIMaster__20 |         Static |            - |         18 |         18 |       0 |    0 |    43 |      0 |      0 |    0 |          0 |
|   CBUFS[3].CBUF                                                                                             |                                                   ChannelBuffer__21 |         Static |            - |        807 |        805 |       0 |    2 |  1147 |      9 |      0 |    0 |          0 |
|     (CBUFS[3].CBUF)                                                                                         |                                                   ChannelBuffer__21 |         Static |            - |         11 |         11 |       0 |    0 |   158 |      0 |      0 |    0 |          0 |
|     FIFO                                                                                                    |                                                      CBufFIFO_HD648 |         Static |            - |        112 |        110 |       0 |    2 |   205 |      9 |      0 |    0 |          0 |
|       U0                                                                                                    |                                CBufFIFOfifo_generator_v13_2_7_HD649 |         Static |            - |        112 |        110 |       0 |    2 |   205 |      9 |      0 |    0 |          0 |
|         inst_fifo_gen                                                                                       |                          CBufFIFOfifo_generator_v13_2_7_synth_HD650 |         Static |            - |        112 |        110 |       0 |    2 |   205 |      9 |      0 |    0 |          0 |
|           gconvfifo.rf                                                                                      |                                    CBufFIFOfifo_generator_top_HD651 |         Static |            - |        112 |        110 |       0 |    2 |   205 |      9 |      0 |    0 |          0 |
|             grf.rf                                                                                          |                                CBufFIFOfifo_generator_ramfifo_HD652 |         Static |            - |        112 |        110 |       0 |    2 |   205 |      9 |      0 |    0 |          0 |
|               gntv_or_sync_fifo.gcx.clkx                                                                    |                                           CBufFIFOclk_x_pntrs_HD653 |         Static |            - |         53 |         53 |       0 |    0 |    88 |      0 |      0 |    0 |          0 |
|                 (gntv_or_sync_fifo.gcx.clkx)                                                                |                                           CBufFIFOclk_x_pntrs_HD653 |         Static |            - |         23 |         23 |       0 |    0 |     0 |      0 |      0 |    0 |          0 |
|                 rd_pntr_cdc_inst                                                                            |                                          CBufFIFOxpm_cdc_gray_HD654 |         Static |            - |         15 |         15 |       0 |    0 |    44 |      0 |      0 |    0 |          0 |
|                 wr_pntr_cdc_inst                                                                            |                                       CBufFIFOxpm_cdc_gray__2_HD655 |         Static |            - |         15 |         15 |       0 |    0 |    44 |      0 |      0 |    0 |          0 |
|               gntv_or_sync_fifo.gl0.rd                                                                      |                                              CBufFIFOrd_logic_HD656 |         Static |            - |         33 |         33 |       0 |    0 |    36 |      0 |      0 |    0 |          0 |
|                 gras.gpe.rdpe                                                                               |                                              CBufFIFOrd_pe_as_HD657 |         Static |            - |          3 |          3 |       0 |    0 |    12 |      0 |      0 |    0 |          0 |
|                 gras.rsts                                                                                   |                                    CBufFIFOrd_status_flags_as_HD658 |         Static |            - |          2 |          2 |       0 |    0 |     2 |      0 |      0 |    0 |          0 |
|                   (gras.rsts)                                                                               |                                    CBufFIFOrd_status_flags_as_HD658 |         Static |            - |          1 |          1 |       0 |    0 |     2 |      0 |      0 |    0 |          0 |
|                   c0                                                                                        |                                             CBufFIFOcompare_1_HD659 |         Static |            - |          1 |          1 |       0 |    0 |     0 |      0 |      0 |    0 |          0 |
|                   c1                                                                                        |                                             CBufFIFOcompare_2_HD660 |         Static |            - |          0 |          0 |       0 |    0 |     0 |      0 |      0 |    0 |          0 |
|                 rpntr                                                                                       |                                           CBufFIFOrd_bin_cntr_HD661 |         Static |            - |         28 |         28 |       0 |    0 |    22 |      0 |      0 |    0 |          0 |
|               gntv_or_sync_fifo.gl0.wr                                                                      |                                              CBufFIFOwr_logic_HD662 |         Static |            - |         15 |         15 |       0 |    0 |    39 |      0 |      0 |    0 |          0 |
|                 gwas.gpf.wrpf                                                                               |                                              CBufFIFOwr_pf_as_HD663 |         Static |            - |          1 |          1 |       0 |    0 |     3 |      0 |      0 |    0 |          0 |
|                 gwas.wsts                                                                                   |                                    CBufFIFOwr_status_flags_as_HD664 |         Static |            - |          3 |          3 |       0 |    0 |     2 |      0 |      0 |    0 |          0 |
|                   (gwas.wsts)                                                                               |                                    CBufFIFOwr_status_flags_as_HD664 |         Static |            - |          2 |          2 |       0 |    0 |     2 |      0 |      0 |    0 |          0 |
|                   c1                                                                                        |                                               CBufFIFOcompare_HD665 |         Static |            - |          0 |          0 |       0 |    0 |     0 |      0 |      0 |    0 |          0 |
|                   c2                                                                                        |                                             CBufFIFOcompare_0_HD666 |         Static |            - |          1 |          1 |       0 |    0 |     0 |      0 |      0 |    0 |          0 |
|                 gwhf.whf                                                                                    |                                  CBufFIFOwr_handshaking_flags_HD667 |         Static |            - |          0 |          0 |       0 |    0 |     1 |      0 |      0 |    0 |          0 |
|                 wpntr                                                                                       |                                           CBufFIFOwr_bin_cntr_HD668 |         Static |            - |         11 |         11 |       0 |    0 |    33 |      0 |      0 |    0 |          0 |
|               gntv_or_sync_fifo.mem                                                                         |                                                CBufFIFOmemory_HD669 |         Static |            - |          6 |          4 |       0 |    2 |    10 |      9 |      0 |    0 |          0 |
|                 gbm.gbmg.gbmga.ngecc.bmg                                                                    |                                    CBufFIFOblk_mem_gen_v8_4_5_HD670 |         Static |            - |          6 |          4 |       0 |    2 |    10 |      9 |      0 |    0 |          0 |
|                   inst_blk_mem_gen                                                                          |                              CBufFIFOblk_mem_gen_v8_4_5_synth_HD671 |         Static |            - |          6 |          4 |       0 |    2 |    10 |      9 |      0 |    0 |          0 |
|                     gnbram.gnativebmg.native_blk_mem_gen                                                    |                                       CBufFIFOblk_mem_gen_top_HD672 |         Static |            - |          6 |          4 |       0 |    2 |    10 |      9 |      0 |    0 |          0 |
|                       valid.cstr                                                                            |                              CBufFIFOblk_mem_gen_generic_cstr_HD673 |         Static |            - |          6 |          4 |       0 |    2 |    10 |      9 |      0 |    0 |          0 |
|                         ramloop[0].ram.r                                                                    |                                CBufFIFOblk_mem_gen_prim_width_HD674 |         Static |            - |          0 |          0 |       0 |    0 |     0 |      1 |      0 |    0 |          0 |
|                           prim_noinit.ram                                                                   |                              CBufFIFOblk_mem_gen_prim_wrapper_HD675 |         Static |            - |          0 |          0 |       0 |    0 |     0 |      1 |      0 |    0 |          0 |
|                         ramloop[1].ram.r                                                                    |                CBufFIFOblk_mem_gen_prim_width__parameterized0_HD676 |         Static |            - |          0 |          0 |       0 |    0 |     0 |      1 |      0 |    0 |          0 |
|                           prim_noinit.ram                                                                   |              CBufFIFOblk_mem_gen_prim_wrapper__parameterized0_HD677 |         Static |            - |          0 |          0 |       0 |    0 |     0 |      1 |      0 |    0 |          0 |
|                         ramloop[2].ram.r                                                                    |                CBufFIFOblk_mem_gen_prim_width__parameterized1_HD678 |         Static |            - |          0 |          0 |       0 |    0 |     0 |      1 |      0 |    0 |          0 |
|                           prim_noinit.ram                                                                   |              CBufFIFOblk_mem_gen_prim_wrapper__parameterized1_HD679 |         Static |            - |          0 |          0 |       0 |    0 |     0 |      1 |      0 |    0 |          0 |
|                         ramloop[3].ram.r                                                                    |                CBufFIFOblk_mem_gen_prim_width__parameterized2_HD680 |         Static |            - |          0 |          0 |       0 |    0 |     0 |      1 |      0 |    0 |          0 |
|                           prim_noinit.ram                                                                   |              CBufFIFOblk_mem_gen_prim_wrapper__parameterized2_HD681 |         Static |            - |          0 |          0 |       0 |    0 |     0 |      1 |      0 |    0 |          0 |
|                         ramloop[4].ram.r                                                                    |                CBufFIFOblk_mem_gen_prim_width__parameterized3_HD682 |         Static |            - |          0 |          0 |       0 |    0 |     0 |      1 |      0 |    0 |          0 |
|                           prim_noinit.ram                                                                   |              CBufFIFOblk_mem_gen_prim_wrapper__parameterized3_HD683 |         Static |            - |          0 |          0 |       0 |    0 |     0 |      1 |      0 |    0 |          0 |
|                         ramloop[5].ram.r                                                                    |                CBufFIFOblk_mem_gen_prim_width__parameterized4_HD684 |         Static |            - |          0 |          0 |       0 |    0 |     0 |      1 |      0 |    0 |          0 |
|                           prim_noinit.ram                                                                   |              CBufFIFOblk_mem_gen_prim_wrapper__parameterized4_HD685 |         Static |            - |          0 |          0 |       0 |    0 |     0 |      1 |      0 |    0 |          0 |
|                         ramloop[6].ram.r                                                                    |                CBufFIFOblk_mem_gen_prim_width__parameterized5_HD686 |         Static |            - |          0 |          0 |       0 |    0 |     0 |      1 |      0 |    0 |          0 |
|                           prim_noinit.ram                                                                   |              CBufFIFOblk_mem_gen_prim_wrapper__parameterized5_HD687 |         Static |            - |          0 |          0 |       0 |    0 |     0 |      1 |      0 |    0 |          0 |
|                         ramloop[7].ram.r                                                                    |                CBufFIFOblk_mem_gen_prim_width__parameterized6_HD688 |         Static |            - |          0 |          0 |       0 |    0 |     0 |      1 |      0 |    0 |          0 |
|                           prim_noinit.ram                                                                   |              CBufFIFOblk_mem_gen_prim_wrapper__parameterized6_HD689 |         Static |            - |          0 |          0 |       0 |    0 |     0 |      1 |      0 |    0 |          0 |
|                         ramloop[8].ram.r                                                                    |                CBufFIFOblk_mem_gen_prim_width__parameterized7_HD690 |         Static |            - |          0 |          0 |       0 |    0 |     0 |      1 |      0 |    0 |          0 |
|                           prim_noinit.ram                                                                   |              CBufFIFOblk_mem_gen_prim_wrapper__parameterized7_HD691 |         Static |            - |          0 |          0 |       0 |    0 |     0 |      1 |      0 |    0 |          0 |
|                         ramloop[9].ram.r                                                                    |                CBufFIFOblk_mem_gen_prim_width__parameterized8_HD692 |         Static |            - |          6 |          4 |       0 |    2 |    10 |      0 |      0 |    0 |          0 |
|                           (ramloop[9].ram.r)                                                                |                CBufFIFOblk_mem_gen_prim_width__parameterized8_HD692 |         Static |            - |          4 |          2 |       0 |    2 |    10 |      0 |      0 |    0 |          0 |
|                           prim_noinit.ram                                                                   |              CBufFIFOblk_mem_gen_prim_wrapper__parameterized8_HD693 |         Static |            - |          2 |          2 |       0 |    0 |     0 |      0 |      0 |    0 |          0 |
|               rstblk                                                                                        |                                     CBufFIFOreset_blk_ramfifo_HD694 |         Static |            - |          6 |          6 |       0 |    0 |    32 |      0 |      0 |    0 |          0 |
|                 (rstblk)                                                                                    |                                     CBufFIFOreset_blk_ramfifo_HD694 |         Static |            - |          6 |          6 |       0 |    0 |    12 |      0 |      0 |    0 |          0 |
|                 ngwrdrst.grst.g7serrst.gsckt_wrst.gic_rst.xpm_cdc_single_inst_rrst_wr                       |                                        CBufFIFOxpm_cdc_single_HD695 |         Static |            - |          0 |          0 |       0 |    0 |     5 |      0 |      0 |    0 |          0 |
|                 ngwrdrst.grst.g7serrst.gsckt_wrst.gic_rst.xpm_cdc_single_inst_wrst_rd                       |                                     CBufFIFOxpm_cdc_single__2_HD696 |         Static |            - |          0 |          0 |       0 |    0 |     5 |      0 |      0 |    0 |          0 |
|                 ngwrdrst.grst.g7serrst.gsckt_wrst.gic_rst.xpm_cdc_sync_rst_inst_wrst                        |                                      CBufFIFOxpm_cdc_sync_rst_HD697 |         Static |            - |          0 |          0 |       0 |    0 |     5 |      0 |      0 |    0 |          0 |
|                 ngwrdrst.grst.g7serrst.gsckt_wrst.xpm_cdc_sync_rst_inst_wrst                                |                                   CBufFIFOxpm_cdc_sync_rst__2_HD698 |         Static |            - |          0 |          0 |       0 |    0 |     5 |      0 |      0 |    0 |          0 |
|     FSM                                                                                                     |                                                         CBufFSM__21 |         Static |            - |        666 |        666 |       0 |    0 |   741 |      0 |      0 |    0 |          0 |
|     MAXI                                                                                                    |                                                   CBufAXIMaster__21 |         Static |            - |         18 |         18 |       0 |    0 |    43 |      0 |      0 |    0 |          0 |
|   CBUFS[4].CBUF                                                                                             |                                                   ChannelBuffer__22 |         Static |            - |        811 |        809 |       0 |    2 |  1147 |      9 |      0 |    0 |          0 |
|     (CBUFS[4].CBUF)                                                                                         |                                                   ChannelBuffer__22 |         Static |            - |         10 |         10 |       0 |    0 |   158 |      0 |      0 |    0 |          0 |
|     FIFO                                                                                                    |                                                      CBufFIFO_HD699 |         Static |            - |        113 |        111 |       0 |    2 |   205 |      9 |      0 |    0 |          0 |
|       U0                                                                                                    |                                CBufFIFOfifo_generator_v13_2_7_HD700 |         Static |            - |        113 |        111 |       0 |    2 |   205 |      9 |      0 |    0 |          0 |
|         inst_fifo_gen                                                                                       |                          CBufFIFOfifo_generator_v13_2_7_synth_HD701 |         Static |            - |        113 |        111 |       0 |    2 |   205 |      9 |      0 |    0 |          0 |
|           gconvfifo.rf                                                                                      |                                    CBufFIFOfifo_generator_top_HD702 |         Static |            - |        113 |        111 |       0 |    2 |   205 |      9 |      0 |    0 |          0 |
|             grf.rf                                                                                          |                                CBufFIFOfifo_generator_ramfifo_HD703 |         Static |            - |        113 |        111 |       0 |    2 |   205 |      9 |      0 |    0 |          0 |
|               gntv_or_sync_fifo.gcx.clkx                                                                    |                                           CBufFIFOclk_x_pntrs_HD704 |         Static |            - |         53 |         53 |       0 |    0 |    88 |      0 |      0 |    0 |          0 |
|                 (gntv_or_sync_fifo.gcx.clkx)                                                                |                                           CBufFIFOclk_x_pntrs_HD704 |         Static |            - |         23 |         23 |       0 |    0 |     0 |      0 |      0 |    0 |          0 |
|                 rd_pntr_cdc_inst                                                                            |                                          CBufFIFOxpm_cdc_gray_HD705 |         Static |            - |         15 |         15 |       0 |    0 |    44 |      0 |      0 |    0 |          0 |
|                 wr_pntr_cdc_inst                                                                            |                                       CBufFIFOxpm_cdc_gray__2_HD706 |         Static |            - |         15 |         15 |       0 |    0 |    44 |      0 |      0 |    0 |          0 |
|               gntv_or_sync_fifo.gl0.rd                                                                      |                                              CBufFIFOrd_logic_HD707 |         Static |            - |         33 |         33 |       0 |    0 |    36 |      0 |      0 |    0 |          0 |
|                 gras.gpe.rdpe                                                                               |                                              CBufFIFOrd_pe_as_HD708 |         Static |            - |          3 |          3 |       0 |    0 |    12 |      0 |      0 |    0 |          0 |
|                 gras.rsts                                                                                   |                                    CBufFIFOrd_status_flags_as_HD709 |         Static |            - |          2 |          2 |       0 |    0 |     2 |      0 |      0 |    0 |          0 |
|                   (gras.rsts)                                                                               |                                    CBufFIFOrd_status_flags_as_HD709 |         Static |            - |          1 |          1 |       0 |    0 |     2 |      0 |      0 |    0 |          0 |
|                   c0                                                                                        |                                             CBufFIFOcompare_1_HD710 |         Static |            - |          1 |          1 |       0 |    0 |     0 |      0 |      0 |    0 |          0 |
|                   c1                                                                                        |                                             CBufFIFOcompare_2_HD711 |         Static |            - |          0 |          0 |       0 |    0 |     0 |      0 |      0 |    0 |          0 |
|                 rpntr                                                                                       |                                           CBufFIFOrd_bin_cntr_HD712 |         Static |            - |         28 |         28 |       0 |    0 |    22 |      0 |      0 |    0 |          0 |
|               gntv_or_sync_fifo.gl0.wr                                                                      |                                              CBufFIFOwr_logic_HD713 |         Static |            - |         15 |         15 |       0 |    0 |    39 |      0 |      0 |    0 |          0 |
|                 gwas.gpf.wrpf                                                                               |                                              CBufFIFOwr_pf_as_HD714 |         Static |            - |          1 |          1 |       0 |    0 |     3 |      0 |      0 |    0 |          0 |
|                 gwas.wsts                                                                                   |                                    CBufFIFOwr_status_flags_as_HD715 |         Static |            - |          3 |          3 |       0 |    0 |     2 |      0 |      0 |    0 |          0 |
|                   (gwas.wsts)                                                                               |                                    CBufFIFOwr_status_flags_as_HD715 |         Static |            - |          2 |          2 |       0 |    0 |     2 |      0 |      0 |    0 |          0 |
|                   c1                                                                                        |                                               CBufFIFOcompare_HD716 |         Static |            - |          0 |          0 |       0 |    0 |     0 |      0 |      0 |    0 |          0 |
|                   c2                                                                                        |                                             CBufFIFOcompare_0_HD717 |         Static |            - |          1 |          1 |       0 |    0 |     0 |      0 |      0 |    0 |          0 |
|                 gwhf.whf                                                                                    |                                  CBufFIFOwr_handshaking_flags_HD718 |         Static |            - |          0 |          0 |       0 |    0 |     1 |      0 |      0 |    0 |          0 |
|                 wpntr                                                                                       |                                           CBufFIFOwr_bin_cntr_HD719 |         Static |            - |         11 |         11 |       0 |    0 |    33 |      0 |      0 |    0 |          0 |
|               gntv_or_sync_fifo.mem                                                                         |                                                CBufFIFOmemory_HD720 |         Static |            - |          6 |          4 |       0 |    2 |    10 |      9 |      0 |    0 |          0 |
|                 gbm.gbmg.gbmga.ngecc.bmg                                                                    |                                    CBufFIFOblk_mem_gen_v8_4_5_HD721 |         Static |            - |          6 |          4 |       0 |    2 |    10 |      9 |      0 |    0 |          0 |
|                   inst_blk_mem_gen                                                                          |                              CBufFIFOblk_mem_gen_v8_4_5_synth_HD722 |         Static |            - |          6 |          4 |       0 |    2 |    10 |      9 |      0 |    0 |          0 |
|                     gnbram.gnativebmg.native_blk_mem_gen                                                    |                                       CBufFIFOblk_mem_gen_top_HD723 |         Static |            - |          6 |          4 |       0 |    2 |    10 |      9 |      0 |    0 |          0 |
|                       valid.cstr                                                                            |                              CBufFIFOblk_mem_gen_generic_cstr_HD724 |         Static |            - |          6 |          4 |       0 |    2 |    10 |      9 |      0 |    0 |          0 |
|                         ramloop[0].ram.r                                                                    |                                CBufFIFOblk_mem_gen_prim_width_HD725 |         Static |            - |          0 |          0 |       0 |    0 |     0 |      1 |      0 |    0 |          0 |
|                           prim_noinit.ram                                                                   |                              CBufFIFOblk_mem_gen_prim_wrapper_HD726 |         Static |            - |          0 |          0 |       0 |    0 |     0 |      1 |      0 |    0 |          0 |
|                         ramloop[1].ram.r                                                                    |                CBufFIFOblk_mem_gen_prim_width__parameterized0_HD727 |         Static |            - |          0 |          0 |       0 |    0 |     0 |      1 |      0 |    0 |          0 |
|                           prim_noinit.ram                                                                   |              CBufFIFOblk_mem_gen_prim_wrapper__parameterized0_HD728 |         Static |            - |          0 |          0 |       0 |    0 |     0 |      1 |      0 |    0 |          0 |
|                         ramloop[2].ram.r                                                                    |                CBufFIFOblk_mem_gen_prim_width__parameterized1_HD729 |         Static |            - |          0 |          0 |       0 |    0 |     0 |      1 |      0 |    0 |          0 |
|                           prim_noinit.ram                                                                   |              CBufFIFOblk_mem_gen_prim_wrapper__parameterized1_HD730 |         Static |            - |          0 |          0 |       0 |    0 |     0 |      1 |      0 |    0 |          0 |
|                         ramloop[3].ram.r                                                                    |                CBufFIFOblk_mem_gen_prim_width__parameterized2_HD731 |         Static |            - |          0 |          0 |       0 |    0 |     0 |      1 |      0 |    0 |          0 |
|                           prim_noinit.ram                                                                   |              CBufFIFOblk_mem_gen_prim_wrapper__parameterized2_HD732 |         Static |            - |          0 |          0 |       0 |    0 |     0 |      1 |      0 |    0 |          0 |
|                         ramloop[4].ram.r                                                                    |                CBufFIFOblk_mem_gen_prim_width__parameterized3_HD733 |         Static |            - |          0 |          0 |       0 |    0 |     0 |      1 |      0 |    0 |          0 |
|                           prim_noinit.ram                                                                   |              CBufFIFOblk_mem_gen_prim_wrapper__parameterized3_HD734 |         Static |            - |          0 |          0 |       0 |    0 |     0 |      1 |      0 |    0 |          0 |
|                         ramloop[5].ram.r                                                                    |                CBufFIFOblk_mem_gen_prim_width__parameterized4_HD735 |         Static |            - |          0 |          0 |       0 |    0 |     0 |      1 |      0 |    0 |          0 |
|                           prim_noinit.ram                                                                   |              CBufFIFOblk_mem_gen_prim_wrapper__parameterized4_HD736 |         Static |            - |          0 |          0 |       0 |    0 |     0 |      1 |      0 |    0 |          0 |
|                         ramloop[6].ram.r                                                                    |                CBufFIFOblk_mem_gen_prim_width__parameterized5_HD737 |         Static |            - |          0 |          0 |       0 |    0 |     0 |      1 |      0 |    0 |          0 |
|                           prim_noinit.ram                                                                   |              CBufFIFOblk_mem_gen_prim_wrapper__parameterized5_HD738 |         Static |            - |          0 |          0 |       0 |    0 |     0 |      1 |      0 |    0 |          0 |
|                         ramloop[7].ram.r                                                                    |                CBufFIFOblk_mem_gen_prim_width__parameterized6_HD739 |         Static |            - |          0 |          0 |       0 |    0 |     0 |      1 |      0 |    0 |          0 |
|                           prim_noinit.ram                                                                   |              CBufFIFOblk_mem_gen_prim_wrapper__parameterized6_HD740 |         Static |            - |          0 |          0 |       0 |    0 |     0 |      1 |      0 |    0 |          0 |
|                         ramloop[8].ram.r                                                                    |                CBufFIFOblk_mem_gen_prim_width__parameterized7_HD741 |         Static |            - |          0 |          0 |       0 |    0 |     0 |      1 |      0 |    0 |          0 |
|                           prim_noinit.ram                                                                   |              CBufFIFOblk_mem_gen_prim_wrapper__parameterized7_HD742 |         Static |            - |          0 |          0 |       0 |    0 |     0 |      1 |      0 |    0 |          0 |
|                         ramloop[9].ram.r                                                                    |                CBufFIFOblk_mem_gen_prim_width__parameterized8_HD743 |         Static |            - |          6 |          4 |       0 |    2 |    10 |      0 |      0 |    0 |          0 |
|                           (ramloop[9].ram.r)                                                                |                CBufFIFOblk_mem_gen_prim_width__parameterized8_HD743 |         Static |            - |          4 |          2 |       0 |    2 |    10 |      0 |      0 |    0 |          0 |
|                           prim_noinit.ram                                                                   |              CBufFIFOblk_mem_gen_prim_wrapper__parameterized8_HD744 |         Static |            - |          2 |          2 |       0 |    0 |     0 |      0 |      0 |    0 |          0 |
|               rstblk                                                                                        |                                     CBufFIFOreset_blk_ramfifo_HD745 |         Static |            - |          6 |          6 |       0 |    0 |    32 |      0 |      0 |    0 |          0 |
|                 (rstblk)                                                                                    |                                     CBufFIFOreset_blk_ramfifo_HD745 |         Static |            - |          6 |          6 |       0 |    0 |    12 |      0 |      0 |    0 |          0 |
|                 ngwrdrst.grst.g7serrst.gsckt_wrst.gic_rst.xpm_cdc_single_inst_rrst_wr                       |                                        CBufFIFOxpm_cdc_single_HD746 |         Static |            - |          0 |          0 |       0 |    0 |     5 |      0 |      0 |    0 |          0 |
|                 ngwrdrst.grst.g7serrst.gsckt_wrst.gic_rst.xpm_cdc_single_inst_wrst_rd                       |                                     CBufFIFOxpm_cdc_single__2_HD747 |         Static |            - |          0 |          0 |       0 |    0 |     5 |      0 |      0 |    0 |          0 |
|                 ngwrdrst.grst.g7serrst.gsckt_wrst.gic_rst.xpm_cdc_sync_rst_inst_wrst                        |                                      CBufFIFOxpm_cdc_sync_rst_HD748 |         Static |            - |          0 |          0 |       0 |    0 |     5 |      0 |      0 |    0 |          0 |
|                 ngwrdrst.grst.g7serrst.gsckt_wrst.xpm_cdc_sync_rst_inst_wrst                                |                                   CBufFIFOxpm_cdc_sync_rst__2_HD749 |         Static |            - |          0 |          0 |       0 |    0 |     5 |      0 |      0 |    0 |          0 |
|     FSM                                                                                                     |                                                         CBufFSM__22 |         Static |            - |        668 |        668 |       0 |    0 |   741 |      0 |      0 |    0 |          0 |
|     MAXI                                                                                                    |                                                   CBufAXIMaster__22 |         Static |            - |         20 |         20 |       0 |    0 |    43 |      0 |      0 |    0 |          0 |
|   CBUFS[5].CBUF                                                                                             |                                                   ChannelBuffer__23 |         Static |            - |        806 |        804 |       0 |    2 |  1147 |      9 |      0 |    0 |          0 |
|     (CBUFS[5].CBUF)                                                                                         |                                                   ChannelBuffer__23 |         Static |            - |         11 |         11 |       0 |    0 |   158 |      0 |      0 |    0 |          0 |
|     FIFO                                                                                                    |                                                      CBufFIFO_HD750 |         Static |            - |        112 |        110 |       0 |    2 |   205 |      9 |      0 |    0 |          0 |
|       U0                                                                                                    |                                CBufFIFOfifo_generator_v13_2_7_HD751 |         Static |            - |        112 |        110 |       0 |    2 |   205 |      9 |      0 |    0 |          0 |
|         inst_fifo_gen                                                                                       |                          CBufFIFOfifo_generator_v13_2_7_synth_HD752 |         Static |            - |        112 |        110 |       0 |    2 |   205 |      9 |      0 |    0 |          0 |
|           gconvfifo.rf                                                                                      |                                    CBufFIFOfifo_generator_top_HD753 |         Static |            - |        112 |        110 |       0 |    2 |   205 |      9 |      0 |    0 |          0 |
|             grf.rf                                                                                          |                                CBufFIFOfifo_generator_ramfifo_HD754 |         Static |            - |        112 |        110 |       0 |    2 |   205 |      9 |      0 |    0 |          0 |
|               gntv_or_sync_fifo.gcx.clkx                                                                    |                                           CBufFIFOclk_x_pntrs_HD755 |         Static |            - |         53 |         53 |       0 |    0 |    88 |      0 |      0 |    0 |          0 |
|                 (gntv_or_sync_fifo.gcx.clkx)                                                                |                                           CBufFIFOclk_x_pntrs_HD755 |         Static |            - |         23 |         23 |       0 |    0 |     0 |      0 |      0 |    0 |          0 |
|                 rd_pntr_cdc_inst                                                                            |                                          CBufFIFOxpm_cdc_gray_HD756 |         Static |            - |         15 |         15 |       0 |    0 |    44 |      0 |      0 |    0 |          0 |
|                 wr_pntr_cdc_inst                                                                            |                                       CBufFIFOxpm_cdc_gray__2_HD757 |         Static |            - |         15 |         15 |       0 |    0 |    44 |      0 |      0 |    0 |          0 |
|               gntv_or_sync_fifo.gl0.rd                                                                      |                                              CBufFIFOrd_logic_HD758 |         Static |            - |         33 |         33 |       0 |    0 |    36 |      0 |      0 |    0 |          0 |
|                 gras.gpe.rdpe                                                                               |                                              CBufFIFOrd_pe_as_HD759 |         Static |            - |          3 |          3 |       0 |    0 |    12 |      0 |      0 |    0 |          0 |
|                 gras.rsts                                                                                   |                                    CBufFIFOrd_status_flags_as_HD760 |         Static |            - |          2 |          2 |       0 |    0 |     2 |      0 |      0 |    0 |          0 |
|                   (gras.rsts)                                                                               |                                    CBufFIFOrd_status_flags_as_HD760 |         Static |            - |          1 |          1 |       0 |    0 |     2 |      0 |      0 |    0 |          0 |
|                   c0                                                                                        |                                             CBufFIFOcompare_1_HD761 |         Static |            - |          1 |          1 |       0 |    0 |     0 |      0 |      0 |    0 |          0 |
|                   c1                                                                                        |                                             CBufFIFOcompare_2_HD762 |         Static |            - |          0 |          0 |       0 |    0 |     0 |      0 |      0 |    0 |          0 |
|                 rpntr                                                                                       |                                           CBufFIFOrd_bin_cntr_HD763 |         Static |            - |         28 |         28 |       0 |    0 |    22 |      0 |      0 |    0 |          0 |
|               gntv_or_sync_fifo.gl0.wr                                                                      |                                              CBufFIFOwr_logic_HD764 |         Static |            - |         15 |         15 |       0 |    0 |    39 |      0 |      0 |    0 |          0 |
|                 gwas.gpf.wrpf                                                                               |                                              CBufFIFOwr_pf_as_HD765 |         Static |            - |          1 |          1 |       0 |    0 |     3 |      0 |      0 |    0 |          0 |
|                 gwas.wsts                                                                                   |                                    CBufFIFOwr_status_flags_as_HD766 |         Static |            - |          3 |          3 |       0 |    0 |     2 |      0 |      0 |    0 |          0 |
|                   (gwas.wsts)                                                                               |                                    CBufFIFOwr_status_flags_as_HD766 |         Static |            - |          2 |          2 |       0 |    0 |     2 |      0 |      0 |    0 |          0 |
|                   c1                                                                                        |                                               CBufFIFOcompare_HD767 |         Static |            - |          0 |          0 |       0 |    0 |     0 |      0 |      0 |    0 |          0 |
|                   c2                                                                                        |                                             CBufFIFOcompare_0_HD768 |         Static |            - |          1 |          1 |       0 |    0 |     0 |      0 |      0 |    0 |          0 |
|                 gwhf.whf                                                                                    |                                  CBufFIFOwr_handshaking_flags_HD769 |         Static |            - |          0 |          0 |       0 |    0 |     1 |      0 |      0 |    0 |          0 |
|                 wpntr                                                                                       |                                           CBufFIFOwr_bin_cntr_HD770 |         Static |            - |         11 |         11 |       0 |    0 |    33 |      0 |      0 |    0 |          0 |
|               gntv_or_sync_fifo.mem                                                                         |                                                CBufFIFOmemory_HD771 |         Static |            - |          6 |          4 |       0 |    2 |    10 |      9 |      0 |    0 |          0 |
|                 gbm.gbmg.gbmga.ngecc.bmg                                                                    |                                    CBufFIFOblk_mem_gen_v8_4_5_HD772 |         Static |            - |          6 |          4 |       0 |    2 |    10 |      9 |      0 |    0 |          0 |
|                   inst_blk_mem_gen                                                                          |                              CBufFIFOblk_mem_gen_v8_4_5_synth_HD773 |         Static |            - |          6 |          4 |       0 |    2 |    10 |      9 |      0 |    0 |          0 |
|                     gnbram.gnativebmg.native_blk_mem_gen                                                    |                                       CBufFIFOblk_mem_gen_top_HD774 |         Static |            - |          6 |          4 |       0 |    2 |    10 |      9 |      0 |    0 |          0 |
|                       valid.cstr                                                                            |                              CBufFIFOblk_mem_gen_generic_cstr_HD775 |         Static |            - |          6 |          4 |       0 |    2 |    10 |      9 |      0 |    0 |          0 |
|                         ramloop[0].ram.r                                                                    |                                CBufFIFOblk_mem_gen_prim_width_HD776 |         Static |            - |          0 |          0 |       0 |    0 |     0 |      1 |      0 |    0 |          0 |
|                           prim_noinit.ram                                                                   |                              CBufFIFOblk_mem_gen_prim_wrapper_HD777 |         Static |            - |          0 |          0 |       0 |    0 |     0 |      1 |      0 |    0 |          0 |
|                         ramloop[1].ram.r                                                                    |                CBufFIFOblk_mem_gen_prim_width__parameterized0_HD778 |         Static |            - |          0 |          0 |       0 |    0 |     0 |      1 |      0 |    0 |          0 |
|                           prim_noinit.ram                                                                   |              CBufFIFOblk_mem_gen_prim_wrapper__parameterized0_HD779 |         Static |            - |          0 |          0 |       0 |    0 |     0 |      1 |      0 |    0 |          0 |
|                         ramloop[2].ram.r                                                                    |                CBufFIFOblk_mem_gen_prim_width__parameterized1_HD780 |         Static |            - |          0 |          0 |       0 |    0 |     0 |      1 |      0 |    0 |          0 |
|                           prim_noinit.ram                                                                   |              CBufFIFOblk_mem_gen_prim_wrapper__parameterized1_HD781 |         Static |            - |          0 |          0 |       0 |    0 |     0 |      1 |      0 |    0 |          0 |
|                         ramloop[3].ram.r                                                                    |                CBufFIFOblk_mem_gen_prim_width__parameterized2_HD782 |         Static |            - |          0 |          0 |       0 |    0 |     0 |      1 |      0 |    0 |          0 |
|                           prim_noinit.ram                                                                   |              CBufFIFOblk_mem_gen_prim_wrapper__parameterized2_HD783 |         Static |            - |          0 |          0 |       0 |    0 |     0 |      1 |      0 |    0 |          0 |
|                         ramloop[4].ram.r                                                                    |                CBufFIFOblk_mem_gen_prim_width__parameterized3_HD784 |         Static |            - |          0 |          0 |       0 |    0 |     0 |      1 |      0 |    0 |          0 |
|                           prim_noinit.ram                                                                   |              CBufFIFOblk_mem_gen_prim_wrapper__parameterized3_HD785 |         Static |            - |          0 |          0 |       0 |    0 |     0 |      1 |      0 |    0 |          0 |
|                         ramloop[5].ram.r                                                                    |                CBufFIFOblk_mem_gen_prim_width__parameterized4_HD786 |         Static |            - |          0 |          0 |       0 |    0 |     0 |      1 |      0 |    0 |          0 |
|                           prim_noinit.ram                                                                   |              CBufFIFOblk_mem_gen_prim_wrapper__parameterized4_HD787 |         Static |            - |          0 |          0 |       0 |    0 |     0 |      1 |      0 |    0 |          0 |
|                         ramloop[6].ram.r                                                                    |                CBufFIFOblk_mem_gen_prim_width__parameterized5_HD788 |         Static |            - |          0 |          0 |       0 |    0 |     0 |      1 |      0 |    0 |          0 |
|                           prim_noinit.ram                                                                   |              CBufFIFOblk_mem_gen_prim_wrapper__parameterized5_HD789 |         Static |            - |          0 |          0 |       0 |    0 |     0 |      1 |      0 |    0 |          0 |
|                         ramloop[7].ram.r                                                                    |                CBufFIFOblk_mem_gen_prim_width__parameterized6_HD790 |         Static |            - |          0 |          0 |       0 |    0 |     0 |      1 |      0 |    0 |          0 |
|                           prim_noinit.ram                                                                   |              CBufFIFOblk_mem_gen_prim_wrapper__parameterized6_HD791 |         Static |            - |          0 |          0 |       0 |    0 |     0 |      1 |      0 |    0 |          0 |
|                         ramloop[8].ram.r                                                                    |                CBufFIFOblk_mem_gen_prim_width__parameterized7_HD792 |         Static |            - |          0 |          0 |       0 |    0 |     0 |      1 |      0 |    0 |          0 |
|                           prim_noinit.ram                                                                   |              CBufFIFOblk_mem_gen_prim_wrapper__parameterized7_HD793 |         Static |            - |          0 |          0 |       0 |    0 |     0 |      1 |      0 |    0 |          0 |
|                         ramloop[9].ram.r                                                                    |                CBufFIFOblk_mem_gen_prim_width__parameterized8_HD794 |         Static |            - |          6 |          4 |       0 |    2 |    10 |      0 |      0 |    0 |          0 |
|                           (ramloop[9].ram.r)                                                                |                CBufFIFOblk_mem_gen_prim_width__parameterized8_HD794 |         Static |            - |          4 |          2 |       0 |    2 |    10 |      0 |      0 |    0 |          0 |
|                           prim_noinit.ram                                                                   |              CBufFIFOblk_mem_gen_prim_wrapper__parameterized8_HD795 |         Static |            - |          2 |          2 |       0 |    0 |     0 |      0 |      0 |    0 |          0 |
|               rstblk                                                                                        |                                     CBufFIFOreset_blk_ramfifo_HD796 |         Static |            - |          6 |          6 |       0 |    0 |    32 |      0 |      0 |    0 |          0 |
|                 (rstblk)                                                                                    |                                     CBufFIFOreset_blk_ramfifo_HD796 |         Static |            - |          6 |          6 |       0 |    0 |    12 |      0 |      0 |    0 |          0 |
|                 ngwrdrst.grst.g7serrst.gsckt_wrst.gic_rst.xpm_cdc_single_inst_rrst_wr                       |                                        CBufFIFOxpm_cdc_single_HD797 |         Static |            - |          0 |          0 |       0 |    0 |     5 |      0 |      0 |    0 |          0 |
|                 ngwrdrst.grst.g7serrst.gsckt_wrst.gic_rst.xpm_cdc_single_inst_wrst_rd                       |                                     CBufFIFOxpm_cdc_single__2_HD798 |         Static |            - |          0 |          0 |       0 |    0 |     5 |      0 |      0 |    0 |          0 |
|                 ngwrdrst.grst.g7serrst.gsckt_wrst.gic_rst.xpm_cdc_sync_rst_inst_wrst                        |                                      CBufFIFOxpm_cdc_sync_rst_HD799 |         Static |            - |          0 |          0 |       0 |    0 |     5 |      0 |      0 |    0 |          0 |
|                 ngwrdrst.grst.g7serrst.gsckt_wrst.xpm_cdc_sync_rst_inst_wrst                                |                                   CBufFIFOxpm_cdc_sync_rst__2_HD800 |         Static |            - |          0 |          0 |       0 |    0 |     5 |      0 |      0 |    0 |          0 |
|     FSM                                                                                                     |                                                         CBufFSM__23 |         Static |            - |        664 |        664 |       0 |    0 |   741 |      0 |      0 |    0 |          0 |
|     MAXI                                                                                                    |                                                   CBufAXIMaster__23 |         Static |            - |         19 |         19 |       0 |    0 |    43 |      0 |      0 |    0 |          0 |
|   CBUFS[6].CBUF                                                                                             |                                                   ChannelBuffer__24 |         Static |            - |        813 |        811 |       0 |    2 |  1147 |      9 |      0 |    0 |          0 |
|     (CBUFS[6].CBUF)                                                                                         |                                                   ChannelBuffer__24 |         Static |            - |         10 |         10 |       0 |    0 |   158 |      0 |      0 |    0 |          0 |
|     FIFO                                                                                                    |                                                      CBufFIFO_HD801 |         Static |            - |        113 |        111 |       0 |    2 |   205 |      9 |      0 |    0 |          0 |
|       U0                                                                                                    |                                CBufFIFOfifo_generator_v13_2_7_HD802 |         Static |            - |        113 |        111 |       0 |    2 |   205 |      9 |      0 |    0 |          0 |
|         inst_fifo_gen                                                                                       |                          CBufFIFOfifo_generator_v13_2_7_synth_HD803 |         Static |            - |        113 |        111 |       0 |    2 |   205 |      9 |      0 |    0 |          0 |
|           gconvfifo.rf                                                                                      |                                    CBufFIFOfifo_generator_top_HD804 |         Static |            - |        113 |        111 |       0 |    2 |   205 |      9 |      0 |    0 |          0 |
|             grf.rf                                                                                          |                                CBufFIFOfifo_generator_ramfifo_HD805 |         Static |            - |        113 |        111 |       0 |    2 |   205 |      9 |      0 |    0 |          0 |
|               gntv_or_sync_fifo.gcx.clkx                                                                    |                                           CBufFIFOclk_x_pntrs_HD806 |         Static |            - |         53 |         53 |       0 |    0 |    88 |      0 |      0 |    0 |          0 |
|                 (gntv_or_sync_fifo.gcx.clkx)                                                                |                                           CBufFIFOclk_x_pntrs_HD806 |         Static |            - |         23 |         23 |       0 |    0 |     0 |      0 |      0 |    0 |          0 |
|                 rd_pntr_cdc_inst                                                                            |                                          CBufFIFOxpm_cdc_gray_HD807 |         Static |            - |         15 |         15 |       0 |    0 |    44 |      0 |      0 |    0 |          0 |
|                 wr_pntr_cdc_inst                                                                            |                                       CBufFIFOxpm_cdc_gray__2_HD808 |         Static |            - |         15 |         15 |       0 |    0 |    44 |      0 |      0 |    0 |          0 |
|               gntv_or_sync_fifo.gl0.rd                                                                      |                                              CBufFIFOrd_logic_HD809 |         Static |            - |         33 |         33 |       0 |    0 |    36 |      0 |      0 |    0 |          0 |
|                 gras.gpe.rdpe                                                                               |                                              CBufFIFOrd_pe_as_HD810 |         Static |            - |          3 |          3 |       0 |    0 |    12 |      0 |      0 |    0 |          0 |
|                 gras.rsts                                                                                   |                                    CBufFIFOrd_status_flags_as_HD811 |         Static |            - |          2 |          2 |       0 |    0 |     2 |      0 |      0 |    0 |          0 |
|                   (gras.rsts)                                                                               |                                    CBufFIFOrd_status_flags_as_HD811 |         Static |            - |          1 |          1 |       0 |    0 |     2 |      0 |      0 |    0 |          0 |
|                   c0                                                                                        |                                             CBufFIFOcompare_1_HD812 |         Static |            - |          1 |          1 |       0 |    0 |     0 |      0 |      0 |    0 |          0 |
|                   c1                                                                                        |                                             CBufFIFOcompare_2_HD813 |         Static |            - |          0 |          0 |       0 |    0 |     0 |      0 |      0 |    0 |          0 |
|                 rpntr                                                                                       |                                           CBufFIFOrd_bin_cntr_HD814 |         Static |            - |         28 |         28 |       0 |    0 |    22 |      0 |      0 |    0 |          0 |
|               gntv_or_sync_fifo.gl0.wr                                                                      |                                              CBufFIFOwr_logic_HD815 |         Static |            - |         15 |         15 |       0 |    0 |    39 |      0 |      0 |    0 |          0 |
|                 gwas.gpf.wrpf                                                                               |                                              CBufFIFOwr_pf_as_HD816 |         Static |            - |          1 |          1 |       0 |    0 |     3 |      0 |      0 |    0 |          0 |
|                 gwas.wsts                                                                                   |                                    CBufFIFOwr_status_flags_as_HD817 |         Static |            - |          3 |          3 |       0 |    0 |     2 |      0 |      0 |    0 |          0 |
|                   (gwas.wsts)                                                                               |                                    CBufFIFOwr_status_flags_as_HD817 |         Static |            - |          2 |          2 |       0 |    0 |     2 |      0 |      0 |    0 |          0 |
|                   c1                                                                                        |                                               CBufFIFOcompare_HD818 |         Static |            - |          0 |          0 |       0 |    0 |     0 |      0 |      0 |    0 |          0 |
|                   c2                                                                                        |                                             CBufFIFOcompare_0_HD819 |         Static |            - |          1 |          1 |       0 |    0 |     0 |      0 |      0 |    0 |          0 |
|                 gwhf.whf                                                                                    |                                  CBufFIFOwr_handshaking_flags_HD820 |         Static |            - |          0 |          0 |       0 |    0 |     1 |      0 |      0 |    0 |          0 |
|                 wpntr                                                                                       |                                           CBufFIFOwr_bin_cntr_HD821 |         Static |            - |         11 |         11 |       0 |    0 |    33 |      0 |      0 |    0 |          0 |
|               gntv_or_sync_fifo.mem                                                                         |                                                CBufFIFOmemory_HD822 |         Static |            - |          6 |          4 |       0 |    2 |    10 |      9 |      0 |    0 |          0 |
|                 gbm.gbmg.gbmga.ngecc.bmg                                                                    |                                    CBufFIFOblk_mem_gen_v8_4_5_HD823 |         Static |            - |          6 |          4 |       0 |    2 |    10 |      9 |      0 |    0 |          0 |
|                   inst_blk_mem_gen                                                                          |                              CBufFIFOblk_mem_gen_v8_4_5_synth_HD824 |         Static |            - |          6 |          4 |       0 |    2 |    10 |      9 |      0 |    0 |          0 |
|                     gnbram.gnativebmg.native_blk_mem_gen                                                    |                                       CBufFIFOblk_mem_gen_top_HD825 |         Static |            - |          6 |          4 |       0 |    2 |    10 |      9 |      0 |    0 |          0 |
|                       valid.cstr                                                                            |                              CBufFIFOblk_mem_gen_generic_cstr_HD826 |         Static |            - |          6 |          4 |       0 |    2 |    10 |      9 |      0 |    0 |          0 |
|                         ramloop[0].ram.r                                                                    |                                CBufFIFOblk_mem_gen_prim_width_HD827 |         Static |            - |          0 |          0 |       0 |    0 |     0 |      1 |      0 |    0 |          0 |
|                           prim_noinit.ram                                                                   |                              CBufFIFOblk_mem_gen_prim_wrapper_HD828 |         Static |            - |          0 |          0 |       0 |    0 |     0 |      1 |      0 |    0 |          0 |
|                         ramloop[1].ram.r                                                                    |                CBufFIFOblk_mem_gen_prim_width__parameterized0_HD829 |         Static |            - |          0 |          0 |       0 |    0 |     0 |      1 |      0 |    0 |          0 |
|                           prim_noinit.ram                                                                   |              CBufFIFOblk_mem_gen_prim_wrapper__parameterized0_HD830 |         Static |            - |          0 |          0 |       0 |    0 |     0 |      1 |      0 |    0 |          0 |
|                         ramloop[2].ram.r                                                                    |                CBufFIFOblk_mem_gen_prim_width__parameterized1_HD831 |         Static |            - |          0 |          0 |       0 |    0 |     0 |      1 |      0 |    0 |          0 |
|                           prim_noinit.ram                                                                   |              CBufFIFOblk_mem_gen_prim_wrapper__parameterized1_HD832 |         Static |            - |          0 |          0 |       0 |    0 |     0 |      1 |      0 |    0 |          0 |
|                         ramloop[3].ram.r                                                                    |                CBufFIFOblk_mem_gen_prim_width__parameterized2_HD833 |         Static |            - |          0 |          0 |       0 |    0 |     0 |      1 |      0 |    0 |          0 |
|                           prim_noinit.ram                                                                   |              CBufFIFOblk_mem_gen_prim_wrapper__parameterized2_HD834 |         Static |            - |          0 |          0 |       0 |    0 |     0 |      1 |      0 |    0 |          0 |
|                         ramloop[4].ram.r                                                                    |                CBufFIFOblk_mem_gen_prim_width__parameterized3_HD835 |         Static |            - |          0 |          0 |       0 |    0 |     0 |      1 |      0 |    0 |          0 |
|                           prim_noinit.ram                                                                   |              CBufFIFOblk_mem_gen_prim_wrapper__parameterized3_HD836 |         Static |            - |          0 |          0 |       0 |    0 |     0 |      1 |      0 |    0 |          0 |
|                         ramloop[5].ram.r                                                                    |                CBufFIFOblk_mem_gen_prim_width__parameterized4_HD837 |         Static |            - |          0 |          0 |       0 |    0 |     0 |      1 |      0 |    0 |          0 |
|                           prim_noinit.ram                                                                   |              CBufFIFOblk_mem_gen_prim_wrapper__parameterized4_HD838 |         Static |            - |          0 |          0 |       0 |    0 |     0 |      1 |      0 |    0 |          0 |
|                         ramloop[6].ram.r                                                                    |                CBufFIFOblk_mem_gen_prim_width__parameterized5_HD839 |         Static |            - |          0 |          0 |       0 |    0 |     0 |      1 |      0 |    0 |          0 |
|                           prim_noinit.ram                                                                   |              CBufFIFOblk_mem_gen_prim_wrapper__parameterized5_HD840 |         Static |            - |          0 |          0 |       0 |    0 |     0 |      1 |      0 |    0 |          0 |
|                         ramloop[7].ram.r                                                                    |                CBufFIFOblk_mem_gen_prim_width__parameterized6_HD841 |         Static |            - |          0 |          0 |       0 |    0 |     0 |      1 |      0 |    0 |          0 |
|                           prim_noinit.ram                                                                   |              CBufFIFOblk_mem_gen_prim_wrapper__parameterized6_HD842 |         Static |            - |          0 |          0 |       0 |    0 |     0 |      1 |      0 |    0 |          0 |
|                         ramloop[8].ram.r                                                                    |                CBufFIFOblk_mem_gen_prim_width__parameterized7_HD843 |         Static |            - |          0 |          0 |       0 |    0 |     0 |      1 |      0 |    0 |          0 |
|                           prim_noinit.ram                                                                   |              CBufFIFOblk_mem_gen_prim_wrapper__parameterized7_HD844 |         Static |            - |          0 |          0 |       0 |    0 |     0 |      1 |      0 |    0 |          0 |
|                         ramloop[9].ram.r                                                                    |                CBufFIFOblk_mem_gen_prim_width__parameterized8_HD845 |         Static |            - |          6 |          4 |       0 |    2 |    10 |      0 |      0 |    0 |          0 |
|                           (ramloop[9].ram.r)                                                                |                CBufFIFOblk_mem_gen_prim_width__parameterized8_HD845 |         Static |            - |          4 |          2 |       0 |    2 |    10 |      0 |      0 |    0 |          0 |
|                           prim_noinit.ram                                                                   |              CBufFIFOblk_mem_gen_prim_wrapper__parameterized8_HD846 |         Static |            - |          2 |          2 |       0 |    0 |     0 |      0 |      0 |    0 |          0 |
|               rstblk                                                                                        |                                     CBufFIFOreset_blk_ramfifo_HD847 |         Static |            - |          6 |          6 |       0 |    0 |    32 |      0 |      0 |    0 |          0 |
|                 (rstblk)                                                                                    |                                     CBufFIFOreset_blk_ramfifo_HD847 |         Static |            - |          6 |          6 |       0 |    0 |    12 |      0 |      0 |    0 |          0 |
|                 ngwrdrst.grst.g7serrst.gsckt_wrst.gic_rst.xpm_cdc_single_inst_rrst_wr                       |                                        CBufFIFOxpm_cdc_single_HD848 |         Static |            - |          0 |          0 |       0 |    0 |     5 |      0 |      0 |    0 |          0 |
|                 ngwrdrst.grst.g7serrst.gsckt_wrst.gic_rst.xpm_cdc_single_inst_wrst_rd                       |                                     CBufFIFOxpm_cdc_single__2_HD849 |         Static |            - |          0 |          0 |       0 |    0 |     5 |      0 |      0 |    0 |          0 |
|                 ngwrdrst.grst.g7serrst.gsckt_wrst.gic_rst.xpm_cdc_sync_rst_inst_wrst                        |                                      CBufFIFOxpm_cdc_sync_rst_HD850 |         Static |            - |          0 |          0 |       0 |    0 |     5 |      0 |      0 |    0 |          0 |
|                 ngwrdrst.grst.g7serrst.gsckt_wrst.xpm_cdc_sync_rst_inst_wrst                                |                                   CBufFIFOxpm_cdc_sync_rst__2_HD851 |         Static |            - |          0 |          0 |       0 |    0 |     5 |      0 |      0 |    0 |          0 |
|     FSM                                                                                                     |                                                         CBufFSM__24 |         Static |            - |        670 |        670 |       0 |    0 |   741 |      0 |      0 |    0 |          0 |
|     MAXI                                                                                                    |                                                   CBufAXIMaster__24 |         Static |            - |         20 |         20 |       0 |    0 |    43 |      0 |      0 |    0 |          0 |
|   CBUFS[7].CBUF                                                                                             |                                                   ChannelBuffer__25 |         Static |            - |        809 |        807 |       0 |    2 |  1147 |      9 |      0 |    0 |          0 |
|     (CBUFS[7].CBUF)                                                                                         |                                                   ChannelBuffer__25 |         Static |            - |         10 |         10 |       0 |    0 |   158 |      0 |      0 |    0 |          0 |
|     FIFO                                                                                                    |                                                      CBufFIFO_HD852 |         Static |            - |        112 |        110 |       0 |    2 |   205 |      9 |      0 |    0 |          0 |
|       U0                                                                                                    |                                CBufFIFOfifo_generator_v13_2_7_HD853 |         Static |            - |        112 |        110 |       0 |    2 |   205 |      9 |      0 |    0 |          0 |
|         inst_fifo_gen                                                                                       |                          CBufFIFOfifo_generator_v13_2_7_synth_HD854 |         Static |            - |        112 |        110 |       0 |    2 |   205 |      9 |      0 |    0 |          0 |
|           gconvfifo.rf                                                                                      |                                    CBufFIFOfifo_generator_top_HD855 |         Static |            - |        112 |        110 |       0 |    2 |   205 |      9 |      0 |    0 |          0 |
|             grf.rf                                                                                          |                                CBufFIFOfifo_generator_ramfifo_HD856 |         Static |            - |        112 |        110 |       0 |    2 |   205 |      9 |      0 |    0 |          0 |
|               gntv_or_sync_fifo.gcx.clkx                                                                    |                                           CBufFIFOclk_x_pntrs_HD857 |         Static |            - |         53 |         53 |       0 |    0 |    88 |      0 |      0 |    0 |          0 |
|                 (gntv_or_sync_fifo.gcx.clkx)                                                                |                                           CBufFIFOclk_x_pntrs_HD857 |         Static |            - |         23 |         23 |       0 |    0 |     0 |      0 |      0 |    0 |          0 |
|                 rd_pntr_cdc_inst                                                                            |                                          CBufFIFOxpm_cdc_gray_HD858 |         Static |            - |         15 |         15 |       0 |    0 |    44 |      0 |      0 |    0 |          0 |
|                 wr_pntr_cdc_inst                                                                            |                                       CBufFIFOxpm_cdc_gray__2_HD859 |         Static |            - |         15 |         15 |       0 |    0 |    44 |      0 |      0 |    0 |          0 |
|               gntv_or_sync_fifo.gl0.rd                                                                      |                                              CBufFIFOrd_logic_HD860 |         Static |            - |         33 |         33 |       0 |    0 |    36 |      0 |      0 |    0 |          0 |
|                 gras.gpe.rdpe                                                                               |                                              CBufFIFOrd_pe_as_HD861 |         Static |            - |          3 |          3 |       0 |    0 |    12 |      0 |      0 |    0 |          0 |
|                 gras.rsts                                                                                   |                                    CBufFIFOrd_status_flags_as_HD862 |         Static |            - |          2 |          2 |       0 |    0 |     2 |      0 |      0 |    0 |          0 |
|                   (gras.rsts)                                                                               |                                    CBufFIFOrd_status_flags_as_HD862 |         Static |            - |          1 |          1 |       0 |    0 |     2 |      0 |      0 |    0 |          0 |
|                   c0                                                                                        |                                             CBufFIFOcompare_1_HD863 |         Static |            - |          1 |          1 |       0 |    0 |     0 |      0 |      0 |    0 |          0 |
|                   c1                                                                                        |                                             CBufFIFOcompare_2_HD864 |         Static |            - |          0 |          0 |       0 |    0 |     0 |      0 |      0 |    0 |          0 |
|                 rpntr                                                                                       |                                           CBufFIFOrd_bin_cntr_HD865 |         Static |            - |         28 |         28 |       0 |    0 |    22 |      0 |      0 |    0 |          0 |
|               gntv_or_sync_fifo.gl0.wr                                                                      |                                              CBufFIFOwr_logic_HD866 |         Static |            - |         15 |         15 |       0 |    0 |    39 |      0 |      0 |    0 |          0 |
|                 gwas.gpf.wrpf                                                                               |                                              CBufFIFOwr_pf_as_HD867 |         Static |            - |          1 |          1 |       0 |    0 |     3 |      0 |      0 |    0 |          0 |
|                 gwas.wsts                                                                                   |                                    CBufFIFOwr_status_flags_as_HD868 |         Static |            - |          3 |          3 |       0 |    0 |     2 |      0 |      0 |    0 |          0 |
|                   (gwas.wsts)                                                                               |                                    CBufFIFOwr_status_flags_as_HD868 |         Static |            - |          2 |          2 |       0 |    0 |     2 |      0 |      0 |    0 |          0 |
|                   c1                                                                                        |                                               CBufFIFOcompare_HD869 |         Static |            - |          0 |          0 |       0 |    0 |     0 |      0 |      0 |    0 |          0 |
|                   c2                                                                                        |                                             CBufFIFOcompare_0_HD870 |         Static |            - |          1 |          1 |       0 |    0 |     0 |      0 |      0 |    0 |          0 |
|                 gwhf.whf                                                                                    |                                  CBufFIFOwr_handshaking_flags_HD871 |         Static |            - |          0 |          0 |       0 |    0 |     1 |      0 |      0 |    0 |          0 |
|                 wpntr                                                                                       |                                           CBufFIFOwr_bin_cntr_HD872 |         Static |            - |         11 |         11 |       0 |    0 |    33 |      0 |      0 |    0 |          0 |
|               gntv_or_sync_fifo.mem                                                                         |                                                CBufFIFOmemory_HD873 |         Static |            - |          6 |          4 |       0 |    2 |    10 |      9 |      0 |    0 |          0 |
|                 gbm.gbmg.gbmga.ngecc.bmg                                                                    |                                    CBufFIFOblk_mem_gen_v8_4_5_HD874 |         Static |            - |          6 |          4 |       0 |    2 |    10 |      9 |      0 |    0 |          0 |
|                   inst_blk_mem_gen                                                                          |                              CBufFIFOblk_mem_gen_v8_4_5_synth_HD875 |         Static |            - |          6 |          4 |       0 |    2 |    10 |      9 |      0 |    0 |          0 |
|                     gnbram.gnativebmg.native_blk_mem_gen                                                    |                                       CBufFIFOblk_mem_gen_top_HD876 |         Static |            - |          6 |          4 |       0 |    2 |    10 |      9 |      0 |    0 |          0 |
|                       valid.cstr                                                                            |                              CBufFIFOblk_mem_gen_generic_cstr_HD877 |         Static |            - |          6 |          4 |       0 |    2 |    10 |      9 |      0 |    0 |          0 |
|                         ramloop[0].ram.r                                                                    |                                CBufFIFOblk_mem_gen_prim_width_HD878 |         Static |            - |          0 |          0 |       0 |    0 |     0 |      1 |      0 |    0 |          0 |
|                           prim_noinit.ram                                                                   |                              CBufFIFOblk_mem_gen_prim_wrapper_HD879 |         Static |            - |          0 |          0 |       0 |    0 |     0 |      1 |      0 |    0 |          0 |
|                         ramloop[1].ram.r                                                                    |                CBufFIFOblk_mem_gen_prim_width__parameterized0_HD880 |         Static |            - |          0 |          0 |       0 |    0 |     0 |      1 |      0 |    0 |          0 |
|                           prim_noinit.ram                                                                   |              CBufFIFOblk_mem_gen_prim_wrapper__parameterized0_HD881 |         Static |            - |          0 |          0 |       0 |    0 |     0 |      1 |      0 |    0 |          0 |
|                         ramloop[2].ram.r                                                                    |                CBufFIFOblk_mem_gen_prim_width__parameterized1_HD882 |         Static |            - |          0 |          0 |       0 |    0 |     0 |      1 |      0 |    0 |          0 |
|                           prim_noinit.ram                                                                   |              CBufFIFOblk_mem_gen_prim_wrapper__parameterized1_HD883 |         Static |            - |          0 |          0 |       0 |    0 |     0 |      1 |      0 |    0 |          0 |
|                         ramloop[3].ram.r                                                                    |                CBufFIFOblk_mem_gen_prim_width__parameterized2_HD884 |         Static |            - |          0 |          0 |       0 |    0 |     0 |      1 |      0 |    0 |          0 |
|                           prim_noinit.ram                                                                   |              CBufFIFOblk_mem_gen_prim_wrapper__parameterized2_HD885 |         Static |            - |          0 |          0 |       0 |    0 |     0 |      1 |      0 |    0 |          0 |
|                         ramloop[4].ram.r                                                                    |                CBufFIFOblk_mem_gen_prim_width__parameterized3_HD886 |         Static |            - |          0 |          0 |       0 |    0 |     0 |      1 |      0 |    0 |          0 |
|                           prim_noinit.ram                                                                   |              CBufFIFOblk_mem_gen_prim_wrapper__parameterized3_HD887 |         Static |            - |          0 |          0 |       0 |    0 |     0 |      1 |      0 |    0 |          0 |
|                         ramloop[5].ram.r                                                                    |                CBufFIFOblk_mem_gen_prim_width__parameterized4_HD888 |         Static |            - |          0 |          0 |       0 |    0 |     0 |      1 |      0 |    0 |          0 |
|                           prim_noinit.ram                                                                   |              CBufFIFOblk_mem_gen_prim_wrapper__parameterized4_HD889 |         Static |            - |          0 |          0 |       0 |    0 |     0 |      1 |      0 |    0 |          0 |
|                         ramloop[6].ram.r                                                                    |                CBufFIFOblk_mem_gen_prim_width__parameterized5_HD890 |         Static |            - |          0 |          0 |       0 |    0 |     0 |      1 |      0 |    0 |          0 |
|                           prim_noinit.ram                                                                   |              CBufFIFOblk_mem_gen_prim_wrapper__parameterized5_HD891 |         Static |            - |          0 |          0 |       0 |    0 |     0 |      1 |      0 |    0 |          0 |
|                         ramloop[7].ram.r                                                                    |                CBufFIFOblk_mem_gen_prim_width__parameterized6_HD892 |         Static |            - |          0 |          0 |       0 |    0 |     0 |      1 |      0 |    0 |          0 |
|                           prim_noinit.ram                                                                   |              CBufFIFOblk_mem_gen_prim_wrapper__parameterized6_HD893 |         Static |            - |          0 |          0 |       0 |    0 |     0 |      1 |      0 |    0 |          0 |
|                         ramloop[8].ram.r                                                                    |                CBufFIFOblk_mem_gen_prim_width__parameterized7_HD894 |         Static |            - |          0 |          0 |       0 |    0 |     0 |      1 |      0 |    0 |          0 |
|                           prim_noinit.ram                                                                   |              CBufFIFOblk_mem_gen_prim_wrapper__parameterized7_HD895 |         Static |            - |          0 |          0 |       0 |    0 |     0 |      1 |      0 |    0 |          0 |
|                         ramloop[9].ram.r                                                                    |                CBufFIFOblk_mem_gen_prim_width__parameterized8_HD896 |         Static |            - |          6 |          4 |       0 |    2 |    10 |      0 |      0 |    0 |          0 |
|                           (ramloop[9].ram.r)                                                                |                CBufFIFOblk_mem_gen_prim_width__parameterized8_HD896 |         Static |            - |          4 |          2 |       0 |    2 |    10 |      0 |      0 |    0 |          0 |
|                           prim_noinit.ram                                                                   |              CBufFIFOblk_mem_gen_prim_wrapper__parameterized8_HD897 |         Static |            - |          2 |          2 |       0 |    0 |     0 |      0 |      0 |    0 |          0 |
|               rstblk                                                                                        |                                     CBufFIFOreset_blk_ramfifo_HD898 |         Static |            - |          6 |          6 |       0 |    0 |    32 |      0 |      0 |    0 |          0 |
|                 (rstblk)                                                                                    |                                     CBufFIFOreset_blk_ramfifo_HD898 |         Static |            - |          6 |          6 |       0 |    0 |    12 |      0 |      0 |    0 |          0 |
|                 ngwrdrst.grst.g7serrst.gsckt_wrst.gic_rst.xpm_cdc_single_inst_rrst_wr                       |                                        CBufFIFOxpm_cdc_single_HD899 |         Static |            - |          0 |          0 |       0 |    0 |     5 |      0 |      0 |    0 |          0 |
|                 ngwrdrst.grst.g7serrst.gsckt_wrst.gic_rst.xpm_cdc_single_inst_wrst_rd                       |                                     CBufFIFOxpm_cdc_single__2_HD900 |         Static |            - |          0 |          0 |       0 |    0 |     5 |      0 |      0 |    0 |          0 |
|                 ngwrdrst.grst.g7serrst.gsckt_wrst.gic_rst.xpm_cdc_sync_rst_inst_wrst                        |                                      CBufFIFOxpm_cdc_sync_rst_HD901 |         Static |            - |          0 |          0 |       0 |    0 |     5 |      0 |      0 |    0 |          0 |
|                 ngwrdrst.grst.g7serrst.gsckt_wrst.xpm_cdc_sync_rst_inst_wrst                                |                                   CBufFIFOxpm_cdc_sync_rst__2_HD902 |         Static |            - |          0 |          0 |       0 |    0 |     5 |      0 |      0 |    0 |          0 |
|     FSM                                                                                                     |                                                         CBufFSM__25 |         Static |            - |        669 |        669 |       0 |    0 |   741 |      0 |      0 |    0 |          0 |
|     MAXI                                                                                                    |                                                   CBufAXIMaster__25 |         Static |            - |         19 |         19 |       0 |    0 |    43 |      0 |      0 |    0 |          0 |
|   CBUFS[8].CBUF                                                                                             |                                                   ChannelBuffer__26 |         Static |            - |        802 |        800 |       0 |    2 |  1147 |      9 |      0 |    0 |          0 |
|     (CBUFS[8].CBUF)                                                                                         |                                                   ChannelBuffer__26 |         Static |            - |         10 |         10 |       0 |    0 |   158 |      0 |      0 |    0 |          0 |
|     FIFO                                                                                                    |                                                      CBufFIFO_HD903 |         Static |            - |        112 |        110 |       0 |    2 |   205 |      9 |      0 |    0 |          0 |
|       U0                                                                                                    |                                CBufFIFOfifo_generator_v13_2_7_HD904 |         Static |            - |        112 |        110 |       0 |    2 |   205 |      9 |      0 |    0 |          0 |
|         inst_fifo_gen                                                                                       |                          CBufFIFOfifo_generator_v13_2_7_synth_HD905 |         Static |            - |        112 |        110 |       0 |    2 |   205 |      9 |      0 |    0 |          0 |
|           gconvfifo.rf                                                                                      |                                    CBufFIFOfifo_generator_top_HD906 |         Static |            - |        112 |        110 |       0 |    2 |   205 |      9 |      0 |    0 |          0 |
|             grf.rf                                                                                          |                                CBufFIFOfifo_generator_ramfifo_HD907 |         Static |            - |        112 |        110 |       0 |    2 |   205 |      9 |      0 |    0 |          0 |
|               gntv_or_sync_fifo.gcx.clkx                                                                    |                                           CBufFIFOclk_x_pntrs_HD908 |         Static |            - |         53 |         53 |       0 |    0 |    88 |      0 |      0 |    0 |          0 |
|                 (gntv_or_sync_fifo.gcx.clkx)                                                                |                                           CBufFIFOclk_x_pntrs_HD908 |         Static |            - |         23 |         23 |       0 |    0 |     0 |      0 |      0 |    0 |          0 |
|                 rd_pntr_cdc_inst                                                                            |                                          CBufFIFOxpm_cdc_gray_HD909 |         Static |            - |         15 |         15 |       0 |    0 |    44 |      0 |      0 |    0 |          0 |
|                 wr_pntr_cdc_inst                                                                            |                                       CBufFIFOxpm_cdc_gray__2_HD910 |         Static |            - |         15 |         15 |       0 |    0 |    44 |      0 |      0 |    0 |          0 |
|               gntv_or_sync_fifo.gl0.rd                                                                      |                                              CBufFIFOrd_logic_HD911 |         Static |            - |         33 |         33 |       0 |    0 |    36 |      0 |      0 |    0 |          0 |
|                 gras.gpe.rdpe                                                                               |                                              CBufFIFOrd_pe_as_HD912 |         Static |            - |          3 |          3 |       0 |    0 |    12 |      0 |      0 |    0 |          0 |
|                 gras.rsts                                                                                   |                                    CBufFIFOrd_status_flags_as_HD913 |         Static |            - |          2 |          2 |       0 |    0 |     2 |      0 |      0 |    0 |          0 |
|                   (gras.rsts)                                                                               |                                    CBufFIFOrd_status_flags_as_HD913 |         Static |            - |          1 |          1 |       0 |    0 |     2 |      0 |      0 |    0 |          0 |
|                   c0                                                                                        |                                             CBufFIFOcompare_1_HD914 |         Static |            - |          1 |          1 |       0 |    0 |     0 |      0 |      0 |    0 |          0 |
|                   c1                                                                                        |                                             CBufFIFOcompare_2_HD915 |         Static |            - |          0 |          0 |       0 |    0 |     0 |      0 |      0 |    0 |          0 |
|                 rpntr                                                                                       |                                           CBufFIFOrd_bin_cntr_HD916 |         Static |            - |         28 |         28 |       0 |    0 |    22 |      0 |      0 |    0 |          0 |
|               gntv_or_sync_fifo.gl0.wr                                                                      |                                              CBufFIFOwr_logic_HD917 |         Static |            - |         15 |         15 |       0 |    0 |    39 |      0 |      0 |    0 |          0 |
|                 gwas.gpf.wrpf                                                                               |                                              CBufFIFOwr_pf_as_HD918 |         Static |            - |          1 |          1 |       0 |    0 |     3 |      0 |      0 |    0 |          0 |
|                 gwas.wsts                                                                                   |                                    CBufFIFOwr_status_flags_as_HD919 |         Static |            - |          3 |          3 |       0 |    0 |     2 |      0 |      0 |    0 |          0 |
|                   (gwas.wsts)                                                                               |                                    CBufFIFOwr_status_flags_as_HD919 |         Static |            - |          2 |          2 |       0 |    0 |     2 |      0 |      0 |    0 |          0 |
|                   c1                                                                                        |                                               CBufFIFOcompare_HD920 |         Static |            - |          0 |          0 |       0 |    0 |     0 |      0 |      0 |    0 |          0 |
|                   c2                                                                                        |                                             CBufFIFOcompare_0_HD921 |         Static |            - |          1 |          1 |       0 |    0 |     0 |      0 |      0 |    0 |          0 |
|                 gwhf.whf                                                                                    |                                  CBufFIFOwr_handshaking_flags_HD922 |         Static |            - |          0 |          0 |       0 |    0 |     1 |      0 |      0 |    0 |          0 |
|                 wpntr                                                                                       |                                           CBufFIFOwr_bin_cntr_HD923 |         Static |            - |         11 |         11 |       0 |    0 |    33 |      0 |      0 |    0 |          0 |
|               gntv_or_sync_fifo.mem                                                                         |                                                CBufFIFOmemory_HD924 |         Static |            - |          6 |          4 |       0 |    2 |    10 |      9 |      0 |    0 |          0 |
|                 gbm.gbmg.gbmga.ngecc.bmg                                                                    |                                    CBufFIFOblk_mem_gen_v8_4_5_HD925 |         Static |            - |          6 |          4 |       0 |    2 |    10 |      9 |      0 |    0 |          0 |
|                   inst_blk_mem_gen                                                                          |                              CBufFIFOblk_mem_gen_v8_4_5_synth_HD926 |         Static |            - |          6 |          4 |       0 |    2 |    10 |      9 |      0 |    0 |          0 |
|                     gnbram.gnativebmg.native_blk_mem_gen                                                    |                                       CBufFIFOblk_mem_gen_top_HD927 |         Static |            - |          6 |          4 |       0 |    2 |    10 |      9 |      0 |    0 |          0 |
|                       valid.cstr                                                                            |                              CBufFIFOblk_mem_gen_generic_cstr_HD928 |         Static |            - |          6 |          4 |       0 |    2 |    10 |      9 |      0 |    0 |          0 |
|                         ramloop[0].ram.r                                                                    |                                CBufFIFOblk_mem_gen_prim_width_HD929 |         Static |            - |          0 |          0 |       0 |    0 |     0 |      1 |      0 |    0 |          0 |
|                           prim_noinit.ram                                                                   |                              CBufFIFOblk_mem_gen_prim_wrapper_HD930 |         Static |            - |          0 |          0 |       0 |    0 |     0 |      1 |      0 |    0 |          0 |
|                         ramloop[1].ram.r                                                                    |                CBufFIFOblk_mem_gen_prim_width__parameterized0_HD931 |         Static |            - |          0 |          0 |       0 |    0 |     0 |      1 |      0 |    0 |          0 |
|                           prim_noinit.ram                                                                   |              CBufFIFOblk_mem_gen_prim_wrapper__parameterized0_HD932 |         Static |            - |          0 |          0 |       0 |    0 |     0 |      1 |      0 |    0 |          0 |
|                         ramloop[2].ram.r                                                                    |                CBufFIFOblk_mem_gen_prim_width__parameterized1_HD933 |         Static |            - |          0 |          0 |       0 |    0 |     0 |      1 |      0 |    0 |          0 |
|                           prim_noinit.ram                                                                   |              CBufFIFOblk_mem_gen_prim_wrapper__parameterized1_HD934 |         Static |            - |          0 |          0 |       0 |    0 |     0 |      1 |      0 |    0 |          0 |
|                         ramloop[3].ram.r                                                                    |                CBufFIFOblk_mem_gen_prim_width__parameterized2_HD935 |         Static |            - |          0 |          0 |       0 |    0 |     0 |      1 |      0 |    0 |          0 |
|                           prim_noinit.ram                                                                   |              CBufFIFOblk_mem_gen_prim_wrapper__parameterized2_HD936 |         Static |            - |          0 |          0 |       0 |    0 |     0 |      1 |      0 |    0 |          0 |
|                         ramloop[4].ram.r                                                                    |                CBufFIFOblk_mem_gen_prim_width__parameterized3_HD937 |         Static |            - |          0 |          0 |       0 |    0 |     0 |      1 |      0 |    0 |          0 |
|                           prim_noinit.ram                                                                   |              CBufFIFOblk_mem_gen_prim_wrapper__parameterized3_HD938 |         Static |            - |          0 |          0 |       0 |    0 |     0 |      1 |      0 |    0 |          0 |
|                         ramloop[5].ram.r                                                                    |                CBufFIFOblk_mem_gen_prim_width__parameterized4_HD939 |         Static |            - |          0 |          0 |       0 |    0 |     0 |      1 |      0 |    0 |          0 |
|                           prim_noinit.ram                                                                   |              CBufFIFOblk_mem_gen_prim_wrapper__parameterized4_HD940 |         Static |            - |          0 |          0 |       0 |    0 |     0 |      1 |      0 |    0 |          0 |
|                         ramloop[6].ram.r                                                                    |                CBufFIFOblk_mem_gen_prim_width__parameterized5_HD941 |         Static |            - |          0 |          0 |       0 |    0 |     0 |      1 |      0 |    0 |          0 |
|                           prim_noinit.ram                                                                   |              CBufFIFOblk_mem_gen_prim_wrapper__parameterized5_HD942 |         Static |            - |          0 |          0 |       0 |    0 |     0 |      1 |      0 |    0 |          0 |
|                         ramloop[7].ram.r                                                                    |                CBufFIFOblk_mem_gen_prim_width__parameterized6_HD943 |         Static |            - |          0 |          0 |       0 |    0 |     0 |      1 |      0 |    0 |          0 |
|                           prim_noinit.ram                                                                   |              CBufFIFOblk_mem_gen_prim_wrapper__parameterized6_HD944 |         Static |            - |          0 |          0 |       0 |    0 |     0 |      1 |      0 |    0 |          0 |
|                         ramloop[8].ram.r                                                                    |                CBufFIFOblk_mem_gen_prim_width__parameterized7_HD945 |         Static |            - |          0 |          0 |       0 |    0 |     0 |      1 |      0 |    0 |          0 |
|                           prim_noinit.ram                                                                   |              CBufFIFOblk_mem_gen_prim_wrapper__parameterized7_HD946 |         Static |            - |          0 |          0 |       0 |    0 |     0 |      1 |      0 |    0 |          0 |
|                         ramloop[9].ram.r                                                                    |                CBufFIFOblk_mem_gen_prim_width__parameterized8_HD947 |         Static |            - |          6 |          4 |       0 |    2 |    10 |      0 |      0 |    0 |          0 |
|                           (ramloop[9].ram.r)                                                                |                CBufFIFOblk_mem_gen_prim_width__parameterized8_HD947 |         Static |            - |          4 |          2 |       0 |    2 |    10 |      0 |      0 |    0 |          0 |
|                           prim_noinit.ram                                                                   |              CBufFIFOblk_mem_gen_prim_wrapper__parameterized8_HD948 |         Static |            - |          2 |          2 |       0 |    0 |     0 |      0 |      0 |    0 |          0 |
|               rstblk                                                                                        |                                     CBufFIFOreset_blk_ramfifo_HD949 |         Static |            - |          6 |          6 |       0 |    0 |    32 |      0 |      0 |    0 |          0 |
|                 (rstblk)                                                                                    |                                     CBufFIFOreset_blk_ramfifo_HD949 |         Static |            - |          6 |          6 |       0 |    0 |    12 |      0 |      0 |    0 |          0 |
|                 ngwrdrst.grst.g7serrst.gsckt_wrst.gic_rst.xpm_cdc_single_inst_rrst_wr                       |                                        CBufFIFOxpm_cdc_single_HD950 |         Static |            - |          0 |          0 |       0 |    0 |     5 |      0 |      0 |    0 |          0 |
|                 ngwrdrst.grst.g7serrst.gsckt_wrst.gic_rst.xpm_cdc_single_inst_wrst_rd                       |                                     CBufFIFOxpm_cdc_single__2_HD951 |         Static |            - |          0 |          0 |       0 |    0 |     5 |      0 |      0 |    0 |          0 |
|                 ngwrdrst.grst.g7serrst.gsckt_wrst.gic_rst.xpm_cdc_sync_rst_inst_wrst                        |                                      CBufFIFOxpm_cdc_sync_rst_HD952 |         Static |            - |          0 |          0 |       0 |    0 |     5 |      0 |      0 |    0 |          0 |
|                 ngwrdrst.grst.g7serrst.gsckt_wrst.xpm_cdc_sync_rst_inst_wrst                                |                                   CBufFIFOxpm_cdc_sync_rst__2_HD953 |         Static |            - |          0 |          0 |       0 |    0 |     5 |      0 |      0 |    0 |          0 |
|     FSM                                                                                                     |                                                         CBufFSM__26 |         Static |            - |        663 |        663 |       0 |    0 |   741 |      0 |      0 |    0 |          0 |
|     MAXI                                                                                                    |                                                   CBufAXIMaster__26 |         Static |            - |         18 |         18 |       0 |    0 |    43 |      0 |      0 |    0 |          0 |
|   CBUFS[9].CBUF                                                                                             |                                                   ChannelBuffer__27 |         Static |            - |        798 |        796 |       0 |    2 |  1147 |      9 |      0 |    0 |          0 |
|     (CBUFS[9].CBUF)                                                                                         |                                                   ChannelBuffer__27 |         Static |            - |         11 |         11 |       0 |    0 |   158 |      0 |      0 |    0 |          0 |
|     FIFO                                                                                                    |                                                      CBufFIFO_HD954 |         Static |            - |        112 |        110 |       0 |    2 |   205 |      9 |      0 |    0 |          0 |
|       U0                                                                                                    |                                CBufFIFOfifo_generator_v13_2_7_HD955 |         Static |            - |        112 |        110 |       0 |    2 |   205 |      9 |      0 |    0 |          0 |
|         inst_fifo_gen                                                                                       |                          CBufFIFOfifo_generator_v13_2_7_synth_HD956 |         Static |            - |        112 |        110 |       0 |    2 |   205 |      9 |      0 |    0 |          0 |
|           gconvfifo.rf                                                                                      |                                    CBufFIFOfifo_generator_top_HD957 |         Static |            - |        112 |        110 |       0 |    2 |   205 |      9 |      0 |    0 |          0 |
|             grf.rf                                                                                          |                                CBufFIFOfifo_generator_ramfifo_HD958 |         Static |            - |        112 |        110 |       0 |    2 |   205 |      9 |      0 |    0 |          0 |
|               gntv_or_sync_fifo.gcx.clkx                                                                    |                                           CBufFIFOclk_x_pntrs_HD959 |         Static |            - |         53 |         53 |       0 |    0 |    88 |      0 |      0 |    0 |          0 |
|                 (gntv_or_sync_fifo.gcx.clkx)                                                                |                                           CBufFIFOclk_x_pntrs_HD959 |         Static |            - |         23 |         23 |       0 |    0 |     0 |      0 |      0 |    0 |          0 |
|                 rd_pntr_cdc_inst                                                                            |                                          CBufFIFOxpm_cdc_gray_HD960 |         Static |            - |         15 |         15 |       0 |    0 |    44 |      0 |      0 |    0 |          0 |
|                 wr_pntr_cdc_inst                                                                            |                                       CBufFIFOxpm_cdc_gray__2_HD961 |         Static |            - |         15 |         15 |       0 |    0 |    44 |      0 |      0 |    0 |          0 |
|               gntv_or_sync_fifo.gl0.rd                                                                      |                                              CBufFIFOrd_logic_HD962 |         Static |            - |         33 |         33 |       0 |    0 |    36 |      0 |      0 |    0 |          0 |
|                 gras.gpe.rdpe                                                                               |                                              CBufFIFOrd_pe_as_HD963 |         Static |            - |          3 |          3 |       0 |    0 |    12 |      0 |      0 |    0 |          0 |
|                 gras.rsts                                                                                   |                                    CBufFIFOrd_status_flags_as_HD964 |         Static |            - |          2 |          2 |       0 |    0 |     2 |      0 |      0 |    0 |          0 |
|                   (gras.rsts)                                                                               |                                    CBufFIFOrd_status_flags_as_HD964 |         Static |            - |          1 |          1 |       0 |    0 |     2 |      0 |      0 |    0 |          0 |
|                   c0                                                                                        |                                             CBufFIFOcompare_1_HD965 |         Static |            - |          1 |          1 |       0 |    0 |     0 |      0 |      0 |    0 |          0 |
|                   c1                                                                                        |                                             CBufFIFOcompare_2_HD966 |         Static |            - |          0 |          0 |       0 |    0 |     0 |      0 |      0 |    0 |          0 |
|                 rpntr                                                                                       |                                           CBufFIFOrd_bin_cntr_HD967 |         Static |            - |         28 |         28 |       0 |    0 |    22 |      0 |      0 |    0 |          0 |
|               gntv_or_sync_fifo.gl0.wr                                                                      |                                              CBufFIFOwr_logic_HD968 |         Static |            - |         15 |         15 |       0 |    0 |    39 |      0 |      0 |    0 |          0 |
|                 gwas.gpf.wrpf                                                                               |                                              CBufFIFOwr_pf_as_HD969 |         Static |            - |          1 |          1 |       0 |    0 |     3 |      0 |      0 |    0 |          0 |
|                 gwas.wsts                                                                                   |                                    CBufFIFOwr_status_flags_as_HD970 |         Static |            - |          3 |          3 |       0 |    0 |     2 |      0 |      0 |    0 |          0 |
|                   (gwas.wsts)                                                                               |                                    CBufFIFOwr_status_flags_as_HD970 |         Static |            - |          2 |          2 |       0 |    0 |     2 |      0 |      0 |    0 |          0 |
|                   c1                                                                                        |                                               CBufFIFOcompare_HD971 |         Static |            - |          0 |          0 |       0 |    0 |     0 |      0 |      0 |    0 |          0 |
|                   c2                                                                                        |                                             CBufFIFOcompare_0_HD972 |         Static |            - |          1 |          1 |       0 |    0 |     0 |      0 |      0 |    0 |          0 |
|                 gwhf.whf                                                                                    |                                  CBufFIFOwr_handshaking_flags_HD973 |         Static |            - |          0 |          0 |       0 |    0 |     1 |      0 |      0 |    0 |          0 |
|                 wpntr                                                                                       |                                           CBufFIFOwr_bin_cntr_HD974 |         Static |            - |         11 |         11 |       0 |    0 |    33 |      0 |      0 |    0 |          0 |
|               gntv_or_sync_fifo.mem                                                                         |                                                CBufFIFOmemory_HD975 |         Static |            - |          6 |          4 |       0 |    2 |    10 |      9 |      0 |    0 |          0 |
|                 gbm.gbmg.gbmga.ngecc.bmg                                                                    |                                    CBufFIFOblk_mem_gen_v8_4_5_HD976 |         Static |            - |          6 |          4 |       0 |    2 |    10 |      9 |      0 |    0 |          0 |
|                   inst_blk_mem_gen                                                                          |                              CBufFIFOblk_mem_gen_v8_4_5_synth_HD977 |         Static |            - |          6 |          4 |       0 |    2 |    10 |      9 |      0 |    0 |          0 |
|                     gnbram.gnativebmg.native_blk_mem_gen                                                    |                                       CBufFIFOblk_mem_gen_top_HD978 |         Static |            - |          6 |          4 |       0 |    2 |    10 |      9 |      0 |    0 |          0 |
|                       valid.cstr                                                                            |                              CBufFIFOblk_mem_gen_generic_cstr_HD979 |         Static |            - |          6 |          4 |       0 |    2 |    10 |      9 |      0 |    0 |          0 |
|                         ramloop[0].ram.r                                                                    |                                CBufFIFOblk_mem_gen_prim_width_HD980 |         Static |            - |          0 |          0 |       0 |    0 |     0 |      1 |      0 |    0 |          0 |
|                           prim_noinit.ram                                                                   |                              CBufFIFOblk_mem_gen_prim_wrapper_HD981 |         Static |            - |          0 |          0 |       0 |    0 |     0 |      1 |      0 |    0 |          0 |
|                         ramloop[1].ram.r                                                                    |                CBufFIFOblk_mem_gen_prim_width__parameterized0_HD982 |         Static |            - |          0 |          0 |       0 |    0 |     0 |      1 |      0 |    0 |          0 |
|                           prim_noinit.ram                                                                   |              CBufFIFOblk_mem_gen_prim_wrapper__parameterized0_HD983 |         Static |            - |          0 |          0 |       0 |    0 |     0 |      1 |      0 |    0 |          0 |
|                         ramloop[2].ram.r                                                                    |                CBufFIFOblk_mem_gen_prim_width__parameterized1_HD984 |         Static |            - |          0 |          0 |       0 |    0 |     0 |      1 |      0 |    0 |          0 |
|                           prim_noinit.ram                                                                   |              CBufFIFOblk_mem_gen_prim_wrapper__parameterized1_HD985 |         Static |            - |          0 |          0 |       0 |    0 |     0 |      1 |      0 |    0 |          0 |
|                         ramloop[3].ram.r                                                                    |                CBufFIFOblk_mem_gen_prim_width__parameterized2_HD986 |         Static |            - |          0 |          0 |       0 |    0 |     0 |      1 |      0 |    0 |          0 |
|                           prim_noinit.ram                                                                   |              CBufFIFOblk_mem_gen_prim_wrapper__parameterized2_HD987 |         Static |            - |          0 |          0 |       0 |    0 |     0 |      1 |      0 |    0 |          0 |
|                         ramloop[4].ram.r                                                                    |                CBufFIFOblk_mem_gen_prim_width__parameterized3_HD988 |         Static |            - |          0 |          0 |       0 |    0 |     0 |      1 |      0 |    0 |          0 |
|                           prim_noinit.ram                                                                   |              CBufFIFOblk_mem_gen_prim_wrapper__parameterized3_HD989 |         Static |            - |          0 |          0 |       0 |    0 |     0 |      1 |      0 |    0 |          0 |
|                         ramloop[5].ram.r                                                                    |                CBufFIFOblk_mem_gen_prim_width__parameterized4_HD990 |         Static |            - |          0 |          0 |       0 |    0 |     0 |      1 |      0 |    0 |          0 |
|                           prim_noinit.ram                                                                   |              CBufFIFOblk_mem_gen_prim_wrapper__parameterized4_HD991 |         Static |            - |          0 |          0 |       0 |    0 |     0 |      1 |      0 |    0 |          0 |
|                         ramloop[6].ram.r                                                                    |                CBufFIFOblk_mem_gen_prim_width__parameterized5_HD992 |         Static |            - |          0 |          0 |       0 |    0 |     0 |      1 |      0 |    0 |          0 |
|                           prim_noinit.ram                                                                   |              CBufFIFOblk_mem_gen_prim_wrapper__parameterized5_HD993 |         Static |            - |          0 |          0 |       0 |    0 |     0 |      1 |      0 |    0 |          0 |
|                         ramloop[7].ram.r                                                                    |                CBufFIFOblk_mem_gen_prim_width__parameterized6_HD994 |         Static |            - |          0 |          0 |       0 |    0 |     0 |      1 |      0 |    0 |          0 |
|                           prim_noinit.ram                                                                   |              CBufFIFOblk_mem_gen_prim_wrapper__parameterized6_HD995 |         Static |            - |          0 |          0 |       0 |    0 |     0 |      1 |      0 |    0 |          0 |
|                         ramloop[8].ram.r                                                                    |                CBufFIFOblk_mem_gen_prim_width__parameterized7_HD996 |         Static |            - |          0 |          0 |       0 |    0 |     0 |      1 |      0 |    0 |          0 |
|                           prim_noinit.ram                                                                   |              CBufFIFOblk_mem_gen_prim_wrapper__parameterized7_HD997 |         Static |            - |          0 |          0 |       0 |    0 |     0 |      1 |      0 |    0 |          0 |
|                         ramloop[9].ram.r                                                                    |                CBufFIFOblk_mem_gen_prim_width__parameterized8_HD998 |         Static |            - |          6 |          4 |       0 |    2 |    10 |      0 |      0 |    0 |          0 |
|                           (ramloop[9].ram.r)                                                                |                CBufFIFOblk_mem_gen_prim_width__parameterized8_HD998 |         Static |            - |          4 |          2 |       0 |    2 |    10 |      0 |      0 |    0 |          0 |
|                           prim_noinit.ram                                                                   |              CBufFIFOblk_mem_gen_prim_wrapper__parameterized8_HD999 |         Static |            - |          2 |          2 |       0 |    0 |     0 |      0 |      0 |    0 |          0 |
|               rstblk                                                                                        |                                    CBufFIFOreset_blk_ramfifo_HD1000 |         Static |            - |          6 |          6 |       0 |    0 |    32 |      0 |      0 |    0 |          0 |
|                 (rstblk)                                                                                    |                                    CBufFIFOreset_blk_ramfifo_HD1000 |         Static |            - |          6 |          6 |       0 |    0 |    12 |      0 |      0 |    0 |          0 |
|                 ngwrdrst.grst.g7serrst.gsckt_wrst.gic_rst.xpm_cdc_single_inst_rrst_wr                       |                                       CBufFIFOxpm_cdc_single_HD1001 |         Static |            - |          0 |          0 |       0 |    0 |     5 |      0 |      0 |    0 |          0 |
|                 ngwrdrst.grst.g7serrst.gsckt_wrst.gic_rst.xpm_cdc_single_inst_wrst_rd                       |                                    CBufFIFOxpm_cdc_single__2_HD1002 |         Static |            - |          0 |          0 |       0 |    0 |     5 |      0 |      0 |    0 |          0 |
|                 ngwrdrst.grst.g7serrst.gsckt_wrst.gic_rst.xpm_cdc_sync_rst_inst_wrst                        |                                     CBufFIFOxpm_cdc_sync_rst_HD1003 |         Static |            - |          0 |          0 |       0 |    0 |     5 |      0 |      0 |    0 |          0 |
|                 ngwrdrst.grst.g7serrst.gsckt_wrst.xpm_cdc_sync_rst_inst_wrst                                |                                  CBufFIFOxpm_cdc_sync_rst__2_HD1004 |         Static |            - |          0 |          0 |       0 |    0 |     5 |      0 |      0 |    0 |          0 |
|     FSM                                                                                                     |                                                         CBufFSM__27 |         Static |            - |        659 |        659 |       0 |    0 |   741 |      0 |      0 |    0 |          0 |
|     MAXI                                                                                                    |                                                   CBufAXIMaster__27 |         Static |            - |         17 |         17 |       0 |    0 |    43 |      0 |      0 |    0 |          0 |
|   CBUF_ENABLE_SYNC                                                                                          |                                                      RegCrossing__3 |         Static |            - |          1 |          1 |       0 |    0 |   100 |      0 |      0 |    0 |          0 |
|   CBUF_REGS                                                                                                 |                                        AXIMemoryMap__parameterized0 |         Static |            - |       1404 |       1404 |       0 |    0 |  2715 |      0 |      0 |    0 |          0 |
|   DACs                                                                                                      |                                                          DACWrapper |         Static |            - |       3549 |       3549 |       0 |    0 |  2869 |      0 |      0 |    0 |          0 |
|     (DACs)                                                                                                  |                                                          DACWrapper |         Static |            - |          0 |          0 |       0 |    0 |     0 |      0 |      0 |    0 |          0 |
|     DAC_JESD                                                                                                |                                                            dac_jesd |         Static |            - |       3299 |       3299 |       0 |    0 |  2502 |      0 |      0 |    0 |          0 |
|       inst                                                                                                  |                                                      dac_jesd_block |         Static |            - |       3299 |       3299 |       0 |    0 |  2502 |      0 |      0 |    0 |          0 |
|         dac_jesd_regif_c                                                                                    |                                             dac_jesd_jesd204c_regif |         Static |            - |          1 |          1 |       0 |    0 |   193 |      0 |      0 |    0 |          0 |
|           axi_register_if_i                                                                                 |                                         dac_jesd_jesd204c_regif_axi |         Static |            - |          0 |          0 |       0 |    0 |     0 |      0 |      0 |    0 |          0 |
|           dac_jesd_jesd204c_regif_csr_i                                                                     |                                         dac_jesd_jesd204c_regif_csr |         Static |            - |          1 |          1 |       0 |    0 |   113 |      0 |      0 |    0 |          0 |
|           dac_jesd_jesd204c_regif_lane_i                                                                    |                                        dac_jesd_jesd204c_regif_lane |         Static |            - |          0 |          0 |       0 |    0 |    80 |      0 |      0 |    0 |          0 |
|         dac_jesd_top_c                                                                                      |                                         dac_jesdjesd204c_v4_2_9_top |         Static |            - |       3297 |       3297 |       0 |    0 |  2279 |      0 |      0 |    0 |          0 |
|           tx_32_c                                                                                           |                                       dac_jesdjesd204c_v4_2_9_tx_32 |         Static |            - |       3297 |       3297 |       0 |    0 |  2279 |      0 |      0 |    0 |          0 |
|             (tx_32_c)                                                                                       |                                       dac_jesdjesd204c_v4_2_9_tx_32 |         Static |            - |         99 |         99 |       0 |    0 |   600 |      0 |      0 |    0 |          0 |
|             g_tx_lanes[0].i_tx_lane_32                                                                      |                                  dac_jesdjesd204c_v4_2_9_tx_lane_32 |         Static |            - |        291 |        291 |       0 |    0 |   206 |      0 |      0 |    0 |          0 |
|             g_tx_lanes[1].i_tx_lane_32                                                                      |                                dac_jesdjesd204c_v4_2_9_tx_lane_32_0 |         Static |            - |        279 |        279 |       0 |    0 |   178 |      0 |      0 |    0 |          0 |
|             g_tx_lanes[2].i_tx_lane_32                                                                      |                                dac_jesdjesd204c_v4_2_9_tx_lane_32_1 |         Static |            - |        266 |        266 |       0 |    0 |   178 |      0 |      0 |    0 |          0 |
|             g_tx_lanes[3].i_tx_lane_32                                                                      |                                dac_jesdjesd204c_v4_2_9_tx_lane_32_2 |         Static |            - |        279 |        279 |       0 |    0 |   178 |      0 |      0 |    0 |          0 |
|             g_tx_lanes[4].i_tx_lane_32                                                                      |                                dac_jesdjesd204c_v4_2_9_tx_lane_32_3 |         Static |            - |        270 |        270 |       0 |    0 |   178 |      0 |      0 |    0 |          0 |
|             g_tx_lanes[5].i_tx_lane_32                                                                      |                                dac_jesdjesd204c_v4_2_9_tx_lane_32_4 |         Static |            - |        271 |        271 |       0 |    0 |   178 |      0 |      0 |    0 |          0 |
|             g_tx_lanes[6].i_tx_lane_32                                                                      |                                dac_jesdjesd204c_v4_2_9_tx_lane_32_5 |         Static |            - |        270 |        270 |       0 |    0 |   178 |      0 |      0 |    0 |          0 |
|             g_tx_lanes[7].i_tx_lane_32                                                                      |                                dac_jesdjesd204c_v4_2_9_tx_lane_32_6 |         Static |            - |        268 |        268 |       0 |    0 |   178 |      0 |      0 |    0 |          0 |
|             i_tx_counters_32                                                                                |                              dac_jesdjesd204c_v4_2_9_tx_counters_32 |         Static |            - |       1007 |       1007 |       0 |    0 |   227 |      0 |      0 |    0 |          0 |
|               (i_tx_counters_32)                                                                            |                              dac_jesdjesd204c_v4_2_9_tx_counters_32 |         Static |            - |         35 |         35 |       0 |    0 |    55 |      0 |      0 |    0 |          0 |
|               i_tx_strobe_pred_32                                                                           |                           dac_jesdjesd204c_v4_2_9_tx_strobe_pred_32 |         Static |            - |        972 |        972 |       0 |    0 |   172 |      0 |      0 |    0 |          0 |
|         sync_core_rst                                                                                       |                      dac_jesd_sync_block__parameterized0__xdcDup__2 |         Static |            - |          1 |          1 |       0 |    0 |     4 |      0 |      0 |    0 |          0 |
|           (sync_core_rst)                                                                                   |                      dac_jesd_sync_block__parameterized0__xdcDup__2 |         Static |            - |          1 |          1 |       0 |    0 |     0 |      0 |      0 |    0 |          0 |
|           xpm_cdc_async_rst_inst                                                                            |                        dac_jesdxpm_cdc_async_rst__parameterized0__4 |         Static |            - |          0 |          0 |       0 |    0 |     4 |      0 |      0 |    0 |          0 |
|         sync_core_rst_axi                                                                                   |                      dac_jesd_sync_block__parameterized0__xdcDup__1 |         Static |            - |          0 |          0 |       0 |    0 |     4 |      0 |      0 |    0 |          0 |
|           xpm_cdc_async_rst_inst                                                                            |                        dac_jesdxpm_cdc_async_rst__parameterized0__3 |         Static |            - |          0 |          0 |       0 |    0 |     4 |      0 |      0 |    0 |          0 |
|         sync_ctrl_rst                                                                                       |                                 dac_jesd_sync_block__parameterized0 |         Static |            - |          0 |          0 |       0 |    0 |     4 |      0 |      0 |    0 |          0 |
|           xpm_cdc_async_rst_inst                                                                            |                           dac_jesdxpm_cdc_async_rst__parameterized0 |         Static |            - |          0 |          0 |       0 |    0 |     4 |      0 |      0 |    0 |          0 |
|         sync_gt_resetdone                                                                                   |                                                 dac_jesd_sync_block |         Static |            - |          0 |          0 |       0 |    0 |     4 |      0 |      0 |    0 |          0 |
|           xpm_cdc_async_rst_inst                                                                            |                                           dac_jesdxpm_cdc_async_rst |         Static |            - |          0 |          0 |       0 |    0 |     4 |      0 |      0 |    0 |          0 |
|         sync_tx_sync_force                                                                                  |                                 dac_jesd_sync_block__parameterized1 |         Static |            - |          0 |          0 |       0 |    0 |     4 |      0 |      0 |    0 |          0 |
|           cdc_i                                                                                             |                                              dac_jesdxpm_cdc_single |         Static |            - |          0 |          0 |       0 |    0 |     4 |      0 |      0 |    0 |          0 |
|         xpm_cdc_reset                                                                                       |                           dac_jesdxpm_cdc_async_rst__parameterized1 |         Static |            - |          0 |          0 |       0 |    0 |     5 |      0 |      0 |    0 |          0 |
|         xpm_cdc_reset_gt                                                                                    |                        dac_jesdxpm_cdc_async_rst__parameterized1__1 |         Static |            - |          0 |          0 |       0 |    0 |     5 |      0 |      0 |    0 |          0 |
|     DAC_JESD_PHY                                                                                            |                                                        dac_jesd_phy |         Static |            - |        250 |        250 |       0 |    0 |   367 |      0 |      0 |    0 |          0 |
|       inst                                                                                                  |                                                dac_jesd_phy_support |         Static |            - |        250 |        250 |       0 |    0 |   367 |      0 |      0 |    0 |          0 |
|         jesd204_phy_block_i                                                                                 |                                                  dac_jesd_phy_block |         Static |            - |        249 |        249 |       0 |    0 |   367 |      0 |      0 |    0 |          0 |
|           (jesd204_phy_block_i)                                                                             |                                                  dac_jesd_phy_block |         Static |            - |          4 |          4 |       0 |    0 |     2 |      0 |      0 |    0 |          0 |
|           dac_jesd_phy_gt_i                                                                                 |                                                     dac_jesd_phy_gt |         Static |            - |        137 |        137 |       0 |    0 |   120 |      0 |      0 |    0 |          0 |
|             inst                                                                                            |                                        dac_jesd_phy_gt_gtwizard_top |         Static |            - |        137 |        137 |       0 |    0 |   120 |      0 |      0 |    0 |          0 |
|               gen_gtwizard_gthe4_top.dac_jesd_phy_gt_gtwizard_gthe4_inst                                    |                                      dac_jesd_phy_gt_gtwizard_gthe4 |         Static |            - |        137 |        137 |       0 |    0 |   120 |      0 |      0 |    0 |          0 |
|                 gen_gtwizard_gthe4.gen_channel_container[25].gen_enabled_channel.gthe4_channel_wrapper_inst |                               dac_jesd_phy_gt_gthe4_channel_wrapper |         Static |            - |          0 |          0 |       0 |    0 |     0 |      0 |      0 |    0 |          0 |
|                   channel_inst                                                                              |            dac_jesd_phygtwizard_ultrascale_v1_7_14_gthe4_channel_28 |         Static |            - |          0 |          0 |       0 |    0 |     0 |      0 |      0 |    0 |          0 |
|                 gen_gtwizard_gthe4.gen_channel_container[26].gen_enabled_channel.gthe4_channel_wrapper_inst |                            dac_jesd_phy_gt_gthe4_channel_wrapper_20 |         Static |            - |          0 |          0 |       0 |    0 |     0 |      0 |      0 |    0 |          0 |
|                   channel_inst                                                                              |               dac_jesd_phygtwizard_ultrascale_v1_7_14_gthe4_channel |         Static |            - |          0 |          0 |       0 |    0 |     0 |      0 |      0 |    0 |          0 |
|                 gen_gtwizard_gthe4.gen_pwrgood_delay_inst[0].delay_powergood_inst                           |       dac_jesd_phygtwizard_ultrascale_v1_7_14_gthe4_delay_powergood |         Static |            - |         17 |         17 |       0 |    0 |    15 |      0 |      0 |    0 |          0 |
|                 gen_gtwizard_gthe4.gen_pwrgood_delay_inst[1].delay_powergood_inst                           |    dac_jesd_phygtwizard_ultrascale_v1_7_14_gthe4_delay_powergood_21 |         Static |            - |         18 |         18 |       0 |    0 |    15 |      0 |      0 |    0 |          0 |
|                 gen_gtwizard_gthe4.gen_pwrgood_delay_inst[2].delay_powergood_inst                           |    dac_jesd_phygtwizard_ultrascale_v1_7_14_gthe4_delay_powergood_22 |         Static |            - |         17 |         17 |       0 |    0 |    15 |      0 |      0 |    0 |          0 |
|                 gen_gtwizard_gthe4.gen_pwrgood_delay_inst[3].delay_powergood_inst                           |    dac_jesd_phygtwizard_ultrascale_v1_7_14_gthe4_delay_powergood_23 |         Static |            - |         16 |         16 |       0 |    0 |    15 |      0 |      0 |    0 |          0 |
|                 gen_gtwizard_gthe4.gen_pwrgood_delay_inst[4].delay_powergood_inst                           |    dac_jesd_phygtwizard_ultrascale_v1_7_14_gthe4_delay_powergood_24 |         Static |            - |         17 |         17 |       0 |    0 |    15 |      0 |      0 |    0 |          0 |
|                 gen_gtwizard_gthe4.gen_pwrgood_delay_inst[5].delay_powergood_inst                           |    dac_jesd_phygtwizard_ultrascale_v1_7_14_gthe4_delay_powergood_25 |         Static |            - |         18 |         18 |       0 |    0 |    15 |      0 |      0 |    0 |          0 |
|                 gen_gtwizard_gthe4.gen_pwrgood_delay_inst[6].delay_powergood_inst                           |    dac_jesd_phygtwizard_ultrascale_v1_7_14_gthe4_delay_powergood_26 |         Static |            - |         18 |         18 |       0 |    0 |    15 |      0 |      0 |    0 |          0 |
|                 gen_gtwizard_gthe4.gen_pwrgood_delay_inst[7].delay_powergood_inst                           |    dac_jesd_phygtwizard_ultrascale_v1_7_14_gthe4_delay_powergood_27 |         Static |            - |         16 |         16 |       0 |    0 |    15 |      0 |      0 |    0 |          0 |
|           gtwiz_reset_block_i                                                                               |                 dac_jesd_phygtwizard_ultrascale_v1_7_14_gtwiz_reset |         Static |            - |         95 |         95 |       0 |    0 |   183 |      0 |      0 |    0 |          0 |
|             (gtwiz_reset_block_i)                                                                           |                 dac_jesd_phygtwizard_ultrascale_v1_7_14_gtwiz_reset |         Static |            - |         59 |         59 |       0 |    0 |    88 |      0 |      0 |    0 |          0 |
|             bit_synchronizer_gtpowergood_inst                                                               |            dac_jesd_phygtwizard_ultrascale_v1_7_14_bit_synchronizer |         Static |            - |          1 |          1 |       0 |    0 |     5 |      0 |      0 |    0 |          0 |
|             bit_synchronizer_gtwiz_reset_rx_datapath_dly_inst                                               |          dac_jesd_phygtwizard_ultrascale_v1_7_14_bit_synchronizer_3 |         Static |            - |          2 |          2 |       0 |    0 |     5 |      0 |      0 |    0 |          0 |
|             bit_synchronizer_gtwiz_reset_rx_pll_and_datapath_dly_inst                                       |          dac_jesd_phygtwizard_ultrascale_v1_7_14_bit_synchronizer_4 |         Static |            - |          2 |          2 |       0 |    0 |     5 |      0 |      0 |    0 |          0 |
|             bit_synchronizer_gtwiz_reset_tx_datapath_dly_inst                                               |          dac_jesd_phygtwizard_ultrascale_v1_7_14_bit_synchronizer_5 |         Static |            - |          0 |          0 |       0 |    0 |     5 |      0 |      0 |    0 |          0 |
|             bit_synchronizer_gtwiz_reset_tx_pll_and_datapath_dly_inst                                       |          dac_jesd_phygtwizard_ultrascale_v1_7_14_bit_synchronizer_6 |         Static |            - |          1 |          1 |       0 |    0 |     5 |      0 |      0 |    0 |          0 |
|             bit_synchronizer_gtwiz_reset_userclk_rx_active_inst                                             |          dac_jesd_phygtwizard_ultrascale_v1_7_14_bit_synchronizer_7 |         Static |            - |          5 |          5 |       0 |    0 |     5 |      0 |      0 |    0 |          0 |
|             bit_synchronizer_gtwiz_reset_userclk_tx_active_inst                                             |          dac_jesd_phygtwizard_ultrascale_v1_7_14_bit_synchronizer_8 |         Static |            - |          6 |          6 |       0 |    0 |     5 |      0 |      0 |    0 |          0 |
|             bit_synchronizer_plllock_rx_inst                                                                |          dac_jesd_phygtwizard_ultrascale_v1_7_14_bit_synchronizer_9 |         Static |            - |          3 |          3 |       0 |    0 |     5 |      0 |      0 |    0 |          0 |
|             bit_synchronizer_plllock_tx_inst                                                                |         dac_jesd_phygtwizard_ultrascale_v1_7_14_bit_synchronizer_10 |         Static |            - |          5 |          5 |       0 |    0 |     5 |      0 |      0 |    0 |          0 |
|             bit_synchronizer_rxcdrlock_inst                                                                 |         dac_jesd_phygtwizard_ultrascale_v1_7_14_bit_synchronizer_11 |         Static |            - |          3 |          3 |       0 |    0 |     5 |      0 |      0 |    0 |          0 |
|             reset_synchronizer_gtwiz_reset_all_inst                                                         |          dac_jesd_phygtwizard_ultrascale_v1_7_14_reset_synchronizer |         Static |            - |          0 |          0 |       0 |    0 |     5 |      0 |      0 |    0 |          0 |
|             reset_synchronizer_gtwiz_reset_rx_any_inst                                                      |       dac_jesd_phygtwizard_ultrascale_v1_7_14_reset_synchronizer_12 |         Static |            - |          4 |          4 |       0 |    0 |     5 |      0 |      0 |    0 |          0 |
|             reset_synchronizer_gtwiz_reset_rx_datapath_inst                                                 |       dac_jesd_phygtwizard_ultrascale_v1_7_14_reset_synchronizer_13 |         Static |            - |          0 |          0 |       0 |    0 |     5 |      0 |      0 |    0 |          0 |
|             reset_synchronizer_gtwiz_reset_rx_pll_and_datapath_inst                                         |       dac_jesd_phygtwizard_ultrascale_v1_7_14_reset_synchronizer_14 |         Static |            - |          1 |          1 |       0 |    0 |     5 |      0 |      0 |    0 |          0 |
|             reset_synchronizer_gtwiz_reset_tx_any_inst                                                      |       dac_jesd_phygtwizard_ultrascale_v1_7_14_reset_synchronizer_15 |         Static |            - |          2 |          2 |       0 |    0 |     5 |      0 |      0 |    0 |          0 |
|             reset_synchronizer_gtwiz_reset_tx_datapath_inst                                                 |       dac_jesd_phygtwizard_ultrascale_v1_7_14_reset_synchronizer_16 |         Static |            - |          2 |          2 |       0 |    0 |     5 |      0 |      0 |    0 |          0 |
|             reset_synchronizer_gtwiz_reset_tx_pll_and_datapath_inst                                         |       dac_jesd_phygtwizard_ultrascale_v1_7_14_reset_synchronizer_17 |         Static |            - |          1 |          1 |       0 |    0 |     5 |      0 |      0 |    0 |          0 |
|             reset_synchronizer_rx_done_inst                                                                 |      dac_jesd_phygtwizard_ultrascale_v1_7_14_reset_inv_synchronizer |         Static |            - |          0 |          0 |       0 |    0 |     0 |      0 |      0 |    0 |          0 |
|             reset_synchronizer_tx_done_inst                                                                 |   dac_jesd_phygtwizard_ultrascale_v1_7_14_reset_inv_synchronizer_18 |         Static |            - |          0 |          0 |       0 |    0 |     5 |      0 |      0 |    0 |          0 |
|             reset_synchronizer_txprogdivreset_inst                                                          |       dac_jesd_phygtwizard_ultrascale_v1_7_14_reset_synchronizer_19 |         Static |            - |          0 |          0 |       0 |    0 |     5 |      0 |      0 |    0 |          0 |
|           jesd204_phy_reset_control_i                                                                       |                                          dac_jesd_phy_reset_control |         Static |            - |          6 |          6 |       0 |    0 |     6 |      0 |      0 |    0 |          0 |
|           sync_gt_rxresetdone                                                                               |                  dac_jesd_phy_sync_block__parameterized0__xdcDup__2 |         Static |            - |          0 |          0 |       0 |    0 |     5 |      0 |      0 |    0 |          0 |
|             (sync_gt_rxresetdone)                                                                           |                  dac_jesd_phy_sync_block__parameterized0__xdcDup__2 |         Static |            - |          0 |          0 |       0 |    0 |     1 |      0 |      0 |    0 |          0 |
|             cdc_i                                                                                           |                                       dac_jesd_phyxpm_cdc_single__5 |         Static |            - |          0 |          0 |       0 |    0 |     4 |      0 |      0 |    0 |          0 |
|           sync_gt_txresetdone                                                                               |                  dac_jesd_phy_sync_block__parameterized0__xdcDup__1 |         Static |            - |          0 |          0 |       0 |    0 |     5 |      0 |      0 |    0 |          0 |
|             (sync_gt_txresetdone)                                                                           |                  dac_jesd_phy_sync_block__parameterized0__xdcDup__1 |         Static |            - |          0 |          0 |       0 |    0 |     1 |      0 |      0 |    0 |          0 |
|             cdc_i                                                                                           |                                       dac_jesd_phyxpm_cdc_single__4 |         Static |            - |          0 |          0 |       0 |    0 |     4 |      0 |      0 |    0 |          0 |
|           sync_gtwiz_userclk_rx_active                                                                      |                                  dac_jesd_phy_sync_block__xdcDup__2 |         Static |            - |          3 |          3 |       0 |    0 |     6 |      0 |      0 |    0 |          0 |
|             (sync_gtwiz_userclk_rx_active)                                                                  |                                  dac_jesd_phy_sync_block__xdcDup__2 |         Static |            - |          3 |          3 |       0 |    0 |     1 |      0 |      0 |    0 |          0 |
|             xpm_cdc_async_rst_inst                                                                          |                                    dac_jesd_phyxpm_cdc_async_rst__7 |         Static |            - |          0 |          0 |       0 |    0 |     5 |      0 |      0 |    0 |          0 |
|           sync_gtwiz_userclk_tx_active                                                                      |                                  dac_jesd_phy_sync_block__xdcDup__1 |         Static |            - |          3 |          3 |       0 |    0 |     6 |      0 |      0 |    0 |          0 |
|             (sync_gtwiz_userclk_tx_active)                                                                  |                                  dac_jesd_phy_sync_block__xdcDup__1 |         Static |            - |          3 |          3 |       0 |    0 |     1 |      0 |      0 |    0 |          0 |
|             xpm_cdc_async_rst_inst                                                                          |                                    dac_jesd_phyxpm_cdc_async_rst__6 |         Static |            - |          0 |          0 |       0 |    0 |     5 |      0 |      0 |    0 |          0 |
|           sync_rx_reset_all                                                                                 |                                             dac_jesd_phy_sync_block |         Static |            - |          0 |          0 |       0 |    0 |     6 |      0 |      0 |    0 |          0 |
|             (sync_rx_reset_all)                                                                             |                                             dac_jesd_phy_sync_block |         Static |            - |          0 |          0 |       0 |    0 |     1 |      0 |      0 |    0 |          0 |
|             xpm_cdc_async_rst_inst                                                                          |                                       dac_jesd_phyxpm_cdc_async_rst |         Static |            - |          0 |          0 |       0 |    0 |     5 |      0 |      0 |    0 |          0 |
|           sync_rx_reset_data                                                                                |                                  dac_jesd_phy_sync_block__xdcDup__4 |         Static |            - |          0 |          0 |       0 |    0 |     6 |      0 |      0 |    0 |          0 |
|             (sync_rx_reset_data)                                                                            |                                  dac_jesd_phy_sync_block__xdcDup__4 |         Static |            - |          0 |          0 |       0 |    0 |     1 |      0 |      0 |    0 |          0 |
|             xpm_cdc_async_rst_inst                                                                          |                                    dac_jesd_phyxpm_cdc_async_rst__9 |         Static |            - |          0 |          0 |       0 |    0 |     5 |      0 |      0 |    0 |          0 |
|           sync_rxresetdone                                                                                  |                  dac_jesd_phy_sync_block__parameterized0__xdcDup__3 |         Static |            - |          1 |          1 |       0 |    0 |     5 |      0 |      0 |    0 |          0 |
|             (sync_rxresetdone)                                                                              |                  dac_jesd_phy_sync_block__parameterized0__xdcDup__3 |         Static |            - |          1 |          1 |       0 |    0 |     1 |      0 |      0 |    0 |          0 |
|             cdc_i                                                                                           |                                       dac_jesd_phyxpm_cdc_single__6 |         Static |            - |          0 |          0 |       0 |    0 |     4 |      0 |      0 |    0 |          0 |
|           sync_tx_reset_all                                                                                 |                                  dac_jesd_phy_sync_block__xdcDup__5 |         Static |            - |          0 |          0 |       0 |    0 |     6 |      0 |      0 |    0 |          0 |
|             (sync_tx_reset_all)                                                                             |                                  dac_jesd_phy_sync_block__xdcDup__5 |         Static |            - |          0 |          0 |       0 |    0 |     1 |      0 |      0 |    0 |          0 |
|             xpm_cdc_async_rst_inst                                                                          |                                   dac_jesd_phyxpm_cdc_async_rst__10 |         Static |            - |          0 |          0 |       0 |    0 |     5 |      0 |      0 |    0 |          0 |
|           sync_tx_reset_data                                                                                |                                  dac_jesd_phy_sync_block__xdcDup__3 |         Static |            - |          0 |          0 |       0 |    0 |     6 |      0 |      0 |    0 |          0 |
|             (sync_tx_reset_data)                                                                            |                                  dac_jesd_phy_sync_block__xdcDup__3 |         Static |            - |          0 |          0 |       0 |    0 |     1 |      0 |      0 |    0 |          0 |
|             xpm_cdc_async_rst_inst                                                                          |                                    dac_jesd_phyxpm_cdc_async_rst__8 |         Static |            - |          0 |          0 |       0 |    0 |     5 |      0 |      0 |    0 |          0 |
|           sync_txresetdone                                                                                  |                             dac_jesd_phy_sync_block__parameterized0 |         Static |            - |          1 |          1 |       0 |    0 |     5 |      0 |      0 |    0 |          0 |
|             (sync_txresetdone)                                                                              |                             dac_jesd_phy_sync_block__parameterized0 |         Static |            - |          1 |          1 |       0 |    0 |     1 |      0 |      0 |    0 |          0 |
|             cdc_i                                                                                           |                                          dac_jesd_phyxpm_cdc_single |         Static |            - |          0 |          0 |       0 |    0 |     4 |      0 |      0 |    0 |          0 |
|         jesd204_phy_gt_common_0_i                                                                           |                                      dac_jesd_phy_gt_common_wrapper |         Static |            - |          1 |          1 |       0 |    0 |     0 |      0 |      0 |    0 |          0 |
|           dac_jesd_phy_gt_common_i                                                                          |                                            dac_jesd_phy_gt_common_1 |         Static |            - |          1 |          1 |       0 |    0 |     0 |      0 |      0 |    0 |          0 |
|             common_inst                                                                                     |              dac_jesd_phygtwizard_ultrascale_v1_7_14_gthe4_common_2 |         Static |            - |          1 |          1 |       0 |    0 |     0 |      0 |      0 |    0 |          0 |
|         jesd204_phy_gt_common_1_i                                                                           |                                    dac_jesd_phy_gt_common_wrapper_0 |         Static |            - |          0 |          0 |       0 |    0 |     0 |      0 |      0 |    0 |          0 |
|           dac_jesd_phy_gt_common_i                                                                          |                                              dac_jesd_phy_gt_common |         Static |            - |          0 |          0 |       0 |    0 |     0 |      0 |      0 |    0 |          0 |
|             common_inst                                                                                     |                dac_jesd_phygtwizard_ultrascale_v1_7_14_gthe4_common |         Static |            - |          0 |          0 |       0 |    0 |     0 |      0 |      0 |    0 |          0 |
|   EXT_TRIGGER                                                                                               |                                                      TriggerWrapper |         Static |            - |          8 |          8 |       0 |    0 |    34 |      0 |      0 |    0 |          0 |
|   HIGH_SPEED_ADC                                                                                            |                                                          ADCWrapper |         Static |            - |        421 |        421 |       0 |    0 |   337 |      0 |      0 |    0 |         16 |
|     (HIGH_SPEED_ADC)                                                                                        |                                                          ADCWrapper |         Static |            - |        117 |        117 |       0 |    0 |    67 |      0 |      0 |    0 |          0 |
|     CHANNELS[0].SAMPLES[0].SAMPLE_SCALING.SCALING                                                           |                                      ScaleOffset__parameterized2__1 |         Static |            - |          8 |          8 |       0 |    0 |     2 |      0 |      0 |    0 |          1 |
|       SO                                                                                                    |                                     ScaleOffset2__parameterized0__1 |         Static |            - |          8 |          8 |       0 |    0 |     2 |      0 |      0 |    0 |          1 |
|     CHANNELS[0].SAMPLES[1].SAMPLE_SCALING.SCALING                                                           |                                      ScaleOffset__parameterized2__2 |         Static |            - |          9 |          9 |       0 |    0 |     0 |      0 |      0 |    0 |          1 |
|       SO                                                                                                    |                                     ScaleOffset2__parameterized0__2 |         Static |            - |          9 |          9 |       0 |    0 |     0 |      0 |      0 |    0 |          1 |
|     CHANNELS[0].SAMPLES[2].SAMPLE_SCALING.SCALING                                                           |                                      ScaleOffset__parameterized2__3 |         Static |            - |          8 |          8 |       0 |    0 |     0 |      0 |      0 |    0 |          1 |
|       SO                                                                                                    |                                     ScaleOffset2__parameterized0__3 |         Static |            - |          8 |          8 |       0 |    0 |     0 |      0 |      0 |    0 |          1 |
|     CHANNELS[0].SAMPLES[3].SAMPLE_SCALING.SCALING                                                           |                                      ScaleOffset__parameterized2__4 |         Static |            - |          8 |          8 |       0 |    0 |     0 |      0 |      0 |    0 |          1 |
|       SO                                                                                                    |                                     ScaleOffset2__parameterized0__4 |         Static |            - |          8 |          8 |       0 |    0 |     0 |      0 |      0 |    0 |          1 |
|     CHANNELS[1].SAMPLES[0].SAMPLE_SCALING.SCALING                                                           |                                      ScaleOffset__parameterized2__5 |         Static |            - |          8 |          8 |       0 |    0 |     2 |      0 |      0 |    0 |          1 |
|       SO                                                                                                    |                                     ScaleOffset2__parameterized0__5 |         Static |            - |          8 |          8 |       0 |    0 |     2 |      0 |      0 |    0 |          1 |
|     CHANNELS[1].SAMPLES[1].SAMPLE_SCALING.SCALING                                                           |                                      ScaleOffset__parameterized2__6 |         Static |            - |          8 |          8 |       0 |    0 |     0 |      0 |      0 |    0 |          1 |
|       SO                                                                                                    |                                     ScaleOffset2__parameterized0__6 |         Static |            - |          8 |          8 |       0 |    0 |     0 |      0 |      0 |    0 |          1 |
|     CHANNELS[1].SAMPLES[2].SAMPLE_SCALING.SCALING                                                           |                                      ScaleOffset__parameterized2__7 |         Static |            - |          8 |          8 |       0 |    0 |     0 |      0 |      0 |    0 |          1 |
|       SO                                                                                                    |                                     ScaleOffset2__parameterized0__7 |         Static |            - |          8 |          8 |       0 |    0 |     0 |      0 |      0 |    0 |          1 |
|     CHANNELS[1].SAMPLES[3].SAMPLE_SCALING.SCALING                                                           |                                      ScaleOffset__parameterized2__8 |         Static |            - |          8 |          8 |       0 |    0 |     0 |      0 |      0 |    0 |          1 |
|       SO                                                                                                    |                                     ScaleOffset2__parameterized0__8 |         Static |            - |          8 |          8 |       0 |    0 |     0 |      0 |      0 |    0 |          1 |
|     CHANNELS[2].SAMPLES[0].SAMPLE_SCALING.SCALING                                                           |                                      ScaleOffset__parameterized2__9 |         Static |            - |          9 |          9 |       0 |    0 |     2 |      0 |      0 |    0 |          1 |
|       SO                                                                                                    |                                     ScaleOffset2__parameterized0__9 |         Static |            - |          9 |          9 |       0 |    0 |     2 |      0 |      0 |    0 |          1 |
|     CHANNELS[2].SAMPLES[1].SAMPLE_SCALING.SCALING                                                           |                                     ScaleOffset__parameterized2__10 |         Static |            - |          8 |          8 |       0 |    0 |     0 |      0 |      0 |    0 |          1 |
|       SO                                                                                                    |                                    ScaleOffset2__parameterized0__10 |         Static |            - |          8 |          8 |       0 |    0 |     0 |      0 |      0 |    0 |          1 |
|     CHANNELS[2].SAMPLES[2].SAMPLE_SCALING.SCALING                                                           |                                     ScaleOffset__parameterized2__11 |         Static |            - |          8 |          8 |       0 |    0 |     0 |      0 |      0 |    0 |          1 |
|       SO                                                                                                    |                                    ScaleOffset2__parameterized0__11 |         Static |            - |          8 |          8 |       0 |    0 |     0 |      0 |      0 |    0 |          1 |
|     CHANNELS[2].SAMPLES[3].SAMPLE_SCALING.SCALING                                                           |                                     ScaleOffset__parameterized2__12 |         Static |            - |          8 |          8 |       0 |    0 |     0 |      0 |      0 |    0 |          1 |
|       SO                                                                                                    |                                    ScaleOffset2__parameterized0__12 |         Static |            - |          8 |          8 |       0 |    0 |     0 |      0 |      0 |    0 |          1 |
|     CHANNELS[3].SAMPLES[0].SAMPLE_SCALING.SCALING                                                           |                                     ScaleOffset__parameterized2__13 |         Static |            - |          8 |          8 |       0 |    0 |     2 |      0 |      0 |    0 |          1 |
|       SO                                                                                                    |                                    ScaleOffset2__parameterized0__13 |         Static |            - |          8 |          8 |       0 |    0 |     2 |      0 |      0 |    0 |          1 |
|     CHANNELS[3].SAMPLES[1].SAMPLE_SCALING.SCALING                                                           |                                     ScaleOffset__parameterized2__14 |         Static |            - |          9 |          9 |       0 |    0 |     0 |      0 |      0 |    0 |          1 |
|       SO                                                                                                    |                                    ScaleOffset2__parameterized0__14 |         Static |            - |          9 |          9 |       0 |    0 |     0 |      0 |      0 |    0 |          1 |
|     CHANNELS[3].SAMPLES[2].SAMPLE_SCALING.SCALING                                                           |                                     ScaleOffset__parameterized2__15 |         Static |            - |          9 |          9 |       0 |    0 |     0 |      0 |      0 |    0 |          1 |
|       SO                                                                                                    |                                    ScaleOffset2__parameterized0__15 |         Static |            - |          9 |          9 |       0 |    0 |     0 |      0 |      0 |    0 |          1 |
|     CHANNELS[3].SAMPLES[3].SAMPLE_SCALING.SCALING                                                           |                                         ScaleOffset__parameterized2 |         Static |            - |          8 |          8 |       0 |    0 |     0 |      0 |      0 |    0 |          1 |
|       SO                                                                                                    |                                        ScaleOffset2__parameterized0 |         Static |            - |          8 |          8 |       0 |    0 |     0 |      0 |      0 |    0 |          1 |
|     HADC_BANK_65                                                                                            |                                                         HADC_Bank65 |         Static |            - |         86 |         86 |       0 |    0 |   131 |      0 |      0 |    0 |          0 |
|       inst                                                                                                  |                          HADC_Bank65_high_speed_selectio_wiz_v3_6_4 |         Static |            - |         86 |         86 |       0 |    0 |   131 |      0 |      0 |    0 |          0 |
|         top_inst                                                                                            |                                           HADC_Bank65_hssio_wiz_top |         Static |            - |         86 |         86 |       0 |    0 |   131 |      0 |      0 |    0 |          0 |
|           (top_inst)                                                                                        |                                           HADC_Bank65_hssio_wiz_top |         Static |            - |          0 |          0 |       0 |    0 |     0 |      0 |      0 |    0 |          0 |
|           GEN_IOBUF.iobuf_top_inst                                                                          |                 HADC_Bank65high_speed_selectio_wiz_v3_6_4_iobuf_top |         Static |            - |          0 |          0 |       0 |    0 |     0 |      0 |      0 |    0 |          0 |
|           bs_ctrl_top_inst                                                                                  |               HADC_Bank65high_speed_selectio_wiz_v3_6_4_bs_ctrl_top |         Static |            - |          4 |          4 |       0 |    0 |     0 |      0 |      0 |    0 |          0 |
|           bs_top_inst                                                                                       |                    HADC_Bank65high_speed_selectio_wiz_v3_6_4_bs_top |         Static |            - |          5 |          5 |       0 |    0 |     0 |      0 |      0 |    0 |          0 |
|             u_rx_bs                                                                                         |                     HADC_Bank65high_speed_selectio_wiz_v3_6_4_rx_bs |         Static |            - |          5 |          5 |       0 |    0 |     0 |      0 |      0 |    0 |          0 |
|           clk_rst_top_inst                                                                                  |               HADC_Bank65high_speed_selectio_wiz_v3_6_4_clk_rst_top |         Static |            - |         77 |         77 |       0 |    0 |   131 |      0 |      0 |    0 |          0 |
|             clk_scheme_inst                                                                                 |                HADC_Bank65high_speed_selectio_wiz_v3_6_4_clk_scheme |         Static |            - |          0 |          0 |       0 |    0 |     0 |      0 |      0 |    0 |          0 |
|             rst_scheme_inst                                                                                 |                HADC_Bank65high_speed_selectio_wiz_v3_6_4_rst_scheme |         Static |            - |         77 |         77 |       0 |    0 |   131 |      0 |      0 |    0 |          0 |
|               (rst_scheme_inst)                                                                             |                HADC_Bank65high_speed_selectio_wiz_v3_6_4_rst_scheme |         Static |            - |         52 |         52 |       0 |    0 |   117 |      0 |      0 |    0 |          0 |
|               sync_cell_bs_rst_dphy_inst                                                                    |               HADC_Bank65high_speed_selectio_wiz_v3_6_4_sync_cell_1 |         Static |            - |          0 |          0 |       0 |    0 |     2 |      0 |      0 |    0 |          0 |
|               sync_cell_dly_rdy_inst                                                                        |               HADC_Bank65high_speed_selectio_wiz_v3_6_4_sync_cell_2 |         Static |            - |          6 |          6 |       0 |    0 |     2 |      0 |      0 |    0 |          0 |
|               sync_cell_mult_intf_lock_inst                                                                 |               HADC_Bank65high_speed_selectio_wiz_v3_6_4_sync_cell_3 |         Static |            - |          3 |          3 |       0 |    0 |     2 |      0 |      0 |    0 |          0 |
|               sync_cell_pll0lock_inst                                                                       |               HADC_Bank65high_speed_selectio_wiz_v3_6_4_sync_cell_4 |         Static |            - |          9 |          9 |       0 |    0 |     2 |      0 |      0 |    0 |          0 |
|               sync_cell_rst_inst                                                                            |               HADC_Bank65high_speed_selectio_wiz_v3_6_4_sync_cell_5 |         Static |            - |          0 |          0 |       0 |    0 |     2 |      0 |      0 |    0 |          0 |
|               sync_cell_start_fab_cntr_pll0_inst                                                            |               HADC_Bank65high_speed_selectio_wiz_v3_6_4_sync_cell_6 |         Static |            - |          1 |          1 |       0 |    0 |     2 |      0 |      0 |    0 |          0 |
|               sync_cell_wait_pll0_fab_timeout_inst                                                          |               HADC_Bank65high_speed_selectio_wiz_v3_6_4_sync_cell_7 |         Static |            - |          7 |          7 |       0 |    0 |     2 |      0 |      0 |    0 |          0 |
|     HADC_BANK_66                                                                                            |                                                         HADC_Bank66 |         Static |            - |         86 |         86 |       0 |    0 |   131 |      0 |      0 |    0 |          0 |
|       inst                                                                                                  |                          HADC_Bank66_high_speed_selectio_wiz_v3_6_4 |         Static |            - |         86 |         86 |       0 |    0 |   131 |      0 |      0 |    0 |          0 |
|         top_inst                                                                                            |                                           HADC_Bank66_hssio_wiz_top |         Static |            - |         86 |         86 |       0 |    0 |   131 |      0 |      0 |    0 |          0 |
|           (top_inst)                                                                                        |                                           HADC_Bank66_hssio_wiz_top |         Static |            - |          0 |          0 |       0 |    0 |     0 |      0 |      0 |    0 |          0 |
|           GEN_IOBUF.iobuf_top_inst                                                                          |                 HADC_Bank66high_speed_selectio_wiz_v3_6_4_iobuf_top |         Static |            - |          0 |          0 |       0 |    0 |     0 |      0 |      0 |    0 |          0 |
|           bs_ctrl_top_inst                                                                                  |               HADC_Bank66high_speed_selectio_wiz_v3_6_4_bs_ctrl_top |         Static |            - |          4 |          4 |       0 |    0 |     0 |      0 |      0 |    0 |          0 |
|           bs_top_inst                                                                                       |                    HADC_Bank66high_speed_selectio_wiz_v3_6_4_bs_top |         Static |            - |          5 |          5 |       0 |    0 |     0 |      0 |      0 |    0 |          0 |
|             u_rx_bs                                                                                         |                     HADC_Bank66high_speed_selectio_wiz_v3_6_4_rx_bs |         Static |            - |          5 |          5 |       0 |    0 |     0 |      0 |      0 |    0 |          0 |
|           clk_rst_top_inst                                                                                  |               HADC_Bank66high_speed_selectio_wiz_v3_6_4_clk_rst_top |         Static |            - |         77 |         77 |       0 |    0 |   131 |      0 |      0 |    0 |          0 |
|             clk_scheme_inst                                                                                 |                HADC_Bank66high_speed_selectio_wiz_v3_6_4_clk_scheme |         Static |            - |          0 |          0 |       0 |    0 |     0 |      0 |      0 |    0 |          0 |
|             rst_scheme_inst                                                                                 |                HADC_Bank66high_speed_selectio_wiz_v3_6_4_rst_scheme |         Static |            - |         77 |         77 |       0 |    0 |   131 |      0 |      0 |    0 |          0 |
|               (rst_scheme_inst)                                                                             |                HADC_Bank66high_speed_selectio_wiz_v3_6_4_rst_scheme |         Static |            - |         52 |         52 |       0 |    0 |   117 |      0 |      0 |    0 |          0 |
|               sync_cell_bs_rst_dphy_inst                                                                    |               HADC_Bank66high_speed_selectio_wiz_v3_6_4_sync_cell_1 |         Static |            - |          0 |          0 |       0 |    0 |     2 |      0 |      0 |    0 |          0 |
|               sync_cell_dly_rdy_inst                                                                        |               HADC_Bank66high_speed_selectio_wiz_v3_6_4_sync_cell_2 |         Static |            - |          6 |          6 |       0 |    0 |     2 |      0 |      0 |    0 |          0 |
|               sync_cell_mult_intf_lock_inst                                                                 |               HADC_Bank66high_speed_selectio_wiz_v3_6_4_sync_cell_3 |         Static |            - |          3 |          3 |       0 |    0 |     2 |      0 |      0 |    0 |          0 |
|               sync_cell_pll0lock_inst                                                                       |               HADC_Bank66high_speed_selectio_wiz_v3_6_4_sync_cell_4 |         Static |            - |          9 |          9 |       0 |    0 |     2 |      0 |      0 |    0 |          0 |
|               sync_cell_rst_inst                                                                            |               HADC_Bank66high_speed_selectio_wiz_v3_6_4_sync_cell_5 |         Static |            - |          0 |          0 |       0 |    0 |     2 |      0 |      0 |    0 |          0 |
|               sync_cell_start_fab_cntr_pll0_inst                                                            |               HADC_Bank66high_speed_selectio_wiz_v3_6_4_sync_cell_6 |         Static |            - |          1 |          1 |       0 |    0 |     2 |      0 |      0 |    0 |          0 |
|               sync_cell_wait_pll0_fab_timeout_inst                                                          |               HADC_Bank66high_speed_selectio_wiz_v3_6_4_sync_cell_7 |         Static |            - |          7 |          7 |       0 |    0 |     2 |      0 |      0 |    0 |          0 |
|   INSTRS[0].INSTR_BLK.INSTR                                                                                 |                                                          Instrument | Reconfigurable |          275 |       2473 |       2473 |       0 |    0 |   983 |     32 |      0 |    0 |          2 |
|     (INSTRS[0].INSTR_BLK.INSTR)                                                                             |                                                          Instrument | Reconfigurable |            - |       1703 |       1703 |       0 |    0 |    33 |      0 |      0 |    0 |          0 |
|     DUT                                                                                                     |                                                       CustomWrapper | Reconfigurable |            - |        326 |        326 |       0 |    0 |   142 |     32 |      0 |    0 |          2 |
|       U_NCO                                                                                                 |                                                                 NCO | Reconfigurable |            - |        326 |        326 |       0 |    0 |   142 |     32 |      0 |    0 |          2 |
|         (U_NCO)                                                                                             |                                                                 NCO | Reconfigurable |            - |        318 |        318 |       0 |    0 |   126 |     32 |      0 |    0 |          2 |
|         U_SINE_BRAM                                                                                         |                                                           sine_bram | Reconfigurable |            - |          8 |          8 |       0 |    0 |    16 |      0 |      0 |    0 |          0 |
|     MMAP                                                                                                    |                                                        SPIMemoryMap | Reconfigurable |            - |        448 |        448 |       0 |    0 |   808 |      0 |      0 |    0 |          0 |
|   INSTRS[0].INSTR_BLK.SLOT_DECOUPLE                                                                         |                                                        SlotDecouple |         Static |            - |          0 |          0 |       0 |    0 |  1886 |      0 |      0 |    0 |          0 |
|   INSTRS[1].INSTR_BLK.INSTR                                                                                 |                                                    Instrument_HD166 | Reconfigurable |          666 |       2396 |       2396 |       0 |    0 |  1015 |     32 |      0 |    0 |          2 |
|     (INSTRS[1].INSTR_BLK.INSTR)                                                                             |                                                    Instrument_HD166 | Reconfigurable |            - |       1632 |       1632 |       0 |    0 |    33 |      0 |      0 |    0 |          0 |
|     DUT                                                                                                     |                                                 CustomWrapper_HD167 | Reconfigurable |            - |        327 |        327 |       0 |    0 |   158 |     32 |      0 |    0 |          2 |
|       U_NCO                                                                                                 |                                                           NCO_HD168 | Reconfigurable |            - |        327 |        327 |       0 |    0 |   158 |     32 |      0 |    0 |          2 |
|         (U_NCO)                                                                                             |                                                           NCO_HD168 | Reconfigurable |            - |        319 |        319 |       0 |    0 |   142 |     32 |      0 |    0 |          2 |
|         U_SINE_BRAM                                                                                         |                                                     sine_bram_HD169 | Reconfigurable |            - |          8 |          8 |       0 |    0 |    16 |      0 |      0 |    0 |          0 |
|     MMAP                                                                                                    |                                                  SPIMemoryMap_HD172 | Reconfigurable |            - |        449 |        449 |       0 |    0 |   824 |      0 |      0 |    0 |          0 |
|   INSTRS[1].INSTR_BLK.SLOT_DECOUPLE                                                                         |                                                     SlotDecouple__3 |         Static |            - |          0 |          0 |       0 |    0 |  1886 |      0 |      0 |    0 |          0 |
|   INSTRS[2].INSTR_BLK.INSTR                                                                                 |                                                    Instrument_HD173 | Reconfigurable |          884 |       2391 |       2391 |       0 |    0 |   983 |     32 |      0 |    0 |          2 |
|     (INSTRS[2].INSTR_BLK.INSTR)                                                                             |                                                    Instrument_HD173 | Reconfigurable |            - |       1619 |       1619 |       0 |    0 |    33 |      0 |      0 |    0 |          0 |
|     DUT                                                                                                     |                                                 CustomWrapper_HD174 | Reconfigurable |            - |        327 |        327 |       0 |    0 |   142 |     32 |      0 |    0 |          2 |
|       U_NCO                                                                                                 |                                                           NCO_HD175 | Reconfigurable |            - |        327 |        327 |       0 |    0 |   142 |     32 |      0 |    0 |          2 |
|         (U_NCO)                                                                                             |                                                           NCO_HD175 | Reconfigurable |            - |        319 |        319 |       0 |    0 |   126 |     32 |      0 |    0 |          2 |
|         U_SINE_BRAM                                                                                         |                                                     sine_bram_HD176 | Reconfigurable |            - |          8 |          8 |       0 |    0 |    16 |      0 |      0 |    0 |          0 |
|     MMAP                                                                                                    |                                                  SPIMemoryMap_HD179 | Reconfigurable |            - |        448 |        448 |       0 |    0 |   808 |      0 |      0 |    0 |          0 |
|   INSTRS[2].INSTR_BLK.SLOT_DECOUPLE                                                                         |                                                     SlotDecouple__2 |         Static |            - |          0 |          0 |       0 |    0 |  1886 |      0 |      0 |    0 |          0 |
|   INSTRS[3].INSTR_BLK.INSTR                                                                                 |                                                    Instrument_HD180 | Reconfigurable |         1845 |       2237 |       2237 |       0 |    0 |   983 |     32 |      0 |    0 |          2 |
|     (INSTRS[3].INSTR_BLK.INSTR)                                                                             |                                                    Instrument_HD180 | Reconfigurable |            - |       1475 |       1475 |       0 |    0 |    33 |      0 |      0 |    0 |          0 |
|     DUT                                                                                                     |                                                 CustomWrapper_HD181 | Reconfigurable |            - |        327 |        327 |       0 |    0 |   142 |     32 |      0 |    0 |          2 |
|       U_NCO                                                                                                 |                                                           NCO_HD182 | Reconfigurable |            - |        327 |        327 |       0 |    0 |   142 |     32 |      0 |    0 |          2 |
|         (U_NCO)                                                                                             |                                                           NCO_HD182 | Reconfigurable |            - |        319 |        319 |       0 |    0 |   126 |     32 |      0 |    0 |          2 |
|         U_SINE_BRAM                                                                                         |                                                     sine_bram_HD183 | Reconfigurable |            - |          8 |          8 |       0 |    0 |    16 |      0 |      0 |    0 |          0 |
|     MMAP                                                                                                    |                                                  SPIMemoryMap_HD186 | Reconfigurable |            - |        448 |        448 |       0 |    0 |   808 |      0 |      0 |    0 |          0 |
|   INSTRS[3].INSTR_BLK.SLOT_DECOUPLE                                                                         |                                                     SlotDecouple__1 |         Static |            - |          0 |          0 |       0 |    0 |  1886 |      0 |      0 |    0 |          0 |
|   LOW_SPEED_ADC                                                                                             |                                                         LADCWrapper |         Static |            - |        100 |         99 |       0 |    1 |   202 |      0 |      0 |    0 |          4 |
|     (LOW_SPEED_ADC)                                                                                         |                                                         LADCWrapper |         Static |            - |         37 |         36 |       0 |    1 |    98 |      0 |      0 |    0 |          0 |
|     DELAY_SYNC                                                                                              |                                                      RegCrossing__1 |         Static |            - |          1 |          1 |       0 |    0 |   100 |      0 |      0 |    0 |          0 |
|     LADCS[0].SCALING                                                                                        |                                      ScaleOffset__parameterized4__1 |         Static |            - |         11 |         11 |       0 |    0 |     1 |      0 |      0 |    0 |          1 |
|       SO                                                                                                    |                                     ScaleOffset2__parameterized1__1 |         Static |            - |         11 |         11 |       0 |    0 |     1 |      0 |      0 |    0 |          1 |
|     LADCS[1].SCALING                                                                                        |                                      ScaleOffset__parameterized4__2 |         Static |            - |         16 |         16 |       0 |    0 |     1 |      0 |      0 |    0 |          1 |
|       SO                                                                                                    |                                     ScaleOffset2__parameterized1__2 |         Static |            - |         16 |         16 |       0 |    0 |     1 |      0 |      0 |    0 |          1 |
|     LADCS[2].SCALING                                                                                        |                                      ScaleOffset__parameterized4__3 |         Static |            - |         17 |         17 |       0 |    0 |     1 |      0 |      0 |    0 |          1 |
|       SO                                                                                                    |                                     ScaleOffset2__parameterized1__3 |         Static |            - |         17 |         17 |       0 |    0 |     1 |      0 |      0 |    0 |          1 |
|     LADCS[3].SCALING                                                                                        |                                         ScaleOffset__parameterized4 |         Static |            - |         18 |         18 |       0 |    0 |     1 |      0 |      0 |    0 |          1 |
|       SO                                                                                                    |                                        ScaleOffset2__parameterized1 |         Static |            - |         18 |         18 |       0 |    0 |     1 |      0 |      0 |    0 |          1 |
|   PROCESSOR                                                                                                 |                                                   processor_wrapper |         Static |            - |       7198 |       7027 |      92 |   79 | 12180 |      0 |      0 |    0 |          0 |
|     (PROCESSOR)                                                                                             |                                                   processor_wrapper |         Static |            - |          0 |          0 |       0 |    0 |     0 |      0 |      0 |    0 |          0 |
|     processor_i                                                                                             |                                                           processor |         Static |            - |       7198 |       7027 |      92 |   79 | 12180 |      0 |      0 |    0 |          0 |
|       AXI_INTER                                                                                             |                                               processor_AXI_INTER_0 |         Static |            - |       1444 |       1355 |      44 |   45 |  1712 |      0 |      0 |    0 |          0 |
|         m01_couplers                                                                                        |                                            m01_couplers_imp_13QFFQF |         Static |            - |         53 |         53 |       0 |    0 |   262 |      0 |      0 |    0 |          0 |
|           auto_cc                                                                                           |                                                 processor_auto_cc_0 |         Static |            - |         53 |         53 |       0 |    0 |   262 |      0 |      0 |    0 |          0 |
|             inst                                                                                            |                     axi_clock_converter_v2_1_26_axi_clock_converter |         Static |            - |         53 |         53 |       0 |    0 |   262 |      0 |      0 |    0 |          0 |
|               gen_clock_conv.gen_async_lite_conv.clock_conv_lite_fwd_ar                                     |                              axi_clock_converter_v2_1_26_lite_async |         Static |            - |         11 |         11 |       0 |    0 |    34 |      0 |      0 |    0 |          0 |
|                 (gen_clock_conv.gen_async_lite_conv.clock_conv_lite_fwd_ar)                                 |                              axi_clock_converter_v2_1_26_lite_async |         Static |            - |          9 |          9 |       0 |    0 |    12 |      0 |      0 |    0 |          0 |
|                 handshake                                                                                   |                                                   xpm_cdc_handshake |         Static |            - |          2 |          2 |       0 |    0 |    22 |      0 |      0 |    0 |          0 |
|                   (handshake)                                                                               |                                                   xpm_cdc_handshake |         Static |            - |          2 |          2 |       0 |    0 |    16 |      0 |      0 |    0 |          0 |
|                   xpm_cdc_single_dest2src_inst                                                              |                                                  xpm_cdc_single__17 |         Static |            - |          0 |          0 |       0 |    0 |     3 |      0 |      0 |    0 |          0 |
|                   xpm_cdc_single_src2dest_inst                                                              |                                                  xpm_cdc_single__16 |         Static |            - |          0 |          0 |       0 |    0 |     3 |      0 |      0 |    0 |          0 |
|               gen_clock_conv.gen_async_lite_conv.clock_conv_lite_fwd_aw                                     |                   axi_clock_converter_v2_1_26_lite_async__xdcDup__1 |         Static |            - |         10 |         10 |       0 |    0 |    32 |      0 |      0 |    0 |          0 |
|                 (gen_clock_conv.gen_async_lite_conv.clock_conv_lite_fwd_aw)                                 |                   axi_clock_converter_v2_1_26_lite_async__xdcDup__1 |         Static |            - |          8 |          8 |       0 |    0 |     8 |      0 |      0 |    0 |          0 |
|                 handshake                                                                                   |                                        xpm_cdc_handshake__xdcDup__1 |         Static |            - |          2 |          2 |       0 |    0 |    24 |      0 |      0 |    0 |          0 |
|                   (handshake)                                                                               |                                        xpm_cdc_handshake__xdcDup__1 |         Static |            - |          2 |          2 |       0 |    0 |    18 |      0 |      0 |    0 |          0 |
|                   xpm_cdc_single_dest2src_inst                                                              |                                                      xpm_cdc_single |         Static |            - |          0 |          0 |       0 |    0 |     3 |      0 |      0 |    0 |          0 |
|                   xpm_cdc_single_src2dest_inst                                                              |                                                  xpm_cdc_single__18 |         Static |            - |          0 |          0 |       0 |    0 |     3 |      0 |      0 |    0 |          0 |
|               gen_clock_conv.gen_async_lite_conv.clock_conv_lite_fwd_w                                      |              axi_clock_converter_v2_1_26_lite_async__parameterized0 |         Static |            - |         12 |         12 |       0 |    0 |    92 |      0 |      0 |    0 |          0 |
|                 (gen_clock_conv.gen_async_lite_conv.clock_conv_lite_fwd_w)                                  |              axi_clock_converter_v2_1_26_lite_async__parameterized0 |         Static |            - |         10 |         10 |       0 |    0 |    12 |      0 |      0 |    0 |          0 |
|                 handshake                                                                                   |                                   xpm_cdc_handshake__parameterized0 |         Static |            - |          2 |          2 |       0 |    0 |    80 |      0 |      0 |    0 |          0 |
|                   (handshake)                                                                               |                                   xpm_cdc_handshake__parameterized0 |         Static |            - |          2 |          2 |       0 |    0 |    74 |      0 |      0 |    0 |          0 |
|                   xpm_cdc_single_dest2src_inst                                                              |                                                  xpm_cdc_single__15 |         Static |            - |          0 |          0 |       0 |    0 |     3 |      0 |      0 |    0 |          0 |
|                   xpm_cdc_single_src2dest_inst                                                              |                                                  xpm_cdc_single__14 |         Static |            - |          0 |          0 |       0 |    0 |     3 |      0 |      0 |    0 |          0 |
|               gen_clock_conv.gen_async_lite_conv.clock_conv_lite_resp_b                                     |              axi_clock_converter_v2_1_26_lite_async__parameterized1 |         Static |            - |         10 |         10 |       0 |    0 |    20 |      0 |      0 |    0 |          0 |
|                 (gen_clock_conv.gen_async_lite_conv.clock_conv_lite_resp_b)                                 |              axi_clock_converter_v2_1_26_lite_async__parameterized1 |         Static |            - |          8 |          8 |       0 |    0 |     8 |      0 |      0 |    0 |          0 |
|                 handshake                                                                                   |                                   xpm_cdc_handshake__parameterized1 |         Static |            - |          2 |          2 |       0 |    0 |    12 |      0 |      0 |    0 |          0 |
|                   (handshake)                                                                               |                                   xpm_cdc_handshake__parameterized1 |         Static |            - |          2 |          2 |       0 |    0 |     6 |      0 |      0 |    0 |          0 |
|                   xpm_cdc_single_dest2src_inst                                                              |                                                  xpm_cdc_single__13 |         Static |            - |          0 |          0 |       0 |    0 |     3 |      0 |      0 |    0 |          0 |
|                   xpm_cdc_single_src2dest_inst                                                              |                                                  xpm_cdc_single__12 |         Static |            - |          0 |          0 |       0 |    0 |     3 |      0 |      0 |    0 |          0 |
|               gen_clock_conv.gen_async_lite_conv.clock_conv_lite_resp_r                                     |              axi_clock_converter_v2_1_26_lite_async__parameterized2 |         Static |            - |         10 |         10 |       0 |    0 |    84 |      0 |      0 |    0 |          0 |
|                 (gen_clock_conv.gen_async_lite_conv.clock_conv_lite_resp_r)                                 |              axi_clock_converter_v2_1_26_lite_async__parameterized2 |         Static |            - |          8 |          8 |       0 |    0 |     8 |      0 |      0 |    0 |          0 |
|                 handshake                                                                                   |                                   xpm_cdc_handshake__parameterized2 |         Static |            - |          2 |          2 |       0 |    0 |    76 |      0 |      0 |    0 |          0 |
|                   (handshake)                                                                               |                                   xpm_cdc_handshake__parameterized2 |         Static |            - |          2 |          2 |       0 |    0 |    70 |      0 |      0 |    0 |          0 |
|                   xpm_cdc_single_dest2src_inst                                                              |                                                  xpm_cdc_single__11 |         Static |            - |          0 |          0 |       0 |    0 |     3 |      0 |      0 |    0 |          0 |
|                   xpm_cdc_single_src2dest_inst                                                              |                                                  xpm_cdc_single__10 |         Static |            - |          0 |          0 |       0 |    0 |     3 |      0 |      0 |    0 |          0 |
|         s00_couplers                                                                                        |                                            s00_couplers_imp_1HJQJQB |         Static |            - |       1212 |       1123 |      44 |   45 |  1319 |      0 |      0 |    0 |          0 |
|           auto_ds                                                                                           |                                                 processor_auto_ds_0 |         Static |            - |        819 |        775 |      44 |    0 |   884 |      0 |      0 |    0 |          0 |
|             inst                                                                                            |                                    axi_dwidth_converter_v2_1_27_top |         Static |            - |        819 |        775 |      44 |    0 |   884 |      0 |      0 |    0 |          0 |
|               gen_downsizer.gen_simple_downsizer.axi_downsizer_inst                                         |                          axi_dwidth_converter_v2_1_27_axi_downsizer |         Static |            - |        819 |        775 |      44 |    0 |   884 |      0 |      0 |    0 |          0 |
|                 USE_READ.read_addr_inst                                                                     |            axi_dwidth_converter_v2_1_27_a_downsizer__parameterized0 |         Static |            - |        414 |        396 |      18 |    0 |   337 |      0 |      0 |    0 |          0 |
|                   (USE_READ.read_addr_inst)                                                                 |            axi_dwidth_converter_v2_1_27_a_downsizer__parameterized0 |         Static |            - |        147 |        147 |       0 |    0 |   243 |      0 |      0 |    0 |          0 |
|                   cmd_queue                                                                                 |                     axi_data_fifo_v2_1_26_axic_fifo__parameterized0 |         Static |            - |        267 |        249 |      18 |    0 |    94 |      0 |      0 |    0 |          0 |
|                     inst                                                                                    |                      axi_data_fifo_v2_1_26_fifo_gen__parameterized0 |         Static |            - |        267 |        249 |      18 |    0 |    94 |      0 |      0 |    0 |          0 |
|                       (inst)                                                                                |                      axi_data_fifo_v2_1_26_fifo_gen__parameterized0 |         Static |            - |        223 |        223 |       0 |    0 |     0 |      0 |      0 |    0 |          0 |
|                       fifo_gen_inst                                                                         |                              fifo_generator_v13_2_7__parameterized0 |         Static |            - |         44 |         26 |      18 |    0 |    94 |      0 |      0 |    0 |          0 |
|                         inst_fifo_gen                                                                       |                        fifo_generator_v13_2_7_synth__parameterized0 |         Static |            - |         44 |         26 |      18 |    0 |    94 |      0 |      0 |    0 |          0 |
|                           gconvfifo.rf                                                                      |                                  fifo_generator_top__parameterized0 |         Static |            - |         44 |         26 |      18 |    0 |    94 |      0 |      0 |    0 |          0 |
|                             grf.rf                                                                          |                              fifo_generator_ramfifo__parameterized0 |         Static |            - |         44 |         26 |      18 |    0 |    94 |      0 |      0 |    0 |          0 |
|                               gntv_or_sync_fifo.gl0.rd                                                      |                                                        rd_logic_138 |         Static |            - |          9 |          9 |       0 |    0 |    20 |      0 |      0 |    0 |          0 |
|                                 gr1.gr1_int.rfwft                                                           |                                                         rd_fwft_144 |         Static |            - |          6 |          6 |       0 |    0 |     8 |      0 |      0 |    0 |          0 |
|                                 grss.rsts                                                                   |                                              rd_status_flags_ss_145 |         Static |            - |          0 |          0 |       0 |    0 |     2 |      0 |      0 |    0 |          0 |
|                                 rpntr                                                                       |                                                     rd_bin_cntr_146 |         Static |            - |          3 |          3 |       0 |    0 |    10 |      0 |      0 |    0 |          0 |
|                               gntv_or_sync_fifo.gl0.wr                                                      |                                                        wr_logic_139 |         Static |            - |         12 |         12 |       0 |    0 |    12 |      0 |      0 |    0 |          0 |
|                                 gwss.wsts                                                                   |                                              wr_status_flags_ss_142 |         Static |            - |          2 |          2 |       0 |    0 |     2 |      0 |      0 |    0 |          0 |
|                                 wpntr                                                                       |                                                     wr_bin_cntr_143 |         Static |            - |         11 |         11 |       0 |    0 |    10 |      0 |      0 |    0 |          0 |
|                               gntv_or_sync_fifo.mem                                                         |                                          memory__parameterized0_140 |         Static |            - |         18 |          0 |      18 |    0 |    58 |      0 |      0 |    0 |          0 |
|                                 (gntv_or_sync_fifo.mem)                                                     |                                          memory__parameterized0_140 |         Static |            - |          0 |          0 |       0 |    0 |    29 |      0 |      0 |    0 |          0 |
|                                 gdm.dm_gen.dm                                                               |                                            dmem__parameterized0_141 |         Static |            - |         18 |          0 |      18 |    0 |    29 |      0 |      0 |    0 |          0 |
|                               rstblk                                                                        |                                                   reset_blk_ramfifo |         Static |            - |          5 |          5 |       0 |    0 |     4 |      0 |      0 |    0 |          0 |
|                                 (rstblk)                                                                    |                                                   reset_blk_ramfifo |         Static |            - |          5 |          5 |       0 |    0 |     2 |      0 |      0 |    0 |          0 |
|                                 ngwrdrst.grst.g7serrst.gnsckt_wrst.rst_wr_reg2_inst                         |                                                xpm_cdc_async_rst__3 |         Static |            - |          0 |          0 |       0 |    0 |     2 |      0 |      0 |    0 |          0 |
|                 USE_READ.read_data_inst                                                                     |                            axi_dwidth_converter_v2_1_27_r_downsizer |         Static |            - |         21 |         21 |       0 |    0 |   143 |      0 |      0 |    0 |          0 |
|                 USE_WRITE.USE_SPLIT.write_resp_inst                                                         |                            axi_dwidth_converter_v2_1_27_b_downsizer |         Static |            - |         16 |         16 |       0 |    0 |    11 |      0 |      0 |    0 |          0 |
|                 USE_WRITE.write_addr_inst                                                                   |                            axi_dwidth_converter_v2_1_27_a_downsizer |         Static |            - |        351 |        325 |      26 |    0 |   380 |      0 |      0 |    0 |          0 |
|                   (USE_WRITE.write_addr_inst)                                                               |                            axi_dwidth_converter_v2_1_27_a_downsizer |         Static |            - |        146 |        146 |       0 |    0 |   242 |      0 |      0 |    0 |          0 |
|                   USE_B_CHANNEL.cmd_b_queue                                                                 |                                     axi_data_fifo_v2_1_26_axic_fifo |         Static |            - |         45 |         37 |       8 |    0 |    46 |      0 |      0 |    0 |          0 |
|                     inst                                                                                    |                                      axi_data_fifo_v2_1_26_fifo_gen |         Static |            - |         45 |         37 |       8 |    0 |    46 |      0 |      0 |    0 |          0 |
|                       (inst)                                                                                |                                      axi_data_fifo_v2_1_26_fifo_gen |         Static |            - |         11 |         11 |       0 |    0 |     0 |      0 |      0 |    0 |          0 |
|                       fifo_gen_inst                                                                         |                                              fifo_generator_v13_2_7 |         Static |            - |         34 |         26 |       8 |    0 |    46 |      0 |      0 |    0 |          0 |
|                         inst_fifo_gen                                                                       |                                        fifo_generator_v13_2_7_synth |         Static |            - |         34 |         26 |       8 |    0 |    46 |      0 |      0 |    0 |          0 |
|                           gconvfifo.rf                                                                      |                                                  fifo_generator_top |         Static |            - |         34 |         26 |       8 |    0 |    46 |      0 |      0 |    0 |          0 |
|                             grf.rf                                                                          |                                              fifo_generator_ramfifo |         Static |            - |         34 |         26 |       8 |    0 |    46 |      0 |      0 |    0 |          0 |
|                               gntv_or_sync_fifo.gl0.rd                                                      |                                                        rd_logic_131 |         Static |            - |          9 |          9 |       0 |    0 |    20 |      0 |      0 |    0 |          0 |
|                                 gr1.gr1_int.rfwft                                                           |                                                         rd_fwft_135 |         Static |            - |          6 |          6 |       0 |    0 |     8 |      0 |      0 |    0 |          0 |
|                                 grss.rsts                                                                   |                                              rd_status_flags_ss_136 |         Static |            - |          0 |          0 |       0 |    0 |     2 |      0 |      0 |    0 |          0 |
|                                 rpntr                                                                       |                                                     rd_bin_cntr_137 |         Static |            - |          3 |          3 |       0 |    0 |    10 |      0 |      0 |    0 |          0 |
|                               gntv_or_sync_fifo.gl0.wr                                                      |                                                        wr_logic_132 |         Static |            - |         12 |         12 |       0 |    0 |    12 |      0 |      0 |    0 |          0 |
|                                 gwss.wsts                                                                   |                                              wr_status_flags_ss_133 |         Static |            - |          2 |          2 |       0 |    0 |     2 |      0 |      0 |    0 |          0 |
|                                 wpntr                                                                       |                                                     wr_bin_cntr_134 |         Static |            - |         11 |         11 |       0 |    0 |    10 |      0 |      0 |    0 |          0 |
|                               gntv_or_sync_fifo.mem                                                         |                                                              memory |         Static |            - |          8 |          0 |       8 |    0 |    10 |      0 |      0 |    0 |          0 |
|                                 (gntv_or_sync_fifo.mem)                                                     |                                                              memory |         Static |            - |          0 |          0 |       0 |    0 |     5 |      0 |      0 |    0 |          0 |
|                                 gdm.dm_gen.dm                                                               |                                                                dmem |         Static |            - |          8 |          0 |       8 |    0 |     5 |      0 |      0 |    0 |          0 |
|                               rstblk                                                                        |                                        reset_blk_ramfifo__xdcDup__1 |         Static |            - |          5 |          5 |       0 |    0 |     4 |      0 |      0 |    0 |          0 |
|                                 (rstblk)                                                                    |                                        reset_blk_ramfifo__xdcDup__1 |         Static |            - |          5 |          5 |       0 |    0 |     2 |      0 |      0 |    0 |          0 |
|                                 ngwrdrst.grst.g7serrst.gnsckt_wrst.rst_wr_reg2_inst                         |                                                   xpm_cdc_async_rst |         Static |            - |          0 |          0 |       0 |    0 |     2 |      0 |      0 |    0 |          0 |
|                   cmd_queue                                                                                 |          axi_data_fifo_v2_1_26_axic_fifo__parameterized0__xdcDup__1 |         Static |            - |        161 |        143 |      18 |    0 |    92 |      0 |      0 |    0 |          0 |
|                     inst                                                                                    |           axi_data_fifo_v2_1_26_fifo_gen__parameterized0__xdcDup__1 |         Static |            - |        161 |        143 |      18 |    0 |    92 |      0 |      0 |    0 |          0 |
|                       (inst)                                                                                |           axi_data_fifo_v2_1_26_fifo_gen__parameterized0__xdcDup__1 |         Static |            - |        117 |        117 |       0 |    0 |     0 |      0 |      0 |    0 |          0 |
|                       fifo_gen_inst                                                                         |                   fifo_generator_v13_2_7__parameterized0__xdcDup__1 |         Static |            - |         44 |         26 |      18 |    0 |    92 |      0 |      0 |    0 |          0 |
|                         inst_fifo_gen                                                                       |             fifo_generator_v13_2_7_synth__parameterized0__xdcDup__1 |         Static |            - |         44 |         26 |      18 |    0 |    92 |      0 |      0 |    0 |          0 |
|                           gconvfifo.rf                                                                      |                       fifo_generator_top__parameterized0__xdcDup__1 |         Static |            - |         44 |         26 |      18 |    0 |    92 |      0 |      0 |    0 |          0 |
|                             grf.rf                                                                          |                   fifo_generator_ramfifo__parameterized0__xdcDup__1 |         Static |            - |         44 |         26 |      18 |    0 |    92 |      0 |      0 |    0 |          0 |
|                               gntv_or_sync_fifo.gl0.rd                                                      |                                                            rd_logic |         Static |            - |          9 |          9 |       0 |    0 |    20 |      0 |      0 |    0 |          0 |
|                                 gr1.gr1_int.rfwft                                                           |                                                             rd_fwft |         Static |            - |          6 |          6 |       0 |    0 |     8 |      0 |      0 |    0 |          0 |
|                                 grss.rsts                                                                   |                                                  rd_status_flags_ss |         Static |            - |          0 |          0 |       0 |    0 |     2 |      0 |      0 |    0 |          0 |
|                                 rpntr                                                                       |                                                         rd_bin_cntr |         Static |            - |          3 |          3 |       0 |    0 |    10 |      0 |      0 |    0 |          0 |
|                               gntv_or_sync_fifo.gl0.wr                                                      |                                                            wr_logic |         Static |            - |         12 |         12 |       0 |    0 |    12 |      0 |      0 |    0 |          0 |
|                                 gwss.wsts                                                                   |                                                  wr_status_flags_ss |         Static |            - |          2 |          2 |       0 |    0 |     2 |      0 |      0 |    0 |          0 |
|                                 wpntr                                                                       |                                                         wr_bin_cntr |         Static |            - |         11 |         11 |       0 |    0 |    10 |      0 |      0 |    0 |          0 |
|                               gntv_or_sync_fifo.mem                                                         |                                              memory__parameterized0 |         Static |            - |         18 |          0 |      18 |    0 |    56 |      0 |      0 |    0 |          0 |
|                                 (gntv_or_sync_fifo.mem)                                                     |                                              memory__parameterized0 |         Static |            - |          0 |          0 |       0 |    0 |    28 |      0 |      0 |    0 |          0 |
|                                 gdm.dm_gen.dm                                                               |                                                dmem__parameterized0 |         Static |            - |         18 |          0 |      18 |    0 |    28 |      0 |      0 |    0 |          0 |
|                               rstblk                                                                        |                                        reset_blk_ramfifo__xdcDup__2 |         Static |            - |          5 |          5 |       0 |    0 |     4 |      0 |      0 |    0 |          0 |
|                                 (rstblk)                                                                    |                                        reset_blk_ramfifo__xdcDup__2 |         Static |            - |          5 |          5 |       0 |    0 |     2 |      0 |      0 |    0 |          0 |
|                                 ngwrdrst.grst.g7serrst.gnsckt_wrst.rst_wr_reg2_inst                         |                                                xpm_cdc_async_rst__4 |         Static |            - |          0 |          0 |       0 |    0 |     2 |      0 |      0 |    0 |          0 |
|                 USE_WRITE.write_data_inst                                                                   |                            axi_dwidth_converter_v2_1_27_w_downsizer |         Static |            - |         18 |         18 |       0 |    0 |    13 |      0 |      0 |    0 |          0 |
|           auto_pc                                                                                           |                                                 processor_auto_pc_0 |         Static |            - |        393 |        348 |       0 |   45 |   435 |      0 |      0 |    0 |          0 |
|             inst                                                                                            |               axi_protocol_converter_v2_1_27_axi_protocol_converter |         Static |            - |        393 |        348 |       0 |   45 |   435 |      0 |      0 |    0 |          0 |
|               gen_axilite.gen_b2s_conv.axilite_b2s                                                          |                                  axi_protocol_converter_v2_1_27_b2s |         Static |            - |        393 |        348 |       0 |   45 |   435 |      0 |      0 |    0 |          0 |
|                 (gen_axilite.gen_b2s_conv.axilite_b2s)                                                      |                                  axi_protocol_converter_v2_1_27_b2s |         Static |            - |          0 |          0 |       0 |    0 |     1 |      0 |      0 |    0 |          0 |
|                 RD.ar_channel_0                                                                             |                       axi_protocol_converter_v2_1_27_b2s_ar_channel |         Static |            - |         87 |         87 |       0 |    0 |    64 |      0 |      0 |    0 |          0 |
|                   ar_cmd_fsm_0                                                                              |                       axi_protocol_converter_v2_1_27_b2s_rd_cmd_fsm |         Static |            - |         25 |         25 |       0 |    0 |     2 |      0 |      0 |    0 |          0 |
|                   cmd_translator_0                                                                          |               axi_protocol_converter_v2_1_27_b2s_cmd_translator_128 |         Static |            - |         62 |         62 |       0 |    0 |    62 |      0 |      0 |    0 |          0 |
|                     (cmd_translator_0)                                                                      |               axi_protocol_converter_v2_1_27_b2s_cmd_translator_128 |         Static |            - |          1 |          1 |       0 |    0 |     3 |      0 |      0 |    0 |          0 |
|                     incr_cmd_0                                                                              |                     axi_protocol_converter_v2_1_27_b2s_incr_cmd_129 |         Static |            - |         27 |         27 |       0 |    0 |    20 |      0 |      0 |    0 |          0 |
|                     wrap_cmd_0                                                                              |                     axi_protocol_converter_v2_1_27_b2s_wrap_cmd_130 |         Static |            - |         34 |         34 |       0 |    0 |    39 |      0 |      0 |    0 |          0 |
|                 RD.r_channel_0                                                                              |                        axi_protocol_converter_v2_1_27_b2s_r_channel |         Static |            - |         49 |         14 |       0 |   35 |    12 |      0 |      0 |    0 |          0 |
|                   (RD.r_channel_0)                                                                          |                        axi_protocol_converter_v2_1_27_b2s_r_channel |         Static |            - |          0 |          0 |       0 |    0 |     2 |      0 |      0 |    0 |          0 |
|                   rd_data_fifo_0                                                                            |      axi_protocol_converter_v2_1_27_b2s_simple_fifo__parameterized1 |         Static |            - |         41 |          7 |       0 |   34 |     5 |      0 |      0 |    0 |          0 |
|                   transaction_fifo_0                                                                        |      axi_protocol_converter_v2_1_27_b2s_simple_fifo__parameterized2 |         Static |            - |          8 |          7 |       0 |    1 |     5 |      0 |      0 |    0 |          0 |
|                 SI_REG                                                                                      |                       axi_register_slice_v2_1_27_axi_register_slice |         Static |            - |        136 |        136 |       0 |    0 |   268 |      0 |      0 |    0 |          0 |
|                   ar.ar_pipe                                                                                |                      axi_register_slice_v2_1_27_axic_register_slice |         Static |            - |         55 |         55 |       0 |    0 |    95 |      0 |      0 |    0 |          0 |
|                   aw.aw_pipe                                                                                |                  axi_register_slice_v2_1_27_axic_register_slice_127 |         Static |            - |         56 |         56 |       0 |    0 |    95 |      0 |      0 |    0 |          0 |
|                   b.b_pipe                                                                                  |      axi_register_slice_v2_1_27_axic_register_slice__parameterized1 |         Static |            - |          4 |          4 |       0 |    0 |     6 |      0 |      0 |    0 |          0 |
|                   r.r_pipe                                                                                  |      axi_register_slice_v2_1_27_axic_register_slice__parameterized2 |         Static |            - |         21 |         21 |       0 |    0 |    72 |      0 |      0 |    0 |          0 |
|                 WR.aw_channel_0                                                                             |                       axi_protocol_converter_v2_1_27_b2s_aw_channel |         Static |            - |         93 |         93 |       0 |    0 |    73 |      0 |      0 |    0 |          0 |
|                   (WR.aw_channel_0)                                                                         |                       axi_protocol_converter_v2_1_27_b2s_aw_channel |         Static |            - |          0 |          0 |       0 |    0 |     8 |      0 |      0 |    0 |          0 |
|                   aw_cmd_fsm_0                                                                              |                       axi_protocol_converter_v2_1_27_b2s_wr_cmd_fsm |         Static |            - |         25 |         25 |       0 |    0 |     2 |      0 |      0 |    0 |          0 |
|                   cmd_translator_0                                                                          |                   axi_protocol_converter_v2_1_27_b2s_cmd_translator |         Static |            - |         68 |         68 |       0 |    0 |    63 |      0 |      0 |    0 |          0 |
|                     (cmd_translator_0)                                                                      |                   axi_protocol_converter_v2_1_27_b2s_cmd_translator |         Static |            - |          0 |          0 |       0 |    0 |     3 |      0 |      0 |    0 |          0 |
|                     incr_cmd_0                                                                              |                         axi_protocol_converter_v2_1_27_b2s_incr_cmd |         Static |            - |         32 |         32 |       0 |    0 |    21 |      0 |      0 |    0 |          0 |
|                     wrap_cmd_0                                                                              |                         axi_protocol_converter_v2_1_27_b2s_wrap_cmd |         Static |            - |         36 |         36 |       0 |    0 |    39 |      0 |      0 |    0 |          0 |
|                 WR.b_channel_0                                                                              |                        axi_protocol_converter_v2_1_27_b2s_b_channel |         Static |            - |         29 |         19 |       0 |   10 |    17 |      0 |      0 |    0 |          0 |
|                   (WR.b_channel_0)                                                                          |                        axi_protocol_converter_v2_1_27_b2s_b_channel |         Static |            - |          6 |          6 |       0 |    0 |    13 |      0 |      0 |    0 |          0 |
|                   bid_fifo_0                                                                                |                      axi_protocol_converter_v2_1_27_b2s_simple_fifo |         Static |            - |         18 |         10 |       0 |    8 |     2 |      0 |      0 |    0 |          0 |
|                   bresp_fifo_0                                                                              |      axi_protocol_converter_v2_1_27_b2s_simple_fifo__parameterized0 |         Static |            - |          5 |          3 |       0 |    2 |     2 |      0 |      0 |    0 |          0 |
|         xbar                                                                                                |                                                    processor_xbar_0 |         Static |            - |        179 |        179 |       0 |    0 |   131 |      0 |      0 |    0 |          0 |
|           inst                                                                                              |                                   axi_crossbar_v2_1_28_axi_crossbar |         Static |            - |        179 |        179 |       0 |    0 |   131 |      0 |      0 |    0 |          0 |
|             gen_sasd.crossbar_sasd_0                                                                        |                                  axi_crossbar_v2_1_28_crossbar_sasd |         Static |            - |        179 |        179 |       0 |    0 |   131 |      0 |      0 |    0 |          0 |
|               (gen_sasd.crossbar_sasd_0)                                                                    |                                  axi_crossbar_v2_1_28_crossbar_sasd |         Static |            - |          4 |          4 |       0 |    0 |    10 |      0 |      0 |    0 |          0 |
|               addr_arbiter_inst                                                                             |                              axi_crossbar_v2_1_28_addr_arbiter_sasd |         Static |            - |         77 |         77 |       0 |    0 |    38 |      0 |      0 |    0 |          0 |
|               gen_decerr.decerr_slave_inst                                                                  |                                   axi_crossbar_v2_1_28_decerr_slave |         Static |            - |         12 |         12 |       0 |    0 |     4 |      0 |      0 |    0 |          0 |
|               reg_slice_r                                                                                   |      axi_register_slice_v2_1_27_axic_register_slice__parameterized7 |         Static |            - |         80 |         80 |       0 |    0 |    74 |      0 |      0 |    0 |          0 |
|               splitter_ar                                                                                   |                       axi_crossbar_v2_1_28_splitter__parameterized0 |         Static |            - |          2 |          2 |       0 |    0 |     2 |      0 |      0 |    0 |          0 |
|               splitter_aw                                                                                   |                                       axi_crossbar_v2_1_28_splitter |         Static |            - |          5 |          5 |       0 |    0 |     3 |      0 |      0 |    0 |          0 |
|       PS                                                                                                    |                                                      processor_PS_0 |         Static |            - |          0 |          0 |       0 |    0 |     0 |      0 |      0 |    0 |          0 |
|         U0                                                                                                  |                              zynq_ultra_ps_e_v3_4_1_zynq_ultra_ps_e |         Static |            - |          0 |          0 |       0 |    0 |     0 |      0 |      0 |    0 |          0 |
|       RESET_DDR                                                                                             |                                               processor_RESET_DDR_0 |         Static |            - |         16 |         15 |       0 |    1 |    43 |      0 |      0 |    0 |          0 |
|         U0                                                                                                  |                                                   proc_sys_reset__1 |         Static |            - |         16 |         15 |       0 |    1 |    43 |      0 |      0 |    0 |          0 |
|           (U0)                                                                                              |                                                   proc_sys_reset__1 |         Static |            - |          0 |          0 |       0 |    0 |    16 |      0 |      0 |    0 |          0 |
|           EXT_LPF                                                                                           |                                                                 lpf |         Static |            - |          4 |          3 |       0 |    1 |     9 |      0 |      0 |    0 |          0 |
|             (EXT_LPF)                                                                                       |                                                                 lpf |         Static |            - |          2 |          1 |       0 |    1 |     5 |      0 |      0 |    0 |          0 |
|             ACTIVE_LOW_EXT.ACT_LO_EXT                                                                       |                                                            cdc_sync |         Static |            - |          2 |          2 |       0 |    0 |     4 |      0 |      0 |    0 |          0 |
|           SEQ                                                                                               |                                                        sequence_psr |         Static |            - |         12 |         12 |       0 |    0 |    18 |      0 |      0 |    0 |          0 |
|             (SEQ)                                                                                           |                                                        sequence_psr |         Static |            - |          8 |          8 |       0 |    0 |    12 |      0 |      0 |    0 |          0 |
|             SEQ_COUNTER                                                                                     |                                                             upcnt_n |         Static |            - |          4 |          4 |       0 |    0 |     6 |      0 |      0 |    0 |          0 |
|       RESET_SYS                                                                                             |                                               processor_RESET_SYS_0 |         Static |            - |         16 |         15 |       0 |    1 |    29 |      0 |      0 |    0 |          0 |
|         U0                                                                                                  |                                                      proc_sys_reset |         Static |            - |         16 |         15 |       0 |    1 |    29 |      0 |      0 |    0 |          0 |
|           (U0)                                                                                              |                                                      proc_sys_reset |         Static |            - |          0 |          0 |       0 |    0 |     2 |      0 |      0 |    0 |          0 |
|           EXT_LPF                                                                                           |                                                             lpf_147 |         Static |            - |          4 |          3 |       0 |    1 |     9 |      0 |      0 |    0 |          0 |
|             (EXT_LPF)                                                                                       |                                                             lpf_147 |         Static |            - |          2 |          1 |       0 |    1 |     5 |      0 |      0 |    0 |          0 |
|             ACTIVE_LOW_EXT.ACT_LO_EXT                                                                       |                                                        cdc_sync_150 |         Static |            - |          2 |          2 |       0 |    0 |     4 |      0 |      0 |    0 |          0 |
|           SEQ                                                                                               |                                                    sequence_psr_148 |         Static |            - |         12 |         12 |       0 |    0 |    18 |      0 |      0 |    0 |          0 |
|             (SEQ)                                                                                           |                                                    sequence_psr_148 |         Static |            - |          8 |          8 |       0 |    0 |    12 |      0 |      0 |    0 |          0 |
|             SEQ_COUNTER                                                                                     |                                                         upcnt_n_149 |         Static |            - |          4 |          4 |       0 |    0 |     6 |      0 |      0 |    0 |          0 |
|       axi_crossbar_0                                                                                        |                                          processor_axi_crossbar_0_0 |         Static |            - |        720 |        712 |       0 |    8 |   420 |      0 |      0 |    0 |          0 |
|         inst                                                                                                |               axi_crossbar_v2_1_28_axi_crossbar__parameterized0_387 |         Static |            - |        720 |        712 |       0 |    8 |   420 |      0 |      0 |    0 |          0 |
|           gen_samd.crossbar_samd                                                                            |                                   axi_crossbar_v2_1_28_crossbar_388 |         Static |            - |        720 |        712 |       0 |    8 |   420 |      0 |      0 |    0 |          0 |
|             (gen_samd.crossbar_samd)                                                                        |                                   axi_crossbar_v2_1_28_crossbar_388 |         Static |            - |          3 |          3 |       0 |    0 |    10 |      0 |      0 |    0 |          0 |
|             addr_arbiter_ar                                                                                 |                               axi_crossbar_v2_1_28_addr_arbiter_389 |         Static |            - |         30 |         30 |       0 |    0 |    23 |      0 |      0 |    0 |          0 |
|             addr_arbiter_aw                                                                                 |                               axi_crossbar_v2_1_28_addr_arbiter_390 |         Static |            - |         98 |         98 |       0 |    0 |    69 |      0 |      0 |    0 |          0 |
|               (addr_arbiter_aw)                                                                             |                               axi_crossbar_v2_1_28_addr_arbiter_390 |         Static |            - |         53 |         53 |       0 |    0 |    69 |      0 |      0 |    0 |          0 |
|               gen_arbiter.mux_mesg                                                                          |               generic_baseblocks_v2_1_0_mux_enc__parameterized6_440 |         Static |            - |         45 |         45 |       0 |    0 |     0 |      0 |      0 |    0 |          0 |
|             gen_decerr_slave.decerr_slave_inst                                                              |               axi_crossbar_v2_1_28_decerr_slave__parameterized0_391 |         Static |            - |         19 |         19 |       0 |    0 |    21 |      0 |      0 |    0 |          0 |
|             gen_master_slots[0].gen_mi_write.wdata_mux_w                                                    |                                  axi_crossbar_v2_1_28_wdata_mux_392 |         Static |            - |        163 |        161 |       0 |    2 |     9 |      0 |      0 |    0 |          0 |
|               gen_wmux.mux_w                                                                                |               generic_baseblocks_v2_1_0_mux_enc__parameterized5_436 |         Static |            - |        144 |        144 |       0 |    0 |     0 |      0 |      0 |    0 |          0 |
|               gen_wmux.wmux_aw_fifo                                                                         |         axi_data_fifo_v2_1_26_axic_reg_srl_fifo__parameterized0_437 |         Static |            - |         19 |         17 |       0 |    2 |     9 |      0 |      0 |    0 |          0 |
|                 (gen_wmux.wmux_aw_fifo)                                                                     |         axi_data_fifo_v2_1_26_axic_reg_srl_fifo__parameterized0_437 |         Static |            - |         13 |         13 |       0 |    0 |     9 |      0 |      0 |    0 |          0 |
|                 gen_srls[0].gen_rep[0].srl_nx1                                                              |                 axi_data_fifo_v2_1_26_ndeep_srl__parameterized1_438 |         Static |            - |          2 |          1 |       0 |    1 |     0 |      0 |      0 |    0 |          0 |
|                 gen_srls[0].gen_rep[1].srl_nx1                                                              |                 axi_data_fifo_v2_1_26_ndeep_srl__parameterized1_439 |         Static |            - |          5 |          4 |       0 |    1 |     0 |      0 |      0 |    0 |          0 |
|             gen_master_slots[0].reg_slice_mi                                                                |   axi_register_slice_v2_1_27_axi_register_slice__parameterized1_393 |         Static |            - |         60 |         60 |       0 |    0 |    17 |      0 |      0 |    0 |          0 |
|               b.b_pipe                                                                                      | axi_register_slice_v2_1_27_axic_register_slice__parameterized10_434 |         Static |            - |         27 |         27 |       0 |    0 |     9 |      0 |      0 |    0 |          0 |
|               r.r_pipe                                                                                      | axi_register_slice_v2_1_27_axic_register_slice__parameterized11_435 |         Static |            - |         33 |         33 |       0 |    0 |     8 |      0 |      0 |    0 |          0 |
|             gen_master_slots[1].gen_mi_write.wdata_mux_w                                                    |                  axi_crossbar_v2_1_28_wdata_mux__parameterized0_394 |         Static |            - |         26 |         24 |       0 |    2 |     8 |      0 |      0 |    0 |          0 |
|               gen_wmux.wmux_aw_fifo                                                                         |         axi_data_fifo_v2_1_26_axic_reg_srl_fifo__parameterized1_431 |         Static |            - |         26 |         24 |       0 |    2 |     8 |      0 |      0 |    0 |          0 |
|                 (gen_wmux.wmux_aw_fifo)                                                                     |         axi_data_fifo_v2_1_26_axic_reg_srl_fifo__parameterized1_431 |         Static |            - |         19 |         19 |       0 |    0 |     8 |      0 |      0 |    0 |          0 |
|                 gen_srls[0].gen_rep[0].srl_nx1                                                              |                 axi_data_fifo_v2_1_26_ndeep_srl__parameterized1_432 |         Static |            - |          2 |          1 |       0 |    1 |     0 |      0 |      0 |    0 |          0 |
|                 gen_srls[0].gen_rep[1].srl_nx1                                                              |                 axi_data_fifo_v2_1_26_ndeep_srl__parameterized1_433 |         Static |            - |          5 |          4 |       0 |    1 |     0 |      0 |      0 |    0 |          0 |
|             gen_master_slots[1].reg_slice_mi                                                                |   axi_register_slice_v2_1_27_axi_register_slice__parameterized1_395 |         Static |            - |         62 |         62 |       0 |    0 |    12 |      0 |      0 |    0 |          0 |
|               b.b_pipe                                                                                      | axi_register_slice_v2_1_27_axic_register_slice__parameterized10_429 |         Static |            - |         56 |         56 |       0 |    0 |     8 |      0 |      0 |    0 |          0 |
|               r.r_pipe                                                                                      | axi_register_slice_v2_1_27_axic_register_slice__parameterized11_430 |         Static |            - |          6 |          6 |       0 |    0 |     4 |      0 |      0 |    0 |          0 |
|             gen_slave_slots[0].gen_si_read.si_transactor_ar                                                 |                              axi_crossbar_v2_1_28_si_transactor_396 |         Static |            - |          7 |          7 |       0 |    0 |     9 |      0 |      0 |    0 |          0 |
|               (gen_slave_slots[0].gen_si_read.si_transactor_ar)                                             |                              axi_crossbar_v2_1_28_si_transactor_396 |         Static |            - |          7 |          7 |       0 |    0 |     5 |      0 |      0 |    0 |          0 |
|               gen_multi_thread.arbiter_resp_inst                                                            |                               axi_crossbar_v2_1_28_arbiter_resp_428 |         Static |            - |          0 |          0 |       0 |    0 |     4 |      0 |      0 |    0 |          0 |
|             gen_slave_slots[0].gen_si_write.si_transactor_aw                                                |              axi_crossbar_v2_1_28_si_transactor__parameterized0_397 |         Static |            - |         40 |         40 |       0 |    0 |    43 |      0 |      0 |    0 |          0 |
|               (gen_slave_slots[0].gen_si_write.si_transactor_aw)                                            |              axi_crossbar_v2_1_28_si_transactor__parameterized0_397 |         Static |            - |         38 |         38 |       0 |    0 |    39 |      0 |      0 |    0 |          0 |
|               gen_multi_thread.arbiter_resp_inst                                                            |                               axi_crossbar_v2_1_28_arbiter_resp_427 |         Static |            - |          2 |          2 |       0 |    0 |     4 |      0 |      0 |    0 |          0 |
|             gen_slave_slots[0].gen_si_write.splitter_aw_si                                                  |                   axi_crossbar_v2_1_28_splitter__parameterized0_398 |         Static |            - |          3 |          3 |       0 |    0 |     2 |      0 |      0 |    0 |          0 |
|             gen_slave_slots[0].gen_si_write.wdata_router_w                                                  |                               axi_crossbar_v2_1_28_wdata_router_399 |         Static |            - |         16 |         15 |       0 |    1 |     9 |      0 |      0 |    0 |          0 |
|               wrouter_aw_fifo                                                                               |                         axi_data_fifo_v2_1_26_axic_reg_srl_fifo_425 |         Static |            - |         16 |         15 |       0 |    1 |     9 |      0 |      0 |    0 |          0 |
|                 (wrouter_aw_fifo)                                                                           |                         axi_data_fifo_v2_1_26_axic_reg_srl_fifo_425 |         Static |            - |         12 |         12 |       0 |    0 |     9 |      0 |      0 |    0 |          0 |
|                 gen_srls[0].gen_rep[0].srl_nx1                                                              |                 axi_data_fifo_v2_1_26_ndeep_srl__parameterized1_426 |         Static |            - |          4 |          3 |       0 |    1 |     0 |      0 |      0 |    0 |          0 |
|             gen_slave_slots[1].gen_si_read.si_transactor_ar                                                 |              axi_crossbar_v2_1_28_si_transactor__parameterized1_400 |         Static |            - |          8 |          8 |       0 |    0 |     8 |      0 |      0 |    0 |          0 |
|               (gen_slave_slots[1].gen_si_read.si_transactor_ar)                                             |              axi_crossbar_v2_1_28_si_transactor__parameterized1_400 |         Static |            - |          8 |          8 |       0 |    0 |     5 |      0 |      0 |    0 |          0 |
|               gen_multi_thread.arbiter_resp_inst                                                            |                               axi_crossbar_v2_1_28_arbiter_resp_424 |         Static |            - |          0 |          0 |       0 |    0 |     3 |      0 |      0 |    0 |          0 |
|             gen_slave_slots[1].gen_si_write.si_transactor_aw                                                |              axi_crossbar_v2_1_28_si_transactor__parameterized2_401 |         Static |            - |         42 |         42 |       0 |    0 |    43 |      0 |      0 |    0 |          0 |
|               (gen_slave_slots[1].gen_si_write.si_transactor_aw)                                            |              axi_crossbar_v2_1_28_si_transactor__parameterized2_401 |         Static |            - |         40 |         40 |       0 |    0 |    39 |      0 |      0 |    0 |          0 |
|               gen_multi_thread.arbiter_resp_inst                                                            |                               axi_crossbar_v2_1_28_arbiter_resp_423 |         Static |            - |          2 |          2 |       0 |    0 |     4 |      0 |      0 |    0 |          0 |
|             gen_slave_slots[1].gen_si_write.splitter_aw_si                                                  |                   axi_crossbar_v2_1_28_splitter__parameterized0_402 |         Static |            - |          3 |          3 |       0 |    0 |     2 |      0 |      0 |    0 |          0 |
|             gen_slave_slots[1].gen_si_write.wdata_router_w                                                  |                               axi_crossbar_v2_1_28_wdata_router_403 |         Static |            - |         14 |         13 |       0 |    1 |     9 |      0 |      0 |    0 |          0 |
|               wrouter_aw_fifo                                                                               |                         axi_data_fifo_v2_1_26_axic_reg_srl_fifo_421 |         Static |            - |         14 |         13 |       0 |    1 |     9 |      0 |      0 |    0 |          0 |
|                 (wrouter_aw_fifo)                                                                           |                         axi_data_fifo_v2_1_26_axic_reg_srl_fifo_421 |         Static |            - |         10 |         10 |       0 |    0 |     9 |      0 |      0 |    0 |          0 |
|                 gen_srls[0].gen_rep[0].srl_nx1                                                              |                 axi_data_fifo_v2_1_26_ndeep_srl__parameterized1_422 |         Static |            - |          4 |          3 |       0 |    1 |     0 |      0 |      0 |    0 |          0 |
|             gen_slave_slots[2].gen_si_read.si_transactor_ar                                                 |              axi_crossbar_v2_1_28_si_transactor__parameterized3_404 |         Static |            - |          7 |          7 |       0 |    0 |     8 |      0 |      0 |    0 |          0 |
|               (gen_slave_slots[2].gen_si_read.si_transactor_ar)                                             |              axi_crossbar_v2_1_28_si_transactor__parameterized3_404 |         Static |            - |          7 |          7 |       0 |    0 |     5 |      0 |      0 |    0 |          0 |
|               gen_multi_thread.arbiter_resp_inst                                                            |                               axi_crossbar_v2_1_28_arbiter_resp_420 |         Static |            - |          0 |          0 |       0 |    0 |     3 |      0 |      0 |    0 |          0 |
|             gen_slave_slots[2].gen_si_write.si_transactor_aw                                                |              axi_crossbar_v2_1_28_si_transactor__parameterized4_405 |         Static |            - |         40 |         40 |       0 |    0 |    43 |      0 |      0 |    0 |          0 |
|               (gen_slave_slots[2].gen_si_write.si_transactor_aw)                                            |              axi_crossbar_v2_1_28_si_transactor__parameterized4_405 |         Static |            - |         38 |         38 |       0 |    0 |    39 |      0 |      0 |    0 |          0 |
|               gen_multi_thread.arbiter_resp_inst                                                            |                               axi_crossbar_v2_1_28_arbiter_resp_419 |         Static |            - |          2 |          2 |       0 |    0 |     4 |      0 |      0 |    0 |          0 |
|             gen_slave_slots[2].gen_si_write.splitter_aw_si                                                  |                   axi_crossbar_v2_1_28_splitter__parameterized0_406 |         Static |            - |          3 |          3 |       0 |    0 |     2 |      0 |      0 |    0 |          0 |
|             gen_slave_slots[2].gen_si_write.wdata_router_w                                                  |                               axi_crossbar_v2_1_28_wdata_router_407 |         Static |            - |         17 |         16 |       0 |    1 |     9 |      0 |      0 |    0 |          0 |
|               wrouter_aw_fifo                                                                               |                         axi_data_fifo_v2_1_26_axic_reg_srl_fifo_417 |         Static |            - |         17 |         16 |       0 |    1 |     9 |      0 |      0 |    0 |          0 |
|                 (wrouter_aw_fifo)                                                                           |                         axi_data_fifo_v2_1_26_axic_reg_srl_fifo_417 |         Static |            - |         13 |         13 |       0 |    0 |     9 |      0 |      0 |    0 |          0 |
|                 gen_srls[0].gen_rep[0].srl_nx1                                                              |                 axi_data_fifo_v2_1_26_ndeep_srl__parameterized1_418 |         Static |            - |          4 |          3 |       0 |    1 |     0 |      0 |      0 |    0 |          0 |
|             gen_slave_slots[3].gen_si_read.si_transactor_ar                                                 |              axi_crossbar_v2_1_28_si_transactor__parameterized5_408 |         Static |            - |          9 |          9 |       0 |    0 |     8 |      0 |      0 |    0 |          0 |
|               (gen_slave_slots[3].gen_si_read.si_transactor_ar)                                             |              axi_crossbar_v2_1_28_si_transactor__parameterized5_408 |         Static |            - |          8 |          8 |       0 |    0 |     5 |      0 |      0 |    0 |          0 |
|               gen_multi_thread.arbiter_resp_inst                                                            |                               axi_crossbar_v2_1_28_arbiter_resp_416 |         Static |            - |          1 |          1 |       0 |    0 |     3 |      0 |      0 |    0 |          0 |
|             gen_slave_slots[3].gen_si_write.si_transactor_aw                                                |              axi_crossbar_v2_1_28_si_transactor__parameterized6_409 |         Static |            - |         41 |         41 |       0 |    0 |    43 |      0 |      0 |    0 |          0 |
|               (gen_slave_slots[3].gen_si_write.si_transactor_aw)                                            |              axi_crossbar_v2_1_28_si_transactor__parameterized6_409 |         Static |            - |         39 |         39 |       0 |    0 |    39 |      0 |      0 |    0 |          0 |
|               gen_multi_thread.arbiter_resp_inst                                                            |                               axi_crossbar_v2_1_28_arbiter_resp_415 |         Static |            - |          2 |          2 |       0 |    0 |     4 |      0 |      0 |    0 |          0 |
|             gen_slave_slots[3].gen_si_write.splitter_aw_si                                                  |                   axi_crossbar_v2_1_28_splitter__parameterized0_410 |         Static |            - |          3 |          3 |       0 |    0 |     2 |      0 |      0 |    0 |          0 |
|             gen_slave_slots[3].gen_si_write.wdata_router_w                                                  |                               axi_crossbar_v2_1_28_wdata_router_411 |         Static |            - |         14 |         13 |       0 |    1 |     9 |      0 |      0 |    0 |          0 |
|               wrouter_aw_fifo                                                                               |                         axi_data_fifo_v2_1_26_axic_reg_srl_fifo_413 |         Static |            - |         14 |         13 |       0 |    1 |     9 |      0 |      0 |    0 |          0 |
|                 (wrouter_aw_fifo)                                                                           |                         axi_data_fifo_v2_1_26_axic_reg_srl_fifo_413 |         Static |            - |         10 |         10 |       0 |    0 |     9 |      0 |      0 |    0 |          0 |
|                 gen_srls[0].gen_rep[0].srl_nx1                                                              |                 axi_data_fifo_v2_1_26_ndeep_srl__parameterized1_414 |         Static |            - |          4 |          3 |       0 |    1 |     0 |      0 |      0 |    0 |          0 |
|             splitter_aw_mi                                                                                  |                   axi_crossbar_v2_1_28_splitter__parameterized0_412 |         Static |            - |          3 |          3 |       0 |    0 |     2 |      0 |      0 |    0 |          0 |
|       axi_crossbar_1                                                                                        |                                          processor_axi_crossbar_1_0 |         Static |            - |        736 |        728 |       0 |    8 |   423 |      0 |      0 |    0 |          0 |
|         inst                                                                                                |               axi_crossbar_v2_1_28_axi_crossbar__parameterized0_332 |         Static |            - |        736 |        728 |       0 |    8 |   423 |      0 |      0 |    0 |          0 |
|           gen_samd.crossbar_samd                                                                            |                                   axi_crossbar_v2_1_28_crossbar_333 |         Static |            - |        736 |        728 |       0 |    8 |   423 |      0 |      0 |    0 |          0 |
|             (gen_samd.crossbar_samd)                                                                        |                                   axi_crossbar_v2_1_28_crossbar_333 |         Static |            - |          3 |          3 |       0 |    0 |    13 |      0 |      0 |    0 |          0 |
|             addr_arbiter_ar                                                                                 |                               axi_crossbar_v2_1_28_addr_arbiter_334 |         Static |            - |         30 |         30 |       0 |    0 |    23 |      0 |      0 |    0 |          0 |
|             addr_arbiter_aw                                                                                 |                               axi_crossbar_v2_1_28_addr_arbiter_335 |         Static |            - |         95 |         95 |       0 |    0 |    69 |      0 |      0 |    0 |          0 |
|               (addr_arbiter_aw)                                                                             |                               axi_crossbar_v2_1_28_addr_arbiter_335 |         Static |            - |         50 |         50 |       0 |    0 |    69 |      0 |      0 |    0 |          0 |
|               gen_arbiter.mux_mesg                                                                          |               generic_baseblocks_v2_1_0_mux_enc__parameterized6_385 |         Static |            - |         45 |         45 |       0 |    0 |     0 |      0 |      0 |    0 |          0 |
|             gen_decerr_slave.decerr_slave_inst                                                              |               axi_crossbar_v2_1_28_decerr_slave__parameterized0_336 |         Static |            - |         20 |         20 |       0 |    0 |    21 |      0 |      0 |    0 |          0 |
|             gen_master_slots[0].gen_mi_write.wdata_mux_w                                                    |                                  axi_crossbar_v2_1_28_wdata_mux_337 |         Static |            - |        165 |        163 |       0 |    2 |     9 |      0 |      0 |    0 |          0 |
|               gen_wmux.mux_w                                                                                |               generic_baseblocks_v2_1_0_mux_enc__parameterized5_381 |         Static |            - |        144 |        144 |       0 |    0 |     0 |      0 |      0 |    0 |          0 |
|               gen_wmux.wmux_aw_fifo                                                                         |         axi_data_fifo_v2_1_26_axic_reg_srl_fifo__parameterized0_382 |         Static |            - |         21 |         19 |       0 |    2 |     9 |      0 |      0 |    0 |          0 |
|                 (gen_wmux.wmux_aw_fifo)                                                                     |         axi_data_fifo_v2_1_26_axic_reg_srl_fifo__parameterized0_382 |         Static |            - |         15 |         15 |       0 |    0 |     9 |      0 |      0 |    0 |          0 |
|                 gen_srls[0].gen_rep[0].srl_nx1                                                              |                 axi_data_fifo_v2_1_26_ndeep_srl__parameterized1_383 |         Static |            - |          2 |          1 |       0 |    1 |     0 |      0 |      0 |    0 |          0 |
|                 gen_srls[0].gen_rep[1].srl_nx1                                                              |                 axi_data_fifo_v2_1_26_ndeep_srl__parameterized1_384 |         Static |            - |          5 |          4 |       0 |    1 |     0 |      0 |      0 |    0 |          0 |
|             gen_master_slots[0].reg_slice_mi                                                                |   axi_register_slice_v2_1_27_axi_register_slice__parameterized1_338 |         Static |            - |         63 |         63 |       0 |    0 |    17 |      0 |      0 |    0 |          0 |
|               b.b_pipe                                                                                      | axi_register_slice_v2_1_27_axic_register_slice__parameterized10_379 |         Static |            - |         27 |         27 |       0 |    0 |     9 |      0 |      0 |    0 |          0 |
|               r.r_pipe                                                                                      | axi_register_slice_v2_1_27_axic_register_slice__parameterized11_380 |         Static |            - |         36 |         36 |       0 |    0 |     8 |      0 |      0 |    0 |          0 |
|             gen_master_slots[1].gen_mi_write.wdata_mux_w                                                    |                  axi_crossbar_v2_1_28_wdata_mux__parameterized0_339 |         Static |            - |         25 |         23 |       0 |    2 |     9 |      0 |      0 |    0 |          0 |
|               gen_wmux.wmux_aw_fifo                                                                         |         axi_data_fifo_v2_1_26_axic_reg_srl_fifo__parameterized1_376 |         Static |            - |         25 |         23 |       0 |    2 |     9 |      0 |      0 |    0 |          0 |
|                 (gen_wmux.wmux_aw_fifo)                                                                     |         axi_data_fifo_v2_1_26_axic_reg_srl_fifo__parameterized1_376 |         Static |            - |         19 |         19 |       0 |    0 |     9 |      0 |      0 |    0 |          0 |
|                 gen_srls[0].gen_rep[0].srl_nx1                                                              |                 axi_data_fifo_v2_1_26_ndeep_srl__parameterized1_377 |         Static |            - |          2 |          1 |       0 |    1 |     0 |      0 |      0 |    0 |          0 |
|                 gen_srls[0].gen_rep[1].srl_nx1                                                              |                 axi_data_fifo_v2_1_26_ndeep_srl__parameterized1_378 |         Static |            - |          5 |          4 |       0 |    1 |     0 |      0 |      0 |    0 |          0 |
|             gen_master_slots[1].reg_slice_mi                                                                |   axi_register_slice_v2_1_27_axi_register_slice__parameterized1_340 |         Static |            - |         64 |         64 |       0 |    0 |    12 |      0 |      0 |    0 |          0 |
|               b.b_pipe                                                                                      | axi_register_slice_v2_1_27_axic_register_slice__parameterized10_374 |         Static |            - |         58 |         58 |       0 |    0 |     8 |      0 |      0 |    0 |          0 |
|               r.r_pipe                                                                                      | axi_register_slice_v2_1_27_axic_register_slice__parameterized11_375 |         Static |            - |          6 |          6 |       0 |    0 |     4 |      0 |      0 |    0 |          0 |
|             gen_slave_slots[0].gen_si_read.si_transactor_ar                                                 |                              axi_crossbar_v2_1_28_si_transactor_341 |         Static |            - |          7 |          7 |       0 |    0 |     9 |      0 |      0 |    0 |          0 |
|               (gen_slave_slots[0].gen_si_read.si_transactor_ar)                                             |                              axi_crossbar_v2_1_28_si_transactor_341 |         Static |            - |          7 |          7 |       0 |    0 |     5 |      0 |      0 |    0 |          0 |
|               gen_multi_thread.arbiter_resp_inst                                                            |                               axi_crossbar_v2_1_28_arbiter_resp_373 |         Static |            - |          0 |          0 |       0 |    0 |     4 |      0 |      0 |    0 |          0 |
|             gen_slave_slots[0].gen_si_write.si_transactor_aw                                                |              axi_crossbar_v2_1_28_si_transactor__parameterized0_342 |         Static |            - |         39 |         39 |       0 |    0 |    43 |      0 |      0 |    0 |          0 |
|               (gen_slave_slots[0].gen_si_write.si_transactor_aw)                                            |              axi_crossbar_v2_1_28_si_transactor__parameterized0_342 |         Static |            - |         37 |         37 |       0 |    0 |    39 |      0 |      0 |    0 |          0 |
|               gen_multi_thread.arbiter_resp_inst                                                            |                               axi_crossbar_v2_1_28_arbiter_resp_372 |         Static |            - |          2 |          2 |       0 |    0 |     4 |      0 |      0 |    0 |          0 |
|             gen_slave_slots[0].gen_si_write.splitter_aw_si                                                  |                   axi_crossbar_v2_1_28_splitter__parameterized0_343 |         Static |            - |          3 |          3 |       0 |    0 |     2 |      0 |      0 |    0 |          0 |
|             gen_slave_slots[0].gen_si_write.wdata_router_w                                                  |                               axi_crossbar_v2_1_28_wdata_router_344 |         Static |            - |         17 |         16 |       0 |    1 |     9 |      0 |      0 |    0 |          0 |
|               wrouter_aw_fifo                                                                               |                         axi_data_fifo_v2_1_26_axic_reg_srl_fifo_370 |         Static |            - |         17 |         16 |       0 |    1 |     9 |      0 |      0 |    0 |          0 |
|                 (wrouter_aw_fifo)                                                                           |                         axi_data_fifo_v2_1_26_axic_reg_srl_fifo_370 |         Static |            - |         13 |         13 |       0 |    0 |     9 |      0 |      0 |    0 |          0 |
|                 gen_srls[0].gen_rep[0].srl_nx1                                                              |                 axi_data_fifo_v2_1_26_ndeep_srl__parameterized1_371 |         Static |            - |          4 |          3 |       0 |    1 |     0 |      0 |      0 |    0 |          0 |
|             gen_slave_slots[1].gen_si_read.si_transactor_ar                                                 |              axi_crossbar_v2_1_28_si_transactor__parameterized1_345 |         Static |            - |          9 |          9 |       0 |    0 |     8 |      0 |      0 |    0 |          0 |
|               (gen_slave_slots[1].gen_si_read.si_transactor_ar)                                             |              axi_crossbar_v2_1_28_si_transactor__parameterized1_345 |         Static |            - |          9 |          9 |       0 |    0 |     5 |      0 |      0 |    0 |          0 |
|               gen_multi_thread.arbiter_resp_inst                                                            |                               axi_crossbar_v2_1_28_arbiter_resp_369 |         Static |            - |          0 |          0 |       0 |    0 |     3 |      0 |      0 |    0 |          0 |
|             gen_slave_slots[1].gen_si_write.si_transactor_aw                                                |              axi_crossbar_v2_1_28_si_transactor__parameterized2_346 |         Static |            - |         41 |         41 |       0 |    0 |    43 |      0 |      0 |    0 |          0 |
|               (gen_slave_slots[1].gen_si_write.si_transactor_aw)                                            |              axi_crossbar_v2_1_28_si_transactor__parameterized2_346 |         Static |            - |         39 |         39 |       0 |    0 |    39 |      0 |      0 |    0 |          0 |
|               gen_multi_thread.arbiter_resp_inst                                                            |                               axi_crossbar_v2_1_28_arbiter_resp_368 |         Static |            - |          2 |          2 |       0 |    0 |     4 |      0 |      0 |    0 |          0 |
|             gen_slave_slots[1].gen_si_write.splitter_aw_si                                                  |                   axi_crossbar_v2_1_28_splitter__parameterized0_347 |         Static |            - |          3 |          3 |       0 |    0 |     2 |      0 |      0 |    0 |          0 |
|             gen_slave_slots[1].gen_si_write.wdata_router_w                                                  |                               axi_crossbar_v2_1_28_wdata_router_348 |         Static |            - |         14 |         13 |       0 |    1 |     9 |      0 |      0 |    0 |          0 |
|               wrouter_aw_fifo                                                                               |                         axi_data_fifo_v2_1_26_axic_reg_srl_fifo_366 |         Static |            - |         14 |         13 |       0 |    1 |     9 |      0 |      0 |    0 |          0 |
|                 (wrouter_aw_fifo)                                                                           |                         axi_data_fifo_v2_1_26_axic_reg_srl_fifo_366 |         Static |            - |         10 |         10 |       0 |    0 |     9 |      0 |      0 |    0 |          0 |
|                 gen_srls[0].gen_rep[0].srl_nx1                                                              |                 axi_data_fifo_v2_1_26_ndeep_srl__parameterized1_367 |         Static |            - |          4 |          3 |       0 |    1 |     0 |      0 |      0 |    0 |          0 |
|             gen_slave_slots[2].gen_si_read.si_transactor_ar                                                 |              axi_crossbar_v2_1_28_si_transactor__parameterized3_349 |         Static |            - |          7 |          7 |       0 |    0 |     8 |      0 |      0 |    0 |          0 |
|               (gen_slave_slots[2].gen_si_read.si_transactor_ar)                                             |              axi_crossbar_v2_1_28_si_transactor__parameterized3_349 |         Static |            - |          7 |          7 |       0 |    0 |     5 |      0 |      0 |    0 |          0 |
|               gen_multi_thread.arbiter_resp_inst                                                            |                               axi_crossbar_v2_1_28_arbiter_resp_365 |         Static |            - |          0 |          0 |       0 |    0 |     3 |      0 |      0 |    0 |          0 |
|             gen_slave_slots[2].gen_si_write.si_transactor_aw                                                |              axi_crossbar_v2_1_28_si_transactor__parameterized4_350 |         Static |            - |         41 |         41 |       0 |    0 |    43 |      0 |      0 |    0 |          0 |
|               (gen_slave_slots[2].gen_si_write.si_transactor_aw)                                            |              axi_crossbar_v2_1_28_si_transactor__parameterized4_350 |         Static |            - |         39 |         39 |       0 |    0 |    39 |      0 |      0 |    0 |          0 |
|               gen_multi_thread.arbiter_resp_inst                                                            |                               axi_crossbar_v2_1_28_arbiter_resp_364 |         Static |            - |          2 |          2 |       0 |    0 |     4 |      0 |      0 |    0 |          0 |
|             gen_slave_slots[2].gen_si_write.splitter_aw_si                                                  |                   axi_crossbar_v2_1_28_splitter__parameterized0_351 |         Static |            - |          3 |          3 |       0 |    0 |     2 |      0 |      0 |    0 |          0 |
|             gen_slave_slots[2].gen_si_write.wdata_router_w                                                  |                               axi_crossbar_v2_1_28_wdata_router_352 |         Static |            - |         18 |         17 |       0 |    1 |     8 |      0 |      0 |    0 |          0 |
|               wrouter_aw_fifo                                                                               |                         axi_data_fifo_v2_1_26_axic_reg_srl_fifo_362 |         Static |            - |         18 |         17 |       0 |    1 |     8 |      0 |      0 |    0 |          0 |
|                 (wrouter_aw_fifo)                                                                           |                         axi_data_fifo_v2_1_26_axic_reg_srl_fifo_362 |         Static |            - |         14 |         14 |       0 |    0 |     8 |      0 |      0 |    0 |          0 |
|                 gen_srls[0].gen_rep[0].srl_nx1                                                              |                 axi_data_fifo_v2_1_26_ndeep_srl__parameterized1_363 |         Static |            - |          4 |          3 |       0 |    1 |     0 |      0 |      0 |    0 |          0 |
|             gen_slave_slots[3].gen_si_read.si_transactor_ar                                                 |              axi_crossbar_v2_1_28_si_transactor__parameterized5_353 |         Static |            - |         10 |         10 |       0 |    0 |     8 |      0 |      0 |    0 |          0 |
|               (gen_slave_slots[3].gen_si_read.si_transactor_ar)                                             |              axi_crossbar_v2_1_28_si_transactor__parameterized5_353 |         Static |            - |          9 |          9 |       0 |    0 |     5 |      0 |      0 |    0 |          0 |
|               gen_multi_thread.arbiter_resp_inst                                                            |                               axi_crossbar_v2_1_28_arbiter_resp_361 |         Static |            - |          1 |          1 |       0 |    0 |     3 |      0 |      0 |    0 |          0 |
|             gen_slave_slots[3].gen_si_write.si_transactor_aw                                                |              axi_crossbar_v2_1_28_si_transactor__parameterized6_354 |         Static |            - |         43 |         43 |       0 |    0 |    43 |      0 |      0 |    0 |          0 |
|               (gen_slave_slots[3].gen_si_write.si_transactor_aw)                                            |              axi_crossbar_v2_1_28_si_transactor__parameterized6_354 |         Static |            - |         41 |         41 |       0 |    0 |    39 |      0 |      0 |    0 |          0 |
|               gen_multi_thread.arbiter_resp_inst                                                            |                               axi_crossbar_v2_1_28_arbiter_resp_360 |         Static |            - |          2 |          2 |       0 |    0 |     4 |      0 |      0 |    0 |          0 |
|             gen_slave_slots[3].gen_si_write.splitter_aw_si                                                  |                   axi_crossbar_v2_1_28_splitter__parameterized0_355 |         Static |            - |          3 |          3 |       0 |    0 |     2 |      0 |      0 |    0 |          0 |
|             gen_slave_slots[3].gen_si_write.wdata_router_w                                                  |                               axi_crossbar_v2_1_28_wdata_router_356 |         Static |            - |         14 |         13 |       0 |    1 |     9 |      0 |      0 |    0 |          0 |
|               wrouter_aw_fifo                                                                               |                         axi_data_fifo_v2_1_26_axic_reg_srl_fifo_358 |         Static |            - |         14 |         13 |       0 |    1 |     9 |      0 |      0 |    0 |          0 |
|                 (wrouter_aw_fifo)                                                                           |                         axi_data_fifo_v2_1_26_axic_reg_srl_fifo_358 |         Static |            - |         10 |         10 |       0 |    0 |     9 |      0 |      0 |    0 |          0 |
|                 gen_srls[0].gen_rep[0].srl_nx1                                                              |                 axi_data_fifo_v2_1_26_ndeep_srl__parameterized1_359 |         Static |            - |          4 |          3 |       0 |    1 |     0 |      0 |      0 |    0 |          0 |
|             splitter_aw_mi                                                                                  |                   axi_crossbar_v2_1_28_splitter__parameterized0_357 |         Static |            - |          3 |          3 |       0 |    0 |     2 |      0 |      0 |    0 |          0 |
|       axi_crossbar_2                                                                                        |                                          processor_axi_crossbar_2_0 |         Static |            - |        730 |        722 |       0 |    8 |   420 |      0 |      0 |    0 |          0 |
|         inst                                                                                                |               axi_crossbar_v2_1_28_axi_crossbar__parameterized0_277 |         Static |            - |        730 |        722 |       0 |    8 |   420 |      0 |      0 |    0 |          0 |
|           gen_samd.crossbar_samd                                                                            |                                   axi_crossbar_v2_1_28_crossbar_278 |         Static |            - |        730 |        722 |       0 |    8 |   420 |      0 |      0 |    0 |          0 |
|             (gen_samd.crossbar_samd)                                                                        |                                   axi_crossbar_v2_1_28_crossbar_278 |         Static |            - |          3 |          3 |       0 |    0 |    10 |      0 |      0 |    0 |          0 |
|             addr_arbiter_ar                                                                                 |                               axi_crossbar_v2_1_28_addr_arbiter_279 |         Static |            - |         30 |         30 |       0 |    0 |    23 |      0 |      0 |    0 |          0 |
|             addr_arbiter_aw                                                                                 |                               axi_crossbar_v2_1_28_addr_arbiter_280 |         Static |            - |        100 |        100 |       0 |    0 |    69 |      0 |      0 |    0 |          0 |
|               (addr_arbiter_aw)                                                                             |                               axi_crossbar_v2_1_28_addr_arbiter_280 |         Static |            - |         55 |         55 |       0 |    0 |    69 |      0 |      0 |    0 |          0 |
|               gen_arbiter.mux_mesg                                                                          |               generic_baseblocks_v2_1_0_mux_enc__parameterized6_330 |         Static |            - |         45 |         45 |       0 |    0 |     0 |      0 |      0 |    0 |          0 |
|             gen_decerr_slave.decerr_slave_inst                                                              |               axi_crossbar_v2_1_28_decerr_slave__parameterized0_281 |         Static |            - |         20 |         20 |       0 |    0 |    21 |      0 |      0 |    0 |          0 |
|             gen_master_slots[0].gen_mi_write.wdata_mux_w                                                    |                                  axi_crossbar_v2_1_28_wdata_mux_282 |         Static |            - |        164 |        162 |       0 |    2 |     9 |      0 |      0 |    0 |          0 |
|               gen_wmux.mux_w                                                                                |               generic_baseblocks_v2_1_0_mux_enc__parameterized5_326 |         Static |            - |        144 |        144 |       0 |    0 |     0 |      0 |      0 |    0 |          0 |
|               gen_wmux.wmux_aw_fifo                                                                         |         axi_data_fifo_v2_1_26_axic_reg_srl_fifo__parameterized0_327 |         Static |            - |         20 |         18 |       0 |    2 |     9 |      0 |      0 |    0 |          0 |
|                 (gen_wmux.wmux_aw_fifo)                                                                     |         axi_data_fifo_v2_1_26_axic_reg_srl_fifo__parameterized0_327 |         Static |            - |         14 |         14 |       0 |    0 |     9 |      0 |      0 |    0 |          0 |
|                 gen_srls[0].gen_rep[0].srl_nx1                                                              |                 axi_data_fifo_v2_1_26_ndeep_srl__parameterized1_328 |         Static |            - |          2 |          1 |       0 |    1 |     0 |      0 |      0 |    0 |          0 |
|                 gen_srls[0].gen_rep[1].srl_nx1                                                              |                 axi_data_fifo_v2_1_26_ndeep_srl__parameterized1_329 |         Static |            - |          5 |          4 |       0 |    1 |     0 |      0 |      0 |    0 |          0 |
|             gen_master_slots[0].reg_slice_mi                                                                |   axi_register_slice_v2_1_27_axi_register_slice__parameterized1_283 |         Static |            - |         60 |         60 |       0 |    0 |    17 |      0 |      0 |    0 |          0 |
|               b.b_pipe                                                                                      | axi_register_slice_v2_1_27_axic_register_slice__parameterized10_324 |         Static |            - |         27 |         27 |       0 |    0 |     9 |      0 |      0 |    0 |          0 |
|               r.r_pipe                                                                                      | axi_register_slice_v2_1_27_axic_register_slice__parameterized11_325 |         Static |            - |         33 |         33 |       0 |    0 |     8 |      0 |      0 |    0 |          0 |
|             gen_master_slots[1].gen_mi_write.wdata_mux_w                                                    |                  axi_crossbar_v2_1_28_wdata_mux__parameterized0_284 |         Static |            - |         25 |         23 |       0 |    2 |     9 |      0 |      0 |    0 |          0 |
|               gen_wmux.wmux_aw_fifo                                                                         |         axi_data_fifo_v2_1_26_axic_reg_srl_fifo__parameterized1_321 |         Static |            - |         25 |         23 |       0 |    2 |     9 |      0 |      0 |    0 |          0 |
|                 (gen_wmux.wmux_aw_fifo)                                                                     |         axi_data_fifo_v2_1_26_axic_reg_srl_fifo__parameterized1_321 |         Static |            - |         19 |         19 |       0 |    0 |     9 |      0 |      0 |    0 |          0 |
|                 gen_srls[0].gen_rep[0].srl_nx1                                                              |                 axi_data_fifo_v2_1_26_ndeep_srl__parameterized1_322 |         Static |            - |          2 |          1 |       0 |    1 |     0 |      0 |      0 |    0 |          0 |
|                 gen_srls[0].gen_rep[1].srl_nx1                                                              |                 axi_data_fifo_v2_1_26_ndeep_srl__parameterized1_323 |         Static |            - |          5 |          4 |       0 |    1 |     0 |      0 |      0 |    0 |          0 |
|             gen_master_slots[1].reg_slice_mi                                                                |   axi_register_slice_v2_1_27_axi_register_slice__parameterized1_285 |         Static |            - |         62 |         62 |       0 |    0 |    12 |      0 |      0 |    0 |          0 |
|               b.b_pipe                                                                                      | axi_register_slice_v2_1_27_axic_register_slice__parameterized10_319 |         Static |            - |         56 |         56 |       0 |    0 |     8 |      0 |      0 |    0 |          0 |
|               r.r_pipe                                                                                      | axi_register_slice_v2_1_27_axic_register_slice__parameterized11_320 |         Static |            - |          6 |          6 |       0 |    0 |     4 |      0 |      0 |    0 |          0 |
|             gen_slave_slots[0].gen_si_read.si_transactor_ar                                                 |                              axi_crossbar_v2_1_28_si_transactor_286 |         Static |            - |          7 |          7 |       0 |    0 |     9 |      0 |      0 |    0 |          0 |
|               (gen_slave_slots[0].gen_si_read.si_transactor_ar)                                             |                              axi_crossbar_v2_1_28_si_transactor_286 |         Static |            - |          7 |          7 |       0 |    0 |     5 |      0 |      0 |    0 |          0 |
|               gen_multi_thread.arbiter_resp_inst                                                            |                               axi_crossbar_v2_1_28_arbiter_resp_318 |         Static |            - |          0 |          0 |       0 |    0 |     4 |      0 |      0 |    0 |          0 |
|             gen_slave_slots[0].gen_si_write.si_transactor_aw                                                |              axi_crossbar_v2_1_28_si_transactor__parameterized0_287 |         Static |            - |         40 |         40 |       0 |    0 |    43 |      0 |      0 |    0 |          0 |
|               (gen_slave_slots[0].gen_si_write.si_transactor_aw)                                            |              axi_crossbar_v2_1_28_si_transactor__parameterized0_287 |         Static |            - |         38 |         38 |       0 |    0 |    39 |      0 |      0 |    0 |          0 |
|               gen_multi_thread.arbiter_resp_inst                                                            |                               axi_crossbar_v2_1_28_arbiter_resp_317 |         Static |            - |          2 |          2 |       0 |    0 |     4 |      0 |      0 |    0 |          0 |
|             gen_slave_slots[0].gen_si_write.splitter_aw_si                                                  |                   axi_crossbar_v2_1_28_splitter__parameterized0_288 |         Static |            - |          3 |          3 |       0 |    0 |     2 |      0 |      0 |    0 |          0 |
|             gen_slave_slots[0].gen_si_write.wdata_router_w                                                  |                               axi_crossbar_v2_1_28_wdata_router_289 |         Static |            - |         16 |         15 |       0 |    1 |     9 |      0 |      0 |    0 |          0 |
|               wrouter_aw_fifo                                                                               |                         axi_data_fifo_v2_1_26_axic_reg_srl_fifo_315 |         Static |            - |         16 |         15 |       0 |    1 |     9 |      0 |      0 |    0 |          0 |
|                 (wrouter_aw_fifo)                                                                           |                         axi_data_fifo_v2_1_26_axic_reg_srl_fifo_315 |         Static |            - |         12 |         12 |       0 |    0 |     9 |      0 |      0 |    0 |          0 |
|                 gen_srls[0].gen_rep[0].srl_nx1                                                              |                 axi_data_fifo_v2_1_26_ndeep_srl__parameterized1_316 |         Static |            - |          4 |          3 |       0 |    1 |     0 |      0 |      0 |    0 |          0 |
|             gen_slave_slots[1].gen_si_read.si_transactor_ar                                                 |              axi_crossbar_v2_1_28_si_transactor__parameterized1_290 |         Static |            - |          8 |          8 |       0 |    0 |     8 |      0 |      0 |    0 |          0 |
|               (gen_slave_slots[1].gen_si_read.si_transactor_ar)                                             |              axi_crossbar_v2_1_28_si_transactor__parameterized1_290 |         Static |            - |          8 |          8 |       0 |    0 |     5 |      0 |      0 |    0 |          0 |
|               gen_multi_thread.arbiter_resp_inst                                                            |                               axi_crossbar_v2_1_28_arbiter_resp_314 |         Static |            - |          0 |          0 |       0 |    0 |     3 |      0 |      0 |    0 |          0 |
|             gen_slave_slots[1].gen_si_write.si_transactor_aw                                                |              axi_crossbar_v2_1_28_si_transactor__parameterized2_291 |         Static |            - |         43 |         43 |       0 |    0 |    43 |      0 |      0 |    0 |          0 |
|               (gen_slave_slots[1].gen_si_write.si_transactor_aw)                                            |              axi_crossbar_v2_1_28_si_transactor__parameterized2_291 |         Static |            - |         41 |         41 |       0 |    0 |    39 |      0 |      0 |    0 |          0 |
|               gen_multi_thread.arbiter_resp_inst                                                            |                               axi_crossbar_v2_1_28_arbiter_resp_313 |         Static |            - |          2 |          2 |       0 |    0 |     4 |      0 |      0 |    0 |          0 |
|             gen_slave_slots[1].gen_si_write.splitter_aw_si                                                  |                   axi_crossbar_v2_1_28_splitter__parameterized0_292 |         Static |            - |          3 |          3 |       0 |    0 |     2 |      0 |      0 |    0 |          0 |
|             gen_slave_slots[1].gen_si_write.wdata_router_w                                                  |                               axi_crossbar_v2_1_28_wdata_router_293 |         Static |            - |         14 |         13 |       0 |    1 |     8 |      0 |      0 |    0 |          0 |
|               wrouter_aw_fifo                                                                               |                         axi_data_fifo_v2_1_26_axic_reg_srl_fifo_311 |         Static |            - |         14 |         13 |       0 |    1 |     8 |      0 |      0 |    0 |          0 |
|                 (wrouter_aw_fifo)                                                                           |                         axi_data_fifo_v2_1_26_axic_reg_srl_fifo_311 |         Static |            - |         10 |         10 |       0 |    0 |     8 |      0 |      0 |    0 |          0 |
|                 gen_srls[0].gen_rep[0].srl_nx1                                                              |                 axi_data_fifo_v2_1_26_ndeep_srl__parameterized1_312 |         Static |            - |          4 |          3 |       0 |    1 |     0 |      0 |      0 |    0 |          0 |
|             gen_slave_slots[2].gen_si_read.si_transactor_ar                                                 |              axi_crossbar_v2_1_28_si_transactor__parameterized3_294 |         Static |            - |          7 |          7 |       0 |    0 |     8 |      0 |      0 |    0 |          0 |
|               (gen_slave_slots[2].gen_si_read.si_transactor_ar)                                             |              axi_crossbar_v2_1_28_si_transactor__parameterized3_294 |         Static |            - |          7 |          7 |       0 |    0 |     5 |      0 |      0 |    0 |          0 |
|               gen_multi_thread.arbiter_resp_inst                                                            |                               axi_crossbar_v2_1_28_arbiter_resp_310 |         Static |            - |          0 |          0 |       0 |    0 |     3 |      0 |      0 |    0 |          0 |
|             gen_slave_slots[2].gen_si_write.si_transactor_aw                                                |              axi_crossbar_v2_1_28_si_transactor__parameterized4_295 |         Static |            - |         40 |         40 |       0 |    0 |    43 |      0 |      0 |    0 |          0 |
|               (gen_slave_slots[2].gen_si_write.si_transactor_aw)                                            |              axi_crossbar_v2_1_28_si_transactor__parameterized4_295 |         Static |            - |         38 |         38 |       0 |    0 |    39 |      0 |      0 |    0 |          0 |
|               gen_multi_thread.arbiter_resp_inst                                                            |                               axi_crossbar_v2_1_28_arbiter_resp_309 |         Static |            - |          2 |          2 |       0 |    0 |     4 |      0 |      0 |    0 |          0 |
|             gen_slave_slots[2].gen_si_write.splitter_aw_si                                                  |                   axi_crossbar_v2_1_28_splitter__parameterized0_296 |         Static |            - |          3 |          3 |       0 |    0 |     2 |      0 |      0 |    0 |          0 |
|             gen_slave_slots[2].gen_si_write.wdata_router_w                                                  |                               axi_crossbar_v2_1_28_wdata_router_297 |         Static |            - |         16 |         15 |       0 |    1 |     9 |      0 |      0 |    0 |          0 |
|               wrouter_aw_fifo                                                                               |                         axi_data_fifo_v2_1_26_axic_reg_srl_fifo_307 |         Static |            - |         16 |         15 |       0 |    1 |     9 |      0 |      0 |    0 |          0 |
|                 (wrouter_aw_fifo)                                                                           |                         axi_data_fifo_v2_1_26_axic_reg_srl_fifo_307 |         Static |            - |         13 |         13 |       0 |    0 |     9 |      0 |      0 |    0 |          0 |
|                 gen_srls[0].gen_rep[0].srl_nx1                                                              |                 axi_data_fifo_v2_1_26_ndeep_srl__parameterized1_308 |         Static |            - |          4 |          3 |       0 |    1 |     0 |      0 |      0 |    0 |          0 |
|             gen_slave_slots[3].gen_si_read.si_transactor_ar                                                 |              axi_crossbar_v2_1_28_si_transactor__parameterized5_298 |         Static |            - |          9 |          9 |       0 |    0 |     8 |      0 |      0 |    0 |          0 |
|               (gen_slave_slots[3].gen_si_read.si_transactor_ar)                                             |              axi_crossbar_v2_1_28_si_transactor__parameterized5_298 |         Static |            - |          8 |          8 |       0 |    0 |     5 |      0 |      0 |    0 |          0 |
|               gen_multi_thread.arbiter_resp_inst                                                            |                               axi_crossbar_v2_1_28_arbiter_resp_306 |         Static |            - |          1 |          1 |       0 |    0 |     3 |      0 |      0 |    0 |          0 |
|             gen_slave_slots[3].gen_si_write.si_transactor_aw                                                |              axi_crossbar_v2_1_28_si_transactor__parameterized6_299 |         Static |            - |         42 |         42 |       0 |    0 |    43 |      0 |      0 |    0 |          0 |
|               (gen_slave_slots[3].gen_si_write.si_transactor_aw)                                            |              axi_crossbar_v2_1_28_si_transactor__parameterized6_299 |         Static |            - |         40 |         40 |       0 |    0 |    39 |      0 |      0 |    0 |          0 |
|               gen_multi_thread.arbiter_resp_inst                                                            |                               axi_crossbar_v2_1_28_arbiter_resp_305 |         Static |            - |          2 |          2 |       0 |    0 |     4 |      0 |      0 |    0 |          0 |
|             gen_slave_slots[3].gen_si_write.splitter_aw_si                                                  |                   axi_crossbar_v2_1_28_splitter__parameterized0_300 |         Static |            - |          3 |          3 |       0 |    0 |     2 |      0 |      0 |    0 |          0 |
|             gen_slave_slots[3].gen_si_write.wdata_router_w                                                  |                               axi_crossbar_v2_1_28_wdata_router_301 |         Static |            - |         14 |         13 |       0 |    1 |     9 |      0 |      0 |    0 |          0 |
|               wrouter_aw_fifo                                                                               |                         axi_data_fifo_v2_1_26_axic_reg_srl_fifo_303 |         Static |            - |         14 |         13 |       0 |    1 |     9 |      0 |      0 |    0 |          0 |
|                 (wrouter_aw_fifo)                                                                           |                         axi_data_fifo_v2_1_26_axic_reg_srl_fifo_303 |         Static |            - |         10 |         10 |       0 |    0 |     9 |      0 |      0 |    0 |          0 |
|                 gen_srls[0].gen_rep[0].srl_nx1                                                              |                 axi_data_fifo_v2_1_26_ndeep_srl__parameterized1_304 |         Static |            - |          4 |          3 |       0 |    1 |     0 |      0 |      0 |    0 |          0 |
|             splitter_aw_mi                                                                                  |                   axi_crossbar_v2_1_28_splitter__parameterized0_302 |         Static |            - |          3 |          3 |       0 |    0 |     2 |      0 |      0 |    0 |          0 |
|       axi_crossbar_3                                                                                        |                                          processor_axi_crossbar_3_0 |         Static |            - |        720 |        712 |       0 |    8 |   418 |      0 |      0 |    0 |          0 |
|         inst                                                                                                |                   axi_crossbar_v2_1_28_axi_crossbar__parameterized0 |         Static |            - |        720 |        712 |       0 |    8 |   418 |      0 |      0 |    0 |          0 |
|           gen_samd.crossbar_samd                                                                            |                                       axi_crossbar_v2_1_28_crossbar |         Static |            - |        720 |        712 |       0 |    8 |   418 |      0 |      0 |    0 |          0 |
|             (gen_samd.crossbar_samd)                                                                        |                                       axi_crossbar_v2_1_28_crossbar |         Static |            - |          3 |          3 |       0 |    0 |    10 |      0 |      0 |    0 |          0 |
|             addr_arbiter_ar                                                                                 |                                   axi_crossbar_v2_1_28_addr_arbiter |         Static |            - |         30 |         30 |       0 |    0 |    23 |      0 |      0 |    0 |          0 |
|             addr_arbiter_aw                                                                                 |                               axi_crossbar_v2_1_28_addr_arbiter_247 |         Static |            - |         95 |         95 |       0 |    0 |    69 |      0 |      0 |    0 |          0 |
|               (addr_arbiter_aw)                                                                             |                               axi_crossbar_v2_1_28_addr_arbiter_247 |         Static |            - |         50 |         50 |       0 |    0 |    69 |      0 |      0 |    0 |          0 |
|               gen_arbiter.mux_mesg                                                                          |                   generic_baseblocks_v2_1_0_mux_enc__parameterized6 |         Static |            - |         45 |         45 |       0 |    0 |     0 |      0 |      0 |    0 |          0 |
|             gen_decerr_slave.decerr_slave_inst                                                              |                   axi_crossbar_v2_1_28_decerr_slave__parameterized0 |         Static |            - |         19 |         19 |       0 |    0 |    21 |      0 |      0 |    0 |          0 |
|             gen_master_slots[0].gen_mi_write.wdata_mux_w                                                    |                                      axi_crossbar_v2_1_28_wdata_mux |         Static |            - |        166 |        164 |       0 |    2 |     9 |      0 |      0 |    0 |          0 |
|               gen_wmux.mux_w                                                                                |                   generic_baseblocks_v2_1_0_mux_enc__parameterized5 |         Static |            - |        144 |        144 |       0 |    0 |     0 |      0 |      0 |    0 |          0 |
|               gen_wmux.wmux_aw_fifo                                                                         |             axi_data_fifo_v2_1_26_axic_reg_srl_fifo__parameterized0 |         Static |            - |         22 |         20 |       0 |    2 |     9 |      0 |      0 |    0 |          0 |
|                 (gen_wmux.wmux_aw_fifo)                                                                     |             axi_data_fifo_v2_1_26_axic_reg_srl_fifo__parameterized0 |         Static |            - |         15 |         15 |       0 |    0 |     9 |      0 |      0 |    0 |          0 |
|                 gen_srls[0].gen_rep[0].srl_nx1                                                              |                 axi_data_fifo_v2_1_26_ndeep_srl__parameterized1_274 |         Static |            - |          2 |          1 |       0 |    1 |     0 |      0 |      0 |    0 |          0 |
|                 gen_srls[0].gen_rep[1].srl_nx1                                                              |                 axi_data_fifo_v2_1_26_ndeep_srl__parameterized1_275 |         Static |            - |          5 |          4 |       0 |    1 |     0 |      0 |      0 |    0 |          0 |
|             gen_master_slots[0].reg_slice_mi                                                                |       axi_register_slice_v2_1_27_axi_register_slice__parameterized1 |         Static |            - |         56 |         56 |       0 |    0 |    16 |      0 |      0 |    0 |          0 |
|               b.b_pipe                                                                                      | axi_register_slice_v2_1_27_axic_register_slice__parameterized10_272 |         Static |            - |         24 |         24 |       0 |    0 |     8 |      0 |      0 |    0 |          0 |
|               r.r_pipe                                                                                      | axi_register_slice_v2_1_27_axic_register_slice__parameterized11_273 |         Static |            - |         32 |         32 |       0 |    0 |     8 |      0 |      0 |    0 |          0 |
|             gen_master_slots[1].gen_mi_write.wdata_mux_w                                                    |                      axi_crossbar_v2_1_28_wdata_mux__parameterized0 |         Static |            - |         26 |         24 |       0 |    2 |     9 |      0 |      0 |    0 |          0 |
|               gen_wmux.wmux_aw_fifo                                                                         |             axi_data_fifo_v2_1_26_axic_reg_srl_fifo__parameterized1 |         Static |            - |         26 |         24 |       0 |    2 |     9 |      0 |      0 |    0 |          0 |
|                 (gen_wmux.wmux_aw_fifo)                                                                     |             axi_data_fifo_v2_1_26_axic_reg_srl_fifo__parameterized1 |         Static |            - |         20 |         20 |       0 |    0 |     9 |      0 |      0 |    0 |          0 |
|                 gen_srls[0].gen_rep[0].srl_nx1                                                              |                 axi_data_fifo_v2_1_26_ndeep_srl__parameterized1_270 |         Static |            - |          2 |          1 |       0 |    1 |     0 |      0 |      0 |    0 |          0 |
|                 gen_srls[0].gen_rep[1].srl_nx1                                                              |                 axi_data_fifo_v2_1_26_ndeep_srl__parameterized1_271 |         Static |            - |          5 |          4 |       0 |    1 |     0 |      0 |      0 |    0 |          0 |
|             gen_master_slots[1].reg_slice_mi                                                                |   axi_register_slice_v2_1_27_axi_register_slice__parameterized1_248 |         Static |            - |         64 |         64 |       0 |    0 |    11 |      0 |      0 |    0 |          0 |
|               b.b_pipe                                                                                      |     axi_register_slice_v2_1_27_axic_register_slice__parameterized10 |         Static |            - |         58 |         58 |       0 |    0 |     7 |      0 |      0 |    0 |          0 |
|               r.r_pipe                                                                                      |     axi_register_slice_v2_1_27_axic_register_slice__parameterized11 |         Static |            - |          6 |          6 |       0 |    0 |     4 |      0 |      0 |    0 |          0 |
|             gen_slave_slots[0].gen_si_read.si_transactor_ar                                                 |                                  axi_crossbar_v2_1_28_si_transactor |         Static |            - |          7 |          7 |       0 |    0 |     9 |      0 |      0 |    0 |          0 |
|               (gen_slave_slots[0].gen_si_read.si_transactor_ar)                                             |                                  axi_crossbar_v2_1_28_si_transactor |         Static |            - |          7 |          7 |       0 |    0 |     5 |      0 |      0 |    0 |          0 |
|               gen_multi_thread.arbiter_resp_inst                                                            |                               axi_crossbar_v2_1_28_arbiter_resp_269 |         Static |            - |          0 |          0 |       0 |    0 |     4 |      0 |      0 |    0 |          0 |
|             gen_slave_slots[0].gen_si_write.si_transactor_aw                                                |                  axi_crossbar_v2_1_28_si_transactor__parameterized0 |         Static |            - |         39 |         39 |       0 |    0 |    43 |      0 |      0 |    0 |          0 |
|               (gen_slave_slots[0].gen_si_write.si_transactor_aw)                                            |                  axi_crossbar_v2_1_28_si_transactor__parameterized0 |         Static |            - |         37 |         37 |       0 |    0 |    39 |      0 |      0 |    0 |          0 |
|               gen_multi_thread.arbiter_resp_inst                                                            |                               axi_crossbar_v2_1_28_arbiter_resp_268 |         Static |            - |          2 |          2 |       0 |    0 |     4 |      0 |      0 |    0 |          0 |
|             gen_slave_slots[0].gen_si_write.splitter_aw_si                                                  |                   axi_crossbar_v2_1_28_splitter__parameterized0_249 |         Static |            - |          3 |          3 |       0 |    0 |     2 |      0 |      0 |    0 |          0 |
|             gen_slave_slots[0].gen_si_write.wdata_router_w                                                  |                                   axi_crossbar_v2_1_28_wdata_router |         Static |            - |         16 |         15 |       0 |    1 |     9 |      0 |      0 |    0 |          0 |
|               wrouter_aw_fifo                                                                               |                         axi_data_fifo_v2_1_26_axic_reg_srl_fifo_266 |         Static |            - |         16 |         15 |       0 |    1 |     9 |      0 |      0 |    0 |          0 |
|                 (wrouter_aw_fifo)                                                                           |                         axi_data_fifo_v2_1_26_axic_reg_srl_fifo_266 |         Static |            - |         12 |         12 |       0 |    0 |     9 |      0 |      0 |    0 |          0 |
|                 gen_srls[0].gen_rep[0].srl_nx1                                                              |                 axi_data_fifo_v2_1_26_ndeep_srl__parameterized1_267 |         Static |            - |          4 |          3 |       0 |    1 |     0 |      0 |      0 |    0 |          0 |
|             gen_slave_slots[1].gen_si_read.si_transactor_ar                                                 |                  axi_crossbar_v2_1_28_si_transactor__parameterized1 |         Static |            - |          8 |          8 |       0 |    0 |     8 |      0 |      0 |    0 |          0 |
|               (gen_slave_slots[1].gen_si_read.si_transactor_ar)                                             |                  axi_crossbar_v2_1_28_si_transactor__parameterized1 |         Static |            - |          8 |          8 |       0 |    0 |     5 |      0 |      0 |    0 |          0 |
|               gen_multi_thread.arbiter_resp_inst                                                            |                               axi_crossbar_v2_1_28_arbiter_resp_265 |         Static |            - |          0 |          0 |       0 |    0 |     3 |      0 |      0 |    0 |          0 |
|             gen_slave_slots[1].gen_si_write.si_transactor_aw                                                |                  axi_crossbar_v2_1_28_si_transactor__parameterized2 |         Static |            - |         42 |         42 |       0 |    0 |    43 |      0 |      0 |    0 |          0 |
|               (gen_slave_slots[1].gen_si_write.si_transactor_aw)                                            |                  axi_crossbar_v2_1_28_si_transactor__parameterized2 |         Static |            - |         40 |         40 |       0 |    0 |    39 |      0 |      0 |    0 |          0 |
|               gen_multi_thread.arbiter_resp_inst                                                            |                               axi_crossbar_v2_1_28_arbiter_resp_264 |         Static |            - |          2 |          2 |       0 |    0 |     4 |      0 |      0 |    0 |          0 |
|             gen_slave_slots[1].gen_si_write.splitter_aw_si                                                  |                   axi_crossbar_v2_1_28_splitter__parameterized0_250 |         Static |            - |          3 |          3 |       0 |    0 |     2 |      0 |      0 |    0 |          0 |
|             gen_slave_slots[1].gen_si_write.wdata_router_w                                                  |                               axi_crossbar_v2_1_28_wdata_router_251 |         Static |            - |         15 |         14 |       0 |    1 |     8 |      0 |      0 |    0 |          0 |
|               wrouter_aw_fifo                                                                               |                         axi_data_fifo_v2_1_26_axic_reg_srl_fifo_262 |         Static |            - |         15 |         14 |       0 |    1 |     8 |      0 |      0 |    0 |          0 |
|                 (wrouter_aw_fifo)                                                                           |                         axi_data_fifo_v2_1_26_axic_reg_srl_fifo_262 |         Static |            - |         11 |         11 |       0 |    0 |     8 |      0 |      0 |    0 |          0 |
|                 gen_srls[0].gen_rep[0].srl_nx1                                                              |                 axi_data_fifo_v2_1_26_ndeep_srl__parameterized1_263 |         Static |            - |          4 |          3 |       0 |    1 |     0 |      0 |      0 |    0 |          0 |
|             gen_slave_slots[2].gen_si_read.si_transactor_ar                                                 |                  axi_crossbar_v2_1_28_si_transactor__parameterized3 |         Static |            - |          7 |          7 |       0 |    0 |     8 |      0 |      0 |    0 |          0 |
|               (gen_slave_slots[2].gen_si_read.si_transactor_ar)                                             |                  axi_crossbar_v2_1_28_si_transactor__parameterized3 |         Static |            - |          7 |          7 |       0 |    0 |     5 |      0 |      0 |    0 |          0 |
|               gen_multi_thread.arbiter_resp_inst                                                            |                               axi_crossbar_v2_1_28_arbiter_resp_261 |         Static |            - |          0 |          0 |       0 |    0 |     3 |      0 |      0 |    0 |          0 |
|             gen_slave_slots[2].gen_si_write.si_transactor_aw                                                |                  axi_crossbar_v2_1_28_si_transactor__parameterized4 |         Static |            - |         40 |         40 |       0 |    0 |    43 |      0 |      0 |    0 |          0 |
|               (gen_slave_slots[2].gen_si_write.si_transactor_aw)                                            |                  axi_crossbar_v2_1_28_si_transactor__parameterized4 |         Static |            - |         38 |         38 |       0 |    0 |    39 |      0 |      0 |    0 |          0 |
|               gen_multi_thread.arbiter_resp_inst                                                            |                               axi_crossbar_v2_1_28_arbiter_resp_260 |         Static |            - |          2 |          2 |       0 |    0 |     4 |      0 |      0 |    0 |          0 |
|             gen_slave_slots[2].gen_si_write.splitter_aw_si                                                  |                   axi_crossbar_v2_1_28_splitter__parameterized0_252 |         Static |            - |          3 |          3 |       0 |    0 |     2 |      0 |      0 |    0 |          0 |
|             gen_slave_slots[2].gen_si_write.wdata_router_w                                                  |                               axi_crossbar_v2_1_28_wdata_router_253 |         Static |            - |         17 |         16 |       0 |    1 |     9 |      0 |      0 |    0 |          0 |
|               wrouter_aw_fifo                                                                               |                         axi_data_fifo_v2_1_26_axic_reg_srl_fifo_258 |         Static |            - |         17 |         16 |       0 |    1 |     9 |      0 |      0 |    0 |          0 |
|                 (wrouter_aw_fifo)                                                                           |                         axi_data_fifo_v2_1_26_axic_reg_srl_fifo_258 |         Static |            - |         13 |         13 |       0 |    0 |     9 |      0 |      0 |    0 |          0 |
|                 gen_srls[0].gen_rep[0].srl_nx1                                                              |                 axi_data_fifo_v2_1_26_ndeep_srl__parameterized1_259 |         Static |            - |          4 |          3 |       0 |    1 |     0 |      0 |      0 |    0 |          0 |
|             gen_slave_slots[3].gen_si_read.si_transactor_ar                                                 |                  axi_crossbar_v2_1_28_si_transactor__parameterized5 |         Static |            - |          9 |          9 |       0 |    0 |     8 |      0 |      0 |    0 |          0 |
|               (gen_slave_slots[3].gen_si_read.si_transactor_ar)                                             |                  axi_crossbar_v2_1_28_si_transactor__parameterized5 |         Static |            - |          8 |          8 |       0 |    0 |     5 |      0 |      0 |    0 |          0 |
|               gen_multi_thread.arbiter_resp_inst                                                            |                               axi_crossbar_v2_1_28_arbiter_resp_257 |         Static |            - |          1 |          1 |       0 |    0 |     3 |      0 |      0 |    0 |          0 |
|             gen_slave_slots[3].gen_si_write.si_transactor_aw                                                |                  axi_crossbar_v2_1_28_si_transactor__parameterized6 |         Static |            - |         42 |         42 |       0 |    0 |    43 |      0 |      0 |    0 |          0 |
|               (gen_slave_slots[3].gen_si_write.si_transactor_aw)                                            |                  axi_crossbar_v2_1_28_si_transactor__parameterized6 |         Static |            - |         40 |         40 |       0 |    0 |    39 |      0 |      0 |    0 |          0 |
|               gen_multi_thread.arbiter_resp_inst                                                            |                                   axi_crossbar_v2_1_28_arbiter_resp |         Static |            - |          2 |          2 |       0 |    0 |     4 |      0 |      0 |    0 |          0 |
|             gen_slave_slots[3].gen_si_write.splitter_aw_si                                                  |                   axi_crossbar_v2_1_28_splitter__parameterized0_254 |         Static |            - |          3 |          3 |       0 |    0 |     2 |      0 |      0 |    0 |          0 |
|             gen_slave_slots[3].gen_si_write.wdata_router_w                                                  |                               axi_crossbar_v2_1_28_wdata_router_255 |         Static |            - |         14 |         13 |       0 |    1 |     9 |      0 |      0 |    0 |          0 |
|               wrouter_aw_fifo                                                                               |                             axi_data_fifo_v2_1_26_axic_reg_srl_fifo |         Static |            - |         14 |         13 |       0 |    1 |     9 |      0 |      0 |    0 |          0 |
|                 (wrouter_aw_fifo)                                                                           |                             axi_data_fifo_v2_1_26_axic_reg_srl_fifo |         Static |            - |         10 |         10 |       0 |    0 |     9 |      0 |      0 |    0 |          0 |
|                 gen_srls[0].gen_rep[0].srl_nx1                                                              |                     axi_data_fifo_v2_1_26_ndeep_srl__parameterized1 |         Static |            - |          4 |          3 |       0 |    1 |     0 |      0 |      0 |    0 |          0 |
|             splitter_aw_mi                                                                                  |                   axi_crossbar_v2_1_28_splitter__parameterized0_256 |         Static |            - |          3 |          3 |       0 |    0 |     2 |      0 |      0 |    0 |          0 |
|       axi_register_slice_0                                                                                  |                                    processor_axi_register_slice_0_0 |         Static |            - |         85 |         85 |       0 |    0 |   350 |      0 |      0 |    0 |          0 |
|         inst                                                                                                |   axi_register_slice_v2_1_27_axi_register_slice__parameterized2__17 |         Static |            - |         85 |         85 |       0 |    0 |   350 |      0 |      0 |    0 |          0 |
|           ar.ar_pipe                                                                                        | axi_register_slice_v2_1_27_axic_register_slice__parameterized12_227 |         Static |            - |          2 |          2 |       0 |    0 |     2 |      0 |      0 |    0 |          0 |
|           aw.aw_pipe                                                                                        | axi_register_slice_v2_1_27_axic_register_slice__parameterized12_228 |         Static |            - |          3 |          3 |       0 |    0 |    48 |      0 |      0 |    0 |          0 |
|           b.b_pipe                                                                                          | axi_register_slice_v2_1_27_axic_register_slice__parameterized14_229 |         Static |            - |          3 |          3 |       0 |    0 |     5 |      0 |      0 |    0 |          0 |
|           r.r_pipe                                                                                          | axi_register_slice_v2_1_27_axic_register_slice__parameterized15_230 |         Static |            - |          2 |          2 |       0 |    0 |     2 |      0 |      0 |    0 |          0 |
|           w.w_pipe                                                                                          | axi_register_slice_v2_1_27_axic_register_slice__parameterized13_231 |         Static |            - |         76 |         76 |       0 |    0 |   293 |      0 |      0 |    0 |          0 |
|       axi_register_slice_1                                                                                  |                                    processor_axi_register_slice_1_0 |         Static |            - |         86 |         86 |       0 |    0 |   350 |      0 |      0 |    0 |          0 |
|         inst                                                                                                |   axi_register_slice_v2_1_27_axi_register_slice__parameterized2__16 |         Static |            - |         86 |         86 |       0 |    0 |   350 |      0 |      0 |    0 |          0 |
|           ar.ar_pipe                                                                                        | axi_register_slice_v2_1_27_axic_register_slice__parameterized12_222 |         Static |            - |          2 |          2 |       0 |    0 |     2 |      0 |      0 |    0 |          0 |
|           aw.aw_pipe                                                                                        | axi_register_slice_v2_1_27_axic_register_slice__parameterized12_223 |         Static |            - |          3 |          3 |       0 |    0 |    47 |      0 |      0 |    0 |          0 |
|           b.b_pipe                                                                                          | axi_register_slice_v2_1_27_axic_register_slice__parameterized14_224 |         Static |            - |          3 |          3 |       0 |    0 |     6 |      0 |      0 |    0 |          0 |
|           r.r_pipe                                                                                          | axi_register_slice_v2_1_27_axic_register_slice__parameterized15_225 |         Static |            - |          2 |          2 |       0 |    0 |     3 |      0 |      0 |    0 |          0 |
|           w.w_pipe                                                                                          | axi_register_slice_v2_1_27_axic_register_slice__parameterized13_226 |         Static |            - |         76 |         76 |       0 |    0 |   292 |      0 |      0 |    0 |          0 |
|       axi_register_slice_10                                                                                 |                                   processor_axi_register_slice_10_0 |         Static |            - |         86 |         86 |       0 |    0 |   350 |      0 |      0 |    0 |          0 |
|         inst                                                                                                |   axi_register_slice_v2_1_27_axi_register_slice__parameterized2__15 |         Static |            - |         86 |         86 |       0 |    0 |   350 |      0 |      0 |    0 |          0 |
|           ar.ar_pipe                                                                                        | axi_register_slice_v2_1_27_axic_register_slice__parameterized12_217 |         Static |            - |          2 |          2 |       0 |    0 |     2 |      0 |      0 |    0 |          0 |
|           aw.aw_pipe                                                                                        | axi_register_slice_v2_1_27_axic_register_slice__parameterized12_218 |         Static |            - |          3 |          3 |       0 |    0 |    47 |      0 |      0 |    0 |          0 |
|           b.b_pipe                                                                                          | axi_register_slice_v2_1_27_axic_register_slice__parameterized14_219 |         Static |            - |          3 |          3 |       0 |    0 |     6 |      0 |      0 |    0 |          0 |
|           r.r_pipe                                                                                          | axi_register_slice_v2_1_27_axic_register_slice__parameterized15_220 |         Static |            - |          2 |          2 |       0 |    0 |     3 |      0 |      0 |    0 |          0 |
|           w.w_pipe                                                                                          | axi_register_slice_v2_1_27_axic_register_slice__parameterized13_221 |         Static |            - |         76 |         76 |       0 |    0 |   292 |      0 |      0 |    0 |          0 |
|       axi_register_slice_11                                                                                 |                                   processor_axi_register_slice_11_0 |         Static |            - |         86 |         86 |       0 |    0 |   350 |      0 |      0 |    0 |          0 |
|         inst                                                                                                |   axi_register_slice_v2_1_27_axi_register_slice__parameterized2__14 |         Static |            - |         86 |         86 |       0 |    0 |   350 |      0 |      0 |    0 |          0 |
|           ar.ar_pipe                                                                                        | axi_register_slice_v2_1_27_axic_register_slice__parameterized12_212 |         Static |            - |          2 |          2 |       0 |    0 |     2 |      0 |      0 |    0 |          0 |
|           aw.aw_pipe                                                                                        | axi_register_slice_v2_1_27_axic_register_slice__parameterized12_213 |         Static |            - |          3 |          3 |       0 |    0 |    47 |      0 |      0 |    0 |          0 |
|           b.b_pipe                                                                                          | axi_register_slice_v2_1_27_axic_register_slice__parameterized14_214 |         Static |            - |          3 |          3 |       0 |    0 |     6 |      0 |      0 |    0 |          0 |
|           r.r_pipe                                                                                          | axi_register_slice_v2_1_27_axic_register_slice__parameterized15_215 |         Static |            - |          2 |          2 |       0 |    0 |     3 |      0 |      0 |    0 |          0 |
|           w.w_pipe                                                                                          | axi_register_slice_v2_1_27_axic_register_slice__parameterized13_216 |         Static |            - |         76 |         76 |       0 |    0 |   292 |      0 |      0 |    0 |          0 |
|       axi_register_slice_12                                                                                 |                                   processor_axi_register_slice_12_0 |         Static |            - |         85 |         85 |       0 |    0 |   350 |      0 |      0 |    0 |          0 |
|         inst                                                                                                |   axi_register_slice_v2_1_27_axi_register_slice__parameterized2__13 |         Static |            - |         85 |         85 |       0 |    0 |   350 |      0 |      0 |    0 |          0 |
|           ar.ar_pipe                                                                                        | axi_register_slice_v2_1_27_axic_register_slice__parameterized12_207 |         Static |            - |          2 |          2 |       0 |    0 |     2 |      0 |      0 |    0 |          0 |
|           aw.aw_pipe                                                                                        | axi_register_slice_v2_1_27_axic_register_slice__parameterized12_208 |         Static |            - |          3 |          3 |       0 |    0 |    48 |      0 |      0 |    0 |          0 |
|           b.b_pipe                                                                                          | axi_register_slice_v2_1_27_axic_register_slice__parameterized14_209 |         Static |            - |          3 |          3 |       0 |    0 |     5 |      0 |      0 |    0 |          0 |
|           r.r_pipe                                                                                          | axi_register_slice_v2_1_27_axic_register_slice__parameterized15_210 |         Static |            - |          2 |          2 |       0 |    0 |     2 |      0 |      0 |    0 |          0 |
|           w.w_pipe                                                                                          | axi_register_slice_v2_1_27_axic_register_slice__parameterized13_211 |         Static |            - |         76 |         76 |       0 |    0 |   293 |      0 |      0 |    0 |          0 |
|       axi_register_slice_13                                                                                 |                                   processor_axi_register_slice_13_0 |         Static |            - |         86 |         86 |       0 |    0 |   350 |      0 |      0 |    0 |          0 |
|         inst                                                                                                |   axi_register_slice_v2_1_27_axi_register_slice__parameterized2__12 |         Static |            - |         86 |         86 |       0 |    0 |   350 |      0 |      0 |    0 |          0 |
|           ar.ar_pipe                                                                                        | axi_register_slice_v2_1_27_axic_register_slice__parameterized12_202 |         Static |            - |          2 |          2 |       0 |    0 |     2 |      0 |      0 |    0 |          0 |
|           aw.aw_pipe                                                                                        | axi_register_slice_v2_1_27_axic_register_slice__parameterized12_203 |         Static |            - |          3 |          3 |       0 |    0 |    47 |      0 |      0 |    0 |          0 |
|           b.b_pipe                                                                                          | axi_register_slice_v2_1_27_axic_register_slice__parameterized14_204 |         Static |            - |          3 |          3 |       0 |    0 |     6 |      0 |      0 |    0 |          0 |
|           r.r_pipe                                                                                          | axi_register_slice_v2_1_27_axic_register_slice__parameterized15_205 |         Static |            - |          2 |          2 |       0 |    0 |     3 |      0 |      0 |    0 |          0 |
|           w.w_pipe                                                                                          | axi_register_slice_v2_1_27_axic_register_slice__parameterized13_206 |         Static |            - |         76 |         76 |       0 |    0 |   292 |      0 |      0 |    0 |          0 |
|       axi_register_slice_14                                                                                 |                                   processor_axi_register_slice_14_0 |         Static |            - |         86 |         86 |       0 |    0 |   349 |      0 |      0 |    0 |          0 |
|         inst                                                                                                |   axi_register_slice_v2_1_27_axi_register_slice__parameterized2__11 |         Static |            - |         86 |         86 |       0 |    0 |   349 |      0 |      0 |    0 |          0 |
|           ar.ar_pipe                                                                                        | axi_register_slice_v2_1_27_axic_register_slice__parameterized12_197 |         Static |            - |          2 |          2 |       0 |    0 |     2 |      0 |      0 |    0 |          0 |
|           aw.aw_pipe                                                                                        | axi_register_slice_v2_1_27_axic_register_slice__parameterized12_198 |         Static |            - |          3 |          3 |       0 |    0 |    47 |      0 |      0 |    0 |          0 |
|           b.b_pipe                                                                                          | axi_register_slice_v2_1_27_axic_register_slice__parameterized14_199 |         Static |            - |          3 |          3 |       0 |    0 |     5 |      0 |      0 |    0 |          0 |
|           r.r_pipe                                                                                          | axi_register_slice_v2_1_27_axic_register_slice__parameterized15_200 |         Static |            - |          2 |          2 |       0 |    0 |     3 |      0 |      0 |    0 |          0 |
|           w.w_pipe                                                                                          | axi_register_slice_v2_1_27_axic_register_slice__parameterized13_201 |         Static |            - |         76 |         76 |       0 |    0 |   292 |      0 |      0 |    0 |          0 |
|       axi_register_slice_15                                                                                 |                                   processor_axi_register_slice_15_0 |         Static |            - |         86 |         86 |       0 |    0 |   349 |      0 |      0 |    0 |          0 |
|         inst                                                                                                |   axi_register_slice_v2_1_27_axi_register_slice__parameterized2__10 |         Static |            - |         86 |         86 |       0 |    0 |   349 |      0 |      0 |    0 |          0 |
|           ar.ar_pipe                                                                                        | axi_register_slice_v2_1_27_axic_register_slice__parameterized12_192 |         Static |            - |          2 |          2 |       0 |    0 |     2 |      0 |      0 |    0 |          0 |
|           aw.aw_pipe                                                                                        | axi_register_slice_v2_1_27_axic_register_slice__parameterized12_193 |         Static |            - |          3 |          3 |       0 |    0 |    47 |      0 |      0 |    0 |          0 |
|           b.b_pipe                                                                                          | axi_register_slice_v2_1_27_axic_register_slice__parameterized14_194 |         Static |            - |          3 |          3 |       0 |    0 |     5 |      0 |      0 |    0 |          0 |
|           r.r_pipe                                                                                          | axi_register_slice_v2_1_27_axic_register_slice__parameterized15_195 |         Static |            - |          2 |          2 |       0 |    0 |     3 |      0 |      0 |    0 |          0 |
|           w.w_pipe                                                                                          | axi_register_slice_v2_1_27_axic_register_slice__parameterized13_196 |         Static |            - |         76 |         76 |       0 |    0 |   292 |      0 |      0 |    0 |          0 |
|       axi_register_slice_16                                                                                 |                                   processor_axi_register_slice_16_0 |         Static |            - |         90 |         90 |       0 |    0 |   363 |      0 |      0 |    0 |          0 |
|         inst                                                                                                |    axi_register_slice_v2_1_27_axi_register_slice__parameterized2__9 |         Static |            - |         90 |         90 |       0 |    0 |   363 |      0 |      0 |    0 |          0 |
|           ar.ar_pipe                                                                                        | axi_register_slice_v2_1_27_axic_register_slice__parameterized12_187 |         Static |            - |          3 |          3 |       0 |    0 |     4 |      0 |      0 |    0 |          0 |
|           aw.aw_pipe                                                                                        | axi_register_slice_v2_1_27_axic_register_slice__parameterized12_188 |         Static |            - |          3 |          3 |       0 |    0 |    50 |      0 |      0 |    0 |          0 |
|           b.b_pipe                                                                                          | axi_register_slice_v2_1_27_axic_register_slice__parameterized14_189 |         Static |            - |          3 |          3 |       0 |    0 |     8 |      0 |      0 |    0 |          0 |
|           r.r_pipe                                                                                          | axi_register_slice_v2_1_27_axic_register_slice__parameterized15_190 |         Static |            - |          6 |          6 |       0 |    0 |     8 |      0 |      0 |    0 |          0 |
|           w.w_pipe                                                                                          | axi_register_slice_v2_1_27_axic_register_slice__parameterized13_191 |         Static |            - |         76 |         76 |       0 |    0 |   293 |      0 |      0 |    0 |          0 |
|       axi_register_slice_17                                                                                 |                                   processor_axi_register_slice_17_0 |         Static |            - |         91 |         91 |       0 |    0 |   363 |      0 |      0 |    0 |          0 |
|         inst                                                                                                |    axi_register_slice_v2_1_27_axi_register_slice__parameterized2__8 |         Static |            - |         91 |         91 |       0 |    0 |   363 |      0 |      0 |    0 |          0 |
|           ar.ar_pipe                                                                                        | axi_register_slice_v2_1_27_axic_register_slice__parameterized12_182 |         Static |            - |          3 |          3 |       0 |    0 |     4 |      0 |      0 |    0 |          0 |
|           aw.aw_pipe                                                                                        | axi_register_slice_v2_1_27_axic_register_slice__parameterized12_183 |         Static |            - |          3 |          3 |       0 |    0 |    50 |      0 |      0 |    0 |          0 |
|           b.b_pipe                                                                                          | axi_register_slice_v2_1_27_axic_register_slice__parameterized14_184 |         Static |            - |          3 |          3 |       0 |    0 |     8 |      0 |      0 |    0 |          0 |
|           r.r_pipe                                                                                          | axi_register_slice_v2_1_27_axic_register_slice__parameterized15_185 |         Static |            - |          6 |          6 |       0 |    0 |     8 |      0 |      0 |    0 |          0 |
|           w.w_pipe                                                                                          | axi_register_slice_v2_1_27_axic_register_slice__parameterized13_186 |         Static |            - |         76 |         76 |       0 |    0 |   293 |      0 |      0 |    0 |          0 |
|       axi_register_slice_18                                                                                 |                                   processor_axi_register_slice_18_0 |         Static |            - |         91 |         91 |       0 |    0 |   362 |      0 |      0 |    0 |          0 |
|         inst                                                                                                |    axi_register_slice_v2_1_27_axi_register_slice__parameterized2__7 |         Static |            - |         91 |         91 |       0 |    0 |   362 |      0 |      0 |    0 |          0 |
|           ar.ar_pipe                                                                                        | axi_register_slice_v2_1_27_axic_register_slice__parameterized12_177 |         Static |            - |          3 |          3 |       0 |    0 |     4 |      0 |      0 |    0 |          0 |
|           aw.aw_pipe                                                                                        | axi_register_slice_v2_1_27_axic_register_slice__parameterized12_178 |         Static |            - |          3 |          3 |       0 |    0 |    50 |      0 |      0 |    0 |          0 |
|           b.b_pipe                                                                                          | axi_register_slice_v2_1_27_axic_register_slice__parameterized14_179 |         Static |            - |          3 |          3 |       0 |    0 |     8 |      0 |      0 |    0 |          0 |
|           r.r_pipe                                                                                          | axi_register_slice_v2_1_27_axic_register_slice__parameterized15_180 |         Static |            - |          6 |          6 |       0 |    0 |     8 |      0 |      0 |    0 |          0 |
|           w.w_pipe                                                                                          | axi_register_slice_v2_1_27_axic_register_slice__parameterized13_181 |         Static |            - |         76 |         76 |       0 |    0 |   292 |      0 |      0 |    0 |          0 |
|       axi_register_slice_19                                                                                 |                                   processor_axi_register_slice_19_0 |         Static |            - |         90 |         90 |       0 |    0 |   361 |      0 |      0 |    0 |          0 |
|         inst                                                                                                |    axi_register_slice_v2_1_27_axi_register_slice__parameterized2__6 |         Static |            - |         90 |         90 |       0 |    0 |   361 |      0 |      0 |    0 |          0 |
|           ar.ar_pipe                                                                                        | axi_register_slice_v2_1_27_axic_register_slice__parameterized12_172 |         Static |            - |          3 |          3 |       0 |    0 |     4 |      0 |      0 |    0 |          0 |
|           aw.aw_pipe                                                                                        | axi_register_slice_v2_1_27_axic_register_slice__parameterized12_173 |         Static |            - |          3 |          3 |       0 |    0 |    49 |      0 |      0 |    0 |          0 |
|           b.b_pipe                                                                                          | axi_register_slice_v2_1_27_axic_register_slice__parameterized14_174 |         Static |            - |          3 |          3 |       0 |    0 |     8 |      0 |      0 |    0 |          0 |
|           r.r_pipe                                                                                          | axi_register_slice_v2_1_27_axic_register_slice__parameterized15_175 |         Static |            - |          6 |          6 |       0 |    0 |     8 |      0 |      0 |    0 |          0 |
|           w.w_pipe                                                                                          | axi_register_slice_v2_1_27_axic_register_slice__parameterized13_176 |         Static |            - |         76 |         76 |       0 |    0 |   292 |      0 |      0 |    0 |          0 |
|       axi_register_slice_2                                                                                  |                                    processor_axi_register_slice_2_0 |         Static |            - |         85 |         85 |       0 |    0 |   350 |      0 |      0 |    0 |          0 |
|         inst                                                                                                |    axi_register_slice_v2_1_27_axi_register_slice__parameterized2__5 |         Static |            - |         85 |         85 |       0 |    0 |   350 |      0 |      0 |    0 |          0 |
|           ar.ar_pipe                                                                                        | axi_register_slice_v2_1_27_axic_register_slice__parameterized12_167 |         Static |            - |          2 |          2 |       0 |    0 |     2 |      0 |      0 |    0 |          0 |
|           aw.aw_pipe                                                                                        | axi_register_slice_v2_1_27_axic_register_slice__parameterized12_168 |         Static |            - |          3 |          3 |       0 |    0 |    47 |      0 |      0 |    0 |          0 |
|           b.b_pipe                                                                                          | axi_register_slice_v2_1_27_axic_register_slice__parameterized14_169 |         Static |            - |          3 |          3 |       0 |    0 |     6 |      0 |      0 |    0 |          0 |
|           r.r_pipe                                                                                          | axi_register_slice_v2_1_27_axic_register_slice__parameterized15_170 |         Static |            - |          2 |          2 |       0 |    0 |     3 |      0 |      0 |    0 |          0 |
|           w.w_pipe                                                                                          | axi_register_slice_v2_1_27_axic_register_slice__parameterized13_171 |         Static |            - |         75 |         75 |       0 |    0 |   292 |      0 |      0 |    0 |          0 |
|       axi_register_slice_3                                                                                  |                                    processor_axi_register_slice_3_0 |         Static |            - |         86 |         86 |       0 |    0 |   348 |      0 |      0 |    0 |          0 |
|         inst                                                                                                |    axi_register_slice_v2_1_27_axi_register_slice__parameterized2__4 |         Static |            - |         86 |         86 |       0 |    0 |   348 |      0 |      0 |    0 |          0 |
|           ar.ar_pipe                                                                                        | axi_register_slice_v2_1_27_axic_register_slice__parameterized12_162 |         Static |            - |          2 |          2 |       0 |    0 |     2 |      0 |      0 |    0 |          0 |
|           aw.aw_pipe                                                                                        | axi_register_slice_v2_1_27_axic_register_slice__parameterized12_163 |         Static |            - |          3 |          3 |       0 |    0 |    47 |      0 |      0 |    0 |          0 |
|           b.b_pipe                                                                                          | axi_register_slice_v2_1_27_axic_register_slice__parameterized14_164 |         Static |            - |          3 |          3 |       0 |    0 |     5 |      0 |      0 |    0 |          0 |
|           r.r_pipe                                                                                          | axi_register_slice_v2_1_27_axic_register_slice__parameterized15_165 |         Static |            - |          2 |          2 |       0 |    0 |     2 |      0 |      0 |    0 |          0 |
|           w.w_pipe                                                                                          | axi_register_slice_v2_1_27_axic_register_slice__parameterized13_166 |         Static |            - |         76 |         76 |       0 |    0 |   292 |      0 |      0 |    0 |          0 |
|       axi_register_slice_4                                                                                  |                                    processor_axi_register_slice_4_0 |         Static |            - |         86 |         86 |       0 |    0 |   349 |      0 |      0 |    0 |          0 |
|         inst                                                                                                |    axi_register_slice_v2_1_27_axi_register_slice__parameterized2__3 |         Static |            - |         86 |         86 |       0 |    0 |   349 |      0 |      0 |    0 |          0 |
|           ar.ar_pipe                                                                                        | axi_register_slice_v2_1_27_axic_register_slice__parameterized12_157 |         Static |            - |          2 |          2 |       0 |    0 |     2 |      0 |      0 |    0 |          0 |
|           aw.aw_pipe                                                                                        | axi_register_slice_v2_1_27_axic_register_slice__parameterized12_158 |         Static |            - |          3 |          3 |       0 |    0 |    47 |      0 |      0 |    0 |          0 |
|           b.b_pipe                                                                                          | axi_register_slice_v2_1_27_axic_register_slice__parameterized14_159 |         Static |            - |          3 |          3 |       0 |    0 |     5 |      0 |      0 |    0 |          0 |
|           r.r_pipe                                                                                          | axi_register_slice_v2_1_27_axic_register_slice__parameterized15_160 |         Static |            - |          2 |          2 |       0 |    0 |     3 |      0 |      0 |    0 |          0 |
|           w.w_pipe                                                                                          | axi_register_slice_v2_1_27_axic_register_slice__parameterized13_161 |         Static |            - |         76 |         76 |       0 |    0 |   292 |      0 |      0 |    0 |          0 |
|       axi_register_slice_5                                                                                  |                                    processor_axi_register_slice_5_0 |         Static |            - |         85 |         85 |       0 |    0 |   350 |      0 |      0 |    0 |          0 |
|         inst                                                                                                |    axi_register_slice_v2_1_27_axi_register_slice__parameterized2__2 |         Static |            - |         85 |         85 |       0 |    0 |   350 |      0 |      0 |    0 |          0 |
|           ar.ar_pipe                                                                                        | axi_register_slice_v2_1_27_axic_register_slice__parameterized12_152 |         Static |            - |          2 |          2 |       0 |    0 |     2 |      0 |      0 |    0 |          0 |
|           aw.aw_pipe                                                                                        | axi_register_slice_v2_1_27_axic_register_slice__parameterized12_153 |         Static |            - |          3 |          3 |       0 |    0 |    47 |      0 |      0 |    0 |          0 |
|           b.b_pipe                                                                                          | axi_register_slice_v2_1_27_axic_register_slice__parameterized14_154 |         Static |            - |          3 |          3 |       0 |    0 |     6 |      0 |      0 |    0 |          0 |
|           r.r_pipe                                                                                          | axi_register_slice_v2_1_27_axic_register_slice__parameterized15_155 |         Static |            - |          2 |          2 |       0 |    0 |     3 |      0 |      0 |    0 |          0 |
|           w.w_pipe                                                                                          | axi_register_slice_v2_1_27_axic_register_slice__parameterized13_156 |         Static |            - |         75 |         75 |       0 |    0 |   292 |      0 |      0 |    0 |          0 |
|       axi_register_slice_6                                                                                  |                                    processor_axi_register_slice_6_0 |         Static |            - |         86 |         86 |       0 |    0 |   348 |      0 |      0 |    0 |          0 |
|         inst                                                                                                |    axi_register_slice_v2_1_27_axi_register_slice__parameterized2__1 |         Static |            - |         86 |         86 |       0 |    0 |   348 |      0 |      0 |    0 |          0 |
|           ar.ar_pipe                                                                                        |     axi_register_slice_v2_1_27_axic_register_slice__parameterized12 |         Static |            - |          2 |          2 |       0 |    0 |     2 |      0 |      0 |    0 |          0 |
|           aw.aw_pipe                                                                                        | axi_register_slice_v2_1_27_axic_register_slice__parameterized12_151 |         Static |            - |          3 |          3 |       0 |    0 |    47 |      0 |      0 |    0 |          0 |
|           b.b_pipe                                                                                          |     axi_register_slice_v2_1_27_axic_register_slice__parameterized14 |         Static |            - |          3 |          3 |       0 |    0 |     5 |      0 |      0 |    0 |          0 |
|           r.r_pipe                                                                                          |     axi_register_slice_v2_1_27_axic_register_slice__parameterized15 |         Static |            - |          2 |          2 |       0 |    0 |     2 |      0 |      0 |    0 |          0 |
|           w.w_pipe                                                                                          |     axi_register_slice_v2_1_27_axic_register_slice__parameterized13 |         Static |            - |         76 |         76 |       0 |    0 |   292 |      0 |      0 |    0 |          0 |
|       axi_register_slice_7                                                                                  |                                    processor_axi_register_slice_7_0 |         Static |            - |         86 |         86 |       0 |    0 |   350 |      0 |      0 |    0 |          0 |
|         inst                                                                                                |   axi_register_slice_v2_1_27_axi_register_slice__parameterized2__18 |         Static |            - |         86 |         86 |       0 |    0 |   350 |      0 |      0 |    0 |          0 |
|           ar.ar_pipe                                                                                        | axi_register_slice_v2_1_27_axic_register_slice__parameterized12_232 |         Static |            - |          2 |          2 |       0 |    0 |     2 |      0 |      0 |    0 |          0 |
|           aw.aw_pipe                                                                                        | axi_register_slice_v2_1_27_axic_register_slice__parameterized12_233 |         Static |            - |          3 |          3 |       0 |    0 |    48 |      0 |      0 |    0 |          0 |
|           b.b_pipe                                                                                          | axi_register_slice_v2_1_27_axic_register_slice__parameterized14_234 |         Static |            - |          3 |          3 |       0 |    0 |     5 |      0 |      0 |    0 |          0 |
|           r.r_pipe                                                                                          | axi_register_slice_v2_1_27_axic_register_slice__parameterized15_235 |         Static |            - |          2 |          2 |       0 |    0 |     2 |      0 |      0 |    0 |          0 |
|           w.w_pipe                                                                                          | axi_register_slice_v2_1_27_axic_register_slice__parameterized13_236 |         Static |            - |         76 |         76 |       0 |    0 |   293 |      0 |      0 |    0 |          0 |
|       axi_register_slice_8                                                                                  |                                    processor_axi_register_slice_8_0 |         Static |            - |         86 |         86 |       0 |    0 |   350 |      0 |      0 |    0 |          0 |
|         inst                                                                                                |   axi_register_slice_v2_1_27_axi_register_slice__parameterized2__19 |         Static |            - |         86 |         86 |       0 |    0 |   350 |      0 |      0 |    0 |          0 |
|           ar.ar_pipe                                                                                        | axi_register_slice_v2_1_27_axic_register_slice__parameterized12_237 |         Static |            - |          2 |          2 |       0 |    0 |     2 |      0 |      0 |    0 |          0 |
|           aw.aw_pipe                                                                                        | axi_register_slice_v2_1_27_axic_register_slice__parameterized12_238 |         Static |            - |          3 |          3 |       0 |    0 |    47 |      0 |      0 |    0 |          0 |
|           b.b_pipe                                                                                          | axi_register_slice_v2_1_27_axic_register_slice__parameterized14_239 |         Static |            - |          3 |          3 |       0 |    0 |     6 |      0 |      0 |    0 |          0 |
|           r.r_pipe                                                                                          | axi_register_slice_v2_1_27_axic_register_slice__parameterized15_240 |         Static |            - |          2 |          2 |       0 |    0 |     3 |      0 |      0 |    0 |          0 |
|           w.w_pipe                                                                                          | axi_register_slice_v2_1_27_axic_register_slice__parameterized13_241 |         Static |            - |         76 |         76 |       0 |    0 |   292 |      0 |      0 |    0 |          0 |
|       axi_register_slice_9                                                                                  |                                    processor_axi_register_slice_9_0 |         Static |            - |         86 |         86 |       0 |    0 |   350 |      0 |      0 |    0 |          0 |
|         inst                                                                                                |       axi_register_slice_v2_1_27_axi_register_slice__parameterized2 |         Static |            - |         86 |         86 |       0 |    0 |   350 |      0 |      0 |    0 |          0 |
|           ar.ar_pipe                                                                                        | axi_register_slice_v2_1_27_axic_register_slice__parameterized12_242 |         Static |            - |          2 |          2 |       0 |    0 |     2 |      0 |      0 |    0 |          0 |
|           aw.aw_pipe                                                                                        | axi_register_slice_v2_1_27_axic_register_slice__parameterized12_243 |         Static |            - |          3 |          3 |       0 |    0 |    48 |      0 |      0 |    0 |          0 |
|           b.b_pipe                                                                                          | axi_register_slice_v2_1_27_axic_register_slice__parameterized14_244 |         Static |            - |          3 |          3 |       0 |    0 |     5 |      0 |      0 |    0 |          0 |
|           r.r_pipe                                                                                          | axi_register_slice_v2_1_27_axic_register_slice__parameterized15_245 |         Static |            - |          2 |          2 |       0 |    0 |     2 |      0 |      0 |    0 |          0 |
|           w.w_pipe                                                                                          | axi_register_slice_v2_1_27_axic_register_slice__parameterized13_246 |         Static |            - |         76 |         76 |       0 |    0 |   293 |      0 |      0 |    0 |          0 |
|       axi_spi_0                                                                                             |                                               processor_axi_spi_0_0 |         Static |            - |        367 |        351 |      16 |    0 |   553 |      0 |      0 |    0 |          0 |
|         U0                                                                                                  |                                                        axi_quad_spi |         Static |            - |        367 |        351 |      16 |    0 |   553 |      0 |      0 |    0 |          0 |
|           NO_DUAL_QUAD_MODE.QSPI_NORMAL                                                                     |                                                    axi_quad_spi_top |         Static |            - |        367 |        351 |      16 |    0 |   553 |      0 |      0 |    0 |          0 |
|             (NO_DUAL_QUAD_MODE.QSPI_NORMAL)                                                                 |                                                    axi_quad_spi_top |         Static |            - |          0 |          0 |       0 |    0 |     0 |      0 |      0 |    0 |          0 |
|             QSPI_LEGACY_MD_GEN.AXI_LITE_IPIF_I                                                              |                                                    axi_lite_ipif_73 |         Static |            - |         88 |         88 |       0 |    0 |    70 |      0 |      0 |    0 |          0 |
|               I_SLAVE_ATTACHMENT                                                                            |                                                slave_attachment_106 |         Static |            - |         88 |         88 |       0 |    0 |    70 |      0 |      0 |    0 |          0 |
|                 (I_SLAVE_ATTACHMENT)                                                                        |                                                slave_attachment_106 |         Static |            - |         23 |         23 |       0 |    0 |    37 |      0 |      0 |    0 |          0 |
|                 I_DECODER                                                                                   |                                                 address_decoder_107 |         Static |            - |         66 |         66 |       0 |    0 |    33 |      0 |      0 |    0 |          0 |
|                   (I_DECODER)                                                                               |                                                 address_decoder_107 |         Static |            - |         48 |         48 |       0 |    0 |    33 |      0 |      0 |    0 |          0 |
|                   MEM_DECODE_GEN[0].PER_CE_GEN[0].MULTIPLE_CES_THIS_CS_GEN.CE_I                             |                  axi_lite_ipif_v3_0_4_pselect_f__parameterized0_108 |         Static |            - |          1 |          1 |       0 |    0 |     0 |      0 |      0 |    0 |          0 |
|                   MEM_DECODE_GEN[0].PER_CE_GEN[10].MULTIPLE_CES_THIS_CS_GEN.CE_I                            |                 axi_lite_ipif_v3_0_4_pselect_f__parameterized10_109 |         Static |            - |          1 |          1 |       0 |    0 |     0 |      0 |      0 |    0 |          0 |
|                   MEM_DECODE_GEN[0].PER_CE_GEN[11].MULTIPLE_CES_THIS_CS_GEN.CE_I                            |                 axi_lite_ipif_v3_0_4_pselect_f__parameterized11_110 |         Static |            - |          1 |          1 |       0 |    0 |     0 |      0 |      0 |    0 |          0 |
|                   MEM_DECODE_GEN[0].PER_CE_GEN[12].MULTIPLE_CES_THIS_CS_GEN.CE_I                            |                 axi_lite_ipif_v3_0_4_pselect_f__parameterized12_111 |         Static |            - |          1 |          1 |       0 |    0 |     0 |      0 |      0 |    0 |          0 |
|                   MEM_DECODE_GEN[0].PER_CE_GEN[13].MULTIPLE_CES_THIS_CS_GEN.CE_I                            |                 axi_lite_ipif_v3_0_4_pselect_f__parameterized13_112 |         Static |            - |          1 |          1 |       0 |    0 |     0 |      0 |      0 |    0 |          0 |
|                   MEM_DECODE_GEN[0].PER_CE_GEN[14].MULTIPLE_CES_THIS_CS_GEN.CE_I                            |                 axi_lite_ipif_v3_0_4_pselect_f__parameterized14_113 |         Static |            - |          1 |          1 |       0 |    0 |     0 |      0 |      0 |    0 |          0 |
|                   MEM_DECODE_GEN[0].PER_CE_GEN[1].MULTIPLE_CES_THIS_CS_GEN.CE_I                             |                  axi_lite_ipif_v3_0_4_pselect_f__parameterized1_114 |         Static |            - |          1 |          1 |       0 |    0 |     0 |      0 |      0 |    0 |          0 |
|                   MEM_DECODE_GEN[0].PER_CE_GEN[2].MULTIPLE_CES_THIS_CS_GEN.CE_I                             |                  axi_lite_ipif_v3_0_4_pselect_f__parameterized2_115 |         Static |            - |          1 |          1 |       0 |    0 |     0 |      0 |      0 |    0 |          0 |
|                   MEM_DECODE_GEN[0].PER_CE_GEN[3].MULTIPLE_CES_THIS_CS_GEN.CE_I                             |                  axi_lite_ipif_v3_0_4_pselect_f__parameterized3_116 |         Static |            - |          1 |          1 |       0 |    0 |     0 |      0 |      0 |    0 |          0 |
|                   MEM_DECODE_GEN[0].PER_CE_GEN[4].MULTIPLE_CES_THIS_CS_GEN.CE_I                             |                  axi_lite_ipif_v3_0_4_pselect_f__parameterized4_117 |         Static |            - |          1 |          1 |       0 |    0 |     0 |      0 |      0 |    0 |          0 |
|                   MEM_DECODE_GEN[0].PER_CE_GEN[5].MULTIPLE_CES_THIS_CS_GEN.CE_I                             |                  axi_lite_ipif_v3_0_4_pselect_f__parameterized5_118 |         Static |            - |          1 |          1 |       0 |    0 |     0 |      0 |      0 |    0 |          0 |
|                   MEM_DECODE_GEN[0].PER_CE_GEN[6].MULTIPLE_CES_THIS_CS_GEN.CE_I                             |                  axi_lite_ipif_v3_0_4_pselect_f__parameterized6_119 |         Static |            - |          1 |          1 |       0 |    0 |     0 |      0 |      0 |    0 |          0 |
|                   MEM_DECODE_GEN[0].PER_CE_GEN[7].MULTIPLE_CES_THIS_CS_GEN.CE_I                             |                  axi_lite_ipif_v3_0_4_pselect_f__parameterized7_120 |         Static |            - |          1 |          1 |       0 |    0 |     0 |      0 |      0 |    0 |          0 |
|                   MEM_DECODE_GEN[0].PER_CE_GEN[8].MULTIPLE_CES_THIS_CS_GEN.CE_I                             |                  axi_lite_ipif_v3_0_4_pselect_f__parameterized8_121 |         Static |            - |          1 |          1 |       0 |    0 |     0 |      0 |      0 |    0 |          0 |
|                   MEM_DECODE_GEN[0].PER_CE_GEN[9].MULTIPLE_CES_THIS_CS_GEN.CE_I                             |                  axi_lite_ipif_v3_0_4_pselect_f__parameterized9_122 |         Static |            - |          1 |          1 |       0 |    0 |     0 |      0 |      0 |    0 |          0 |
|                   MEM_DECODE_GEN[1].PER_CE_GEN[2].MULTIPLE_CES_THIS_CS_GEN.CE_I                             |                 axi_lite_ipif_v3_0_4_pselect_f__parameterized19_123 |         Static |            - |          1 |          1 |       0 |    0 |     0 |      0 |      0 |    0 |          0 |
|                   MEM_DECODE_GEN[1].PER_CE_GEN[6].MULTIPLE_CES_THIS_CS_GEN.CE_I                             |                 axi_lite_ipif_v3_0_4_pselect_f__parameterized23_124 |         Static |            - |          1 |          1 |       0 |    0 |     0 |      0 |      0 |    0 |          0 |
|                   MEM_DECODE_GEN[2].PER_CE_GEN[2].MULTIPLE_CES_THIS_CS_GEN.CE_I                             |                 axi_lite_ipif_v3_0_4_pselect_f__parameterized19_125 |         Static |            - |          1 |          1 |       0 |    0 |     0 |      0 |      0 |    0 |          0 |
|                   MEM_DECODE_GEN[2].PER_CE_GEN[6].MULTIPLE_CES_THIS_CS_GEN.CE_I                             |                 axi_lite_ipif_v3_0_4_pselect_f__parameterized23_126 |         Static |            - |          1 |          1 |       0 |    0 |     0 |      0 |      0 |    0 |          0 |
|             QSPI_LEGACY_MD_GEN.QSPI_CORE_INTERFACE_I                                                        |                                                 qspi_core_interface |         Static |            - |        279 |        263 |      16 |    0 |   483 |      0 |      0 |    0 |          0 |
|               (QSPI_LEGACY_MD_GEN.QSPI_CORE_INTERFACE_I)                                                    |                                                 qspi_core_interface |         Static |            - |          7 |          7 |       0 |    0 |    44 |      0 |      0 |    0 |          0 |
|               CONTROL_REG_I                                                                                 |                                                   qspi_cntrl_reg_74 |         Static |            - |          2 |          2 |       0 |    0 |    10 |      0 |      0 |    0 |          0 |
|               FIFO_EXISTS.CLK_CROSS_I                                                                       |                                               cross_clk_sync_fifo_1 |         Static |            - |         18 |         18 |       0 |    0 |    42 |      0 |      0 |    0 |          0 |
|               FIFO_EXISTS.FIFO_IF_MODULE_I                                                                  |                                               qspi_fifo_ifmodule_75 |         Static |            - |          4 |          4 |       0 |    0 |     4 |      0 |      0 |    0 |          0 |
|               FIFO_EXISTS.RX_FIFO_EMPTY_SYNC_AXI_2_SPI_CDC                                                  |                                         cdc_sync__parameterized0_76 |         Static |            - |          1 |          1 |       0 |    0 |     2 |      0 |      0 |    0 |          0 |
|               FIFO_EXISTS.RX_FIFO_FULL_SYNCED_SPI_2_AXI_CDC                                                 |                                         cdc_sync__parameterized0_77 |         Static |            - |          1 |          1 |       0 |    0 |     2 |      0 |      0 |    0 |          0 |
|               FIFO_EXISTS.RX_FIFO_II                                                                        |                                           xpm_fifo_async__xdcDup__1 |         Static |            - |         78 |         70 |       8 |    0 |   135 |      0 |      0 |    0 |          0 |
|                 gnuram_async_fifo.xpm_fifo_base_inst                                                        |                                            xpm_fifo_base__xdcDup__1 |         Static |            - |         78 |         70 |       8 |    0 |   135 |      0 |      0 |    0 |          0 |
|                   (gnuram_async_fifo.xpm_fifo_base_inst)                                                    |                                            xpm_fifo_base__xdcDup__1 |         Static |            - |          3 |          3 |       0 |    0 |    11 |      0 |      0 |    0 |          0 |
|                   gaf_wptr_p3.wrpp3_inst                                                                    |                                                 xpm_counter_updn_94 |         Static |            - |          2 |          2 |       0 |    0 |     4 |      0 |      0 |    0 |          0 |
|                   gen_cdc_pntr.rd_pntr_cdc_inst                                                             |                                                        xpm_cdc_gray |         Static |            - |          5 |          5 |       0 |    0 |    12 |      0 |      0 |    0 |          0 |
|                   gen_cdc_pntr.rpw_gray_reg                                                                 |                                                 xpm_fifo_reg_vec_95 |         Static |            - |          6 |          6 |       0 |    0 |     4 |      0 |      0 |    0 |          0 |
|                   gen_cdc_pntr.wpr_gray_reg                                                                 |                                                 xpm_fifo_reg_vec_97 |         Static |            - |          3 |          3 |       0 |    0 |     4 |      0 |      0 |    0 |          0 |
|                   gen_cdc_pntr.wpr_gray_reg_dc                                                              |                                 xpm_fifo_reg_vec__parameterized0_98 |         Static |            - |          2 |          2 |       0 |    0 |     5 |      0 |      0 |    0 |          0 |
|                   gen_cdc_pntr.wr_pntr_cdc_dc_inst                                                          |                                        xpm_cdc_gray__parameterized0 |         Static |            - |          5 |          5 |       0 |    0 |    25 |      0 |      0 |    0 |          0 |
|                   gen_cdc_pntr.wr_pntr_cdc_inst                                                             |                                                    xpm_cdc_gray__15 |         Static |            - |          5 |          5 |       0 |    0 |    12 |      0 |      0 |    0 |          0 |
|                   gen_fwft.rdpp1_inst                                                                       |                                 xpm_counter_updn__parameterized1_99 |         Static |            - |          5 |          5 |       0 |    0 |     2 |      0 |      0 |    0 |          0 |
|                   gen_sdpram.xpm_memory_base_inst                                                           |                                                     xpm_memory_base |         Static |            - |          8 |          0 |       8 |    0 |    16 |      0 |      0 |    0 |          0 |
|                   rdp_inst                                                                                  |                                xpm_counter_updn__parameterized2_100 |         Static |            - |          8 |          8 |       0 |    0 |     5 |      0 |      0 |    0 |          0 |
|                   rdpp1_inst                                                                                |                                xpm_counter_updn__parameterized3_101 |         Static |            - |          3 |          3 |       0 |    0 |     4 |      0 |      0 |    0 |          0 |
|                   rst_d1_inst                                                                               |                                                xpm_fifo_reg_bit_102 |         Static |            - |          0 |          0 |       0 |    0 |     1 |      0 |      0 |    0 |          0 |
|                   wrp_inst                                                                                  |                                xpm_counter_updn__parameterized2_103 |         Static |            - |          3 |          3 |       0 |    0 |     5 |      0 |      0 |    0 |          0 |
|                   wrpp1_inst                                                                                |                                xpm_counter_updn__parameterized3_104 |         Static |            - |          3 |          3 |       0 |    0 |     4 |      0 |      0 |    0 |          0 |
|                   wrpp2_inst                                                                                |                                xpm_counter_updn__parameterized0_105 |         Static |            - |          3 |          3 |       0 |    0 |     4 |      0 |      0 |    0 |          0 |
|                   xpm_fifo_rst_inst                                                                         |                                             xpm_fifo_rst__xdcDup__1 |         Static |            - |         16 |         16 |       0 |    0 |    17 |      0 |      0 |    0 |          0 |
|                     (xpm_fifo_rst_inst)                                                                     |                                             xpm_fifo_rst__xdcDup__1 |         Static |            - |         16 |         16 |       0 |    0 |    13 |      0 |      0 |    0 |          0 |
|                     gen_rst_ic.rrst_wr_inst                                                                 |                                                    xpm_cdc_sync_rst |         Static |            - |          0 |          0 |       0 |    0 |     2 |      0 |      0 |    0 |          0 |
|                     gen_rst_ic.wrst_rd_inst                                                                 |                                                xpm_cdc_sync_rst__22 |         Static |            - |          0 |          0 |       0 |    0 |     2 |      0 |      0 |    0 |          0 |
|               FIFO_EXISTS.TX_FIFO_EMPTY_CNTR_I                                                              |                                                        counter_f_78 |         Static |            - |          5 |          5 |       0 |    0 |     4 |      0 |      0 |    0 |          0 |
|               FIFO_EXISTS.TX_FIFO_II                                                                        |                                            async_fifo_fg__xdcDup__1 |         Static |            - |         89 |         81 |       8 |    0 |   125 |      0 |      0 |    0 |          0 |
|                 (FIFO_EXISTS.TX_FIFO_II)                                                                    |                                            async_fifo_fg__xdcDup__1 |         Static |            - |         10 |         10 |       0 |    0 |     0 |      0 |      0 |    0 |          0 |
|                 xpm_fifo_instance.xpm_fifo_async_inst                                                       |                           xpm_fifo_async__parameterized1__xdcDup__1 |         Static |            - |         79 |         71 |       8 |    0 |   125 |      0 |      0 |    0 |          0 |
|                   gnuram_async_fifo.xpm_fifo_base_inst                                                      |                            xpm_fifo_base__parameterized0__xdcDup__1 |         Static |            - |         79 |         71 |       8 |    0 |   125 |      0 |      0 |    0 |          0 |
|                     (gnuram_async_fifo.xpm_fifo_base_inst)                                                  |                            xpm_fifo_base__parameterized0__xdcDup__1 |         Static |            - |          3 |          3 |       0 |    0 |    11 |      0 |      0 |    0 |          0 |
|                     gaf_wptr_p3.wrpp3_inst                                                                  |                                                 xpm_counter_updn_82 |         Static |            - |          2 |          2 |       0 |    0 |     4 |      0 |      0 |    0 |          0 |
|                     gen_cdc_pntr.rd_pntr_cdc_dc_inst                                                        |                                     xpm_cdc_gray__parameterized1__9 |         Static |            - |          5 |          5 |       0 |    0 |    15 |      0 |      0 |    0 |          0 |
|                     gen_cdc_pntr.rd_pntr_cdc_inst                                                           |                                                    xpm_cdc_gray__14 |         Static |            - |          5 |          5 |       0 |    0 |    12 |      0 |      0 |    0 |          0 |
|                     gen_cdc_pntr.rpw_gray_reg                                                               |                                                 xpm_fifo_reg_vec_83 |         Static |            - |          7 |          7 |       0 |    0 |     4 |      0 |      0 |    0 |          0 |
|                     gen_cdc_pntr.rpw_gray_reg_dc                                                            |                                 xpm_fifo_reg_vec__parameterized0_84 |         Static |            - |          3 |          3 |       0 |    0 |     5 |      0 |      0 |    0 |          0 |
|                     gen_cdc_pntr.wpr_gray_reg                                                               |                                                 xpm_fifo_reg_vec_85 |         Static |            - |          3 |          3 |       0 |    0 |     4 |      0 |      0 |    0 |          0 |
|                     gen_cdc_pntr.wr_pntr_cdc_inst                                                           |                                                    xpm_cdc_gray__13 |         Static |            - |          5 |          5 |       0 |    0 |    12 |      0 |      0 |    0 |          0 |
|                     gen_fwft.rdpp1_inst                                                                     |                                 xpm_counter_updn__parameterized1_87 |         Static |            - |          4 |          4 |       0 |    0 |     2 |      0 |      0 |    0 |          0 |
|                     gen_sdpram.xpm_memory_base_inst                                                         |                                                  xpm_memory_base__9 |         Static |            - |          8 |          0 |       8 |    0 |    16 |      0 |      0 |    0 |          0 |
|                     rdp_inst                                                                                |                                 xpm_counter_updn__parameterized2_88 |         Static |            - |          8 |          8 |       0 |    0 |     5 |      0 |      0 |    0 |          0 |
|                     rdpp1_inst                                                                              |                                 xpm_counter_updn__parameterized3_89 |         Static |            - |          3 |          3 |       0 |    0 |     4 |      0 |      0 |    0 |          0 |
|                     rst_d1_inst                                                                             |                                                 xpm_fifo_reg_bit_90 |         Static |            - |          1 |          1 |       0 |    0 |     1 |      0 |      0 |    0 |          0 |
|                     wrp_inst                                                                                |                                 xpm_counter_updn__parameterized2_91 |         Static |            - |          4 |          4 |       0 |    0 |     5 |      0 |      0 |    0 |          0 |
|                     wrpp1_inst                                                                              |                                 xpm_counter_updn__parameterized3_92 |         Static |            - |          3 |          3 |       0 |    0 |     4 |      0 |      0 |    0 |          0 |
|                     wrpp2_inst                                                                              |                                 xpm_counter_updn__parameterized0_93 |         Static |            - |          3 |          3 |       0 |    0 |     4 |      0 |      0 |    0 |          0 |
|                     xpm_fifo_rst_inst                                                                       |                                             xpm_fifo_rst__xdcDup__2 |         Static |            - |         16 |         16 |       0 |    0 |    17 |      0 |      0 |    0 |          0 |
|                       (xpm_fifo_rst_inst)                                                                   |                                             xpm_fifo_rst__xdcDup__2 |         Static |            - |         16 |         16 |       0 |    0 |    13 |      0 |      0 |    0 |          0 |
|                       gen_rst_ic.rrst_wr_inst                                                               |                                                xpm_cdc_sync_rst__21 |         Static |            - |          0 |          0 |       0 |    0 |     2 |      0 |      0 |    0 |          0 |
|                       gen_rst_ic.wrst_rd_inst                                                               |                                                xpm_cdc_sync_rst__20 |         Static |            - |          0 |          0 |       0 |    0 |     2 |      0 |      0 |    0 |          0 |
|               INTERRUPT_CONTROL_I                                                                           |                                                interrupt_control_79 |         Static |            - |         14 |         14 |       0 |    0 |    23 |      0 |      0 |    0 |          0 |
|               LOGIC_FOR_MD_0_GEN.SPI_MODULE_I                                                               |                                                  qspi_mode_0_module |         Static |            - |         49 |         49 |       0 |    0 |    67 |      0 |      0 |    0 |          0 |
|               RESET_SYNC_AXI_SPI_CLK_INST                                                                   |                                                reset_sync_module_80 |         Static |            - |          1 |          1 |       0 |    0 |     2 |      0 |      0 |    0 |          0 |
|               SOFT_RESET_I                                                                                  |                                                       soft_reset_81 |         Static |            - |         11 |         11 |       0 |    0 |    19 |      0 |      0 |    0 |          0 |
|               STATUS_REG_MODE_0_GEN.STATUS_SLAVE_SEL_REG_I                                                  |                                           qspi_status_slave_sel_reg |         Static |            - |          1 |          1 |       0 |    0 |     4 |      0 |      0 |    0 |          0 |
|       axi_spi_1                                                                                             |                                               processor_axi_spi_1_0 |         Static |            - |        368 |        352 |      16 |    0 |   557 |      0 |      0 |    0 |          0 |
|         U0                                                                                                  |                                        axi_quad_spi__parameterized1 |         Static |            - |        368 |        352 |      16 |    0 |   557 |      0 |      0 |    0 |          0 |
|           NO_DUAL_QUAD_MODE.QSPI_NORMAL                                                                     |                                    axi_quad_spi_top__parameterized0 |         Static |            - |        368 |        352 |      16 |    0 |   557 |      0 |      0 |    0 |          0 |
|             (NO_DUAL_QUAD_MODE.QSPI_NORMAL)                                                                 |                                    axi_quad_spi_top__parameterized0 |         Static |            - |          0 |          0 |       0 |    0 |     0 |      0 |      0 |    0 |          0 |
|             QSPI_LEGACY_MD_GEN.AXI_LITE_IPIF_I                                                              |                                                    axi_lite_ipif_19 |         Static |            - |         90 |         90 |       0 |    0 |    70 |      0 |      0 |    0 |          0 |
|               I_SLAVE_ATTACHMENT                                                                            |                                                 slave_attachment_52 |         Static |            - |         90 |         90 |       0 |    0 |    70 |      0 |      0 |    0 |          0 |
|                 (I_SLAVE_ATTACHMENT)                                                                        |                                                 slave_attachment_52 |         Static |            - |         23 |         23 |       0 |    0 |    37 |      0 |      0 |    0 |          0 |
|                 I_DECODER                                                                                   |                                                  address_decoder_53 |         Static |            - |         68 |         68 |       0 |    0 |    33 |      0 |      0 |    0 |          0 |
|                   (I_DECODER)                                                                               |                                                  address_decoder_53 |         Static |            - |         50 |         50 |       0 |    0 |    33 |      0 |      0 |    0 |          0 |
|                   MEM_DECODE_GEN[0].PER_CE_GEN[0].MULTIPLE_CES_THIS_CS_GEN.CE_I                             |                   axi_lite_ipif_v3_0_4_pselect_f__parameterized0_54 |         Static |            - |          1 |          1 |       0 |    0 |     0 |      0 |      0 |    0 |          0 |
|                   MEM_DECODE_GEN[0].PER_CE_GEN[10].MULTIPLE_CES_THIS_CS_GEN.CE_I                            |                  axi_lite_ipif_v3_0_4_pselect_f__parameterized10_55 |         Static |            - |          1 |          1 |       0 |    0 |     0 |      0 |      0 |    0 |          0 |
|                   MEM_DECODE_GEN[0].PER_CE_GEN[11].MULTIPLE_CES_THIS_CS_GEN.CE_I                            |                  axi_lite_ipif_v3_0_4_pselect_f__parameterized11_56 |         Static |            - |          1 |          1 |       0 |    0 |     0 |      0 |      0 |    0 |          0 |
|                   MEM_DECODE_GEN[0].PER_CE_GEN[12].MULTIPLE_CES_THIS_CS_GEN.CE_I                            |                  axi_lite_ipif_v3_0_4_pselect_f__parameterized12_57 |         Static |            - |          1 |          1 |       0 |    0 |     0 |      0 |      0 |    0 |          0 |
|                   MEM_DECODE_GEN[0].PER_CE_GEN[13].MULTIPLE_CES_THIS_CS_GEN.CE_I                            |                  axi_lite_ipif_v3_0_4_pselect_f__parameterized13_58 |         Static |            - |          1 |          1 |       0 |    0 |     0 |      0 |      0 |    0 |          0 |
|                   MEM_DECODE_GEN[0].PER_CE_GEN[14].MULTIPLE_CES_THIS_CS_GEN.CE_I                            |                  axi_lite_ipif_v3_0_4_pselect_f__parameterized14_59 |         Static |            - |          1 |          1 |       0 |    0 |     0 |      0 |      0 |    0 |          0 |
|                   MEM_DECODE_GEN[0].PER_CE_GEN[1].MULTIPLE_CES_THIS_CS_GEN.CE_I                             |                   axi_lite_ipif_v3_0_4_pselect_f__parameterized1_60 |         Static |            - |          1 |          1 |       0 |    0 |     0 |      0 |      0 |    0 |          0 |
|                   MEM_DECODE_GEN[0].PER_CE_GEN[2].MULTIPLE_CES_THIS_CS_GEN.CE_I                             |                   axi_lite_ipif_v3_0_4_pselect_f__parameterized2_61 |         Static |            - |          1 |          1 |       0 |    0 |     0 |      0 |      0 |    0 |          0 |
|                   MEM_DECODE_GEN[0].PER_CE_GEN[3].MULTIPLE_CES_THIS_CS_GEN.CE_I                             |                   axi_lite_ipif_v3_0_4_pselect_f__parameterized3_62 |         Static |            - |          1 |          1 |       0 |    0 |     0 |      0 |      0 |    0 |          0 |
|                   MEM_DECODE_GEN[0].PER_CE_GEN[4].MULTIPLE_CES_THIS_CS_GEN.CE_I                             |                   axi_lite_ipif_v3_0_4_pselect_f__parameterized4_63 |         Static |            - |          1 |          1 |       0 |    0 |     0 |      0 |      0 |    0 |          0 |
|                   MEM_DECODE_GEN[0].PER_CE_GEN[5].MULTIPLE_CES_THIS_CS_GEN.CE_I                             |                   axi_lite_ipif_v3_0_4_pselect_f__parameterized5_64 |         Static |            - |          1 |          1 |       0 |    0 |     0 |      0 |      0 |    0 |          0 |
|                   MEM_DECODE_GEN[0].PER_CE_GEN[6].MULTIPLE_CES_THIS_CS_GEN.CE_I                             |                   axi_lite_ipif_v3_0_4_pselect_f__parameterized6_65 |         Static |            - |          1 |          1 |       0 |    0 |     0 |      0 |      0 |    0 |          0 |
|                   MEM_DECODE_GEN[0].PER_CE_GEN[7].MULTIPLE_CES_THIS_CS_GEN.CE_I                             |                   axi_lite_ipif_v3_0_4_pselect_f__parameterized7_66 |         Static |            - |          1 |          1 |       0 |    0 |     0 |      0 |      0 |    0 |          0 |
|                   MEM_DECODE_GEN[0].PER_CE_GEN[8].MULTIPLE_CES_THIS_CS_GEN.CE_I                             |                   axi_lite_ipif_v3_0_4_pselect_f__parameterized8_67 |         Static |            - |          1 |          1 |       0 |    0 |     0 |      0 |      0 |    0 |          0 |
|                   MEM_DECODE_GEN[0].PER_CE_GEN[9].MULTIPLE_CES_THIS_CS_GEN.CE_I                             |                   axi_lite_ipif_v3_0_4_pselect_f__parameterized9_68 |         Static |            - |          1 |          1 |       0 |    0 |     0 |      0 |      0 |    0 |          0 |
|                   MEM_DECODE_GEN[1].PER_CE_GEN[2].MULTIPLE_CES_THIS_CS_GEN.CE_I                             |                  axi_lite_ipif_v3_0_4_pselect_f__parameterized19_69 |         Static |            - |          1 |          1 |       0 |    0 |     0 |      0 |      0 |    0 |          0 |
|                   MEM_DECODE_GEN[1].PER_CE_GEN[6].MULTIPLE_CES_THIS_CS_GEN.CE_I                             |                  axi_lite_ipif_v3_0_4_pselect_f__parameterized23_70 |         Static |            - |          1 |          1 |       0 |    0 |     0 |      0 |      0 |    0 |          0 |
|                   MEM_DECODE_GEN[2].PER_CE_GEN[2].MULTIPLE_CES_THIS_CS_GEN.CE_I                             |                  axi_lite_ipif_v3_0_4_pselect_f__parameterized19_71 |         Static |            - |          1 |          1 |       0 |    0 |     0 |      0 |      0 |    0 |          0 |
|                   MEM_DECODE_GEN[2].PER_CE_GEN[6].MULTIPLE_CES_THIS_CS_GEN.CE_I                             |                  axi_lite_ipif_v3_0_4_pselect_f__parameterized23_72 |         Static |            - |          1 |          1 |       0 |    0 |     0 |      0 |      0 |    0 |          0 |
|             QSPI_LEGACY_MD_GEN.QSPI_CORE_INTERFACE_I                                                        |                                 qspi_core_interface__parameterized0 |         Static |            - |        278 |        262 |      16 |    0 |   487 |      0 |      0 |    0 |          0 |
|               (QSPI_LEGACY_MD_GEN.QSPI_CORE_INTERFACE_I)                                                    |                                 qspi_core_interface__parameterized0 |         Static |            - |          7 |          7 |       0 |    0 |    44 |      0 |      0 |    0 |          0 |
|               CONTROL_REG_I                                                                                 |                                                   qspi_cntrl_reg_20 |         Static |            - |          2 |          2 |       0 |    0 |    10 |      0 |      0 |    0 |          0 |
|               FIFO_EXISTS.CLK_CROSS_I                                                                       |                               cross_clk_sync_fifo_1__parameterized0 |         Static |            - |         17 |         17 |       0 |    0 |    44 |      0 |      0 |    0 |          0 |
|               FIFO_EXISTS.FIFO_IF_MODULE_I                                                                  |                                               qspi_fifo_ifmodule_21 |         Static |            - |          4 |          4 |       0 |    0 |     4 |      0 |      0 |    0 |          0 |
|               FIFO_EXISTS.RX_FIFO_EMPTY_SYNC_AXI_2_SPI_CDC                                                  |                                         cdc_sync__parameterized0_22 |         Static |            - |          1 |          1 |       0 |    0 |     2 |      0 |      0 |    0 |          0 |
|               FIFO_EXISTS.RX_FIFO_FULL_SYNCED_SPI_2_AXI_CDC                                                 |                                         cdc_sync__parameterized0_23 |         Static |            - |          1 |          1 |       0 |    0 |     2 |      0 |      0 |    0 |          0 |
|               FIFO_EXISTS.RX_FIFO_II                                                                        |                                           xpm_fifo_async__xdcDup__2 |         Static |            - |         78 |         70 |       8 |    0 |   135 |      0 |      0 |    0 |          0 |
|                 gnuram_async_fifo.xpm_fifo_base_inst                                                        |                                            xpm_fifo_base__xdcDup__2 |         Static |            - |         78 |         70 |       8 |    0 |   135 |      0 |      0 |    0 |          0 |
|                   (gnuram_async_fifo.xpm_fifo_base_inst)                                                    |                                            xpm_fifo_base__xdcDup__2 |         Static |            - |          3 |          3 |       0 |    0 |    11 |      0 |      0 |    0 |          0 |
|                   gaf_wptr_p3.wrpp3_inst                                                                    |                                                 xpm_counter_updn_40 |         Static |            - |          2 |          2 |       0 |    0 |     4 |      0 |      0 |    0 |          0 |
|                   gen_cdc_pntr.rd_pntr_cdc_inst                                                             |                                                    xpm_cdc_gray__12 |         Static |            - |          5 |          5 |       0 |    0 |    12 |      0 |      0 |    0 |          0 |
|                   gen_cdc_pntr.rpw_gray_reg                                                                 |                                                 xpm_fifo_reg_vec_41 |         Static |            - |          6 |          6 |       0 |    0 |     4 |      0 |      0 |    0 |          0 |
|                   gen_cdc_pntr.wpr_gray_reg                                                                 |                                                 xpm_fifo_reg_vec_43 |         Static |            - |          3 |          3 |       0 |    0 |     4 |      0 |      0 |    0 |          0 |
|                   gen_cdc_pntr.wpr_gray_reg_dc                                                              |                                 xpm_fifo_reg_vec__parameterized0_44 |         Static |            - |          2 |          2 |       0 |    0 |     5 |      0 |      0 |    0 |          0 |
|                   gen_cdc_pntr.wr_pntr_cdc_dc_inst                                                          |                                     xpm_cdc_gray__parameterized0__8 |         Static |            - |          5 |          5 |       0 |    0 |    25 |      0 |      0 |    0 |          0 |
|                   gen_cdc_pntr.wr_pntr_cdc_inst                                                             |                                                    xpm_cdc_gray__11 |         Static |            - |          5 |          5 |       0 |    0 |    12 |      0 |      0 |    0 |          0 |
|                   gen_fwft.rdpp1_inst                                                                       |                                 xpm_counter_updn__parameterized1_45 |         Static |            - |          5 |          5 |       0 |    0 |     2 |      0 |      0 |    0 |          0 |
|                   gen_sdpram.xpm_memory_base_inst                                                           |                                                  xpm_memory_base__8 |         Static |            - |          8 |          0 |       8 |    0 |    16 |      0 |      0 |    0 |          0 |
|                   rdp_inst                                                                                  |                                 xpm_counter_updn__parameterized2_46 |         Static |            - |          8 |          8 |       0 |    0 |     5 |      0 |      0 |    0 |          0 |
|                   rdpp1_inst                                                                                |                                 xpm_counter_updn__parameterized3_47 |         Static |            - |          3 |          3 |       0 |    0 |     4 |      0 |      0 |    0 |          0 |
|                   rst_d1_inst                                                                               |                                                 xpm_fifo_reg_bit_48 |         Static |            - |          0 |          0 |       0 |    0 |     1 |      0 |      0 |    0 |          0 |
|                   wrp_inst                                                                                  |                                 xpm_counter_updn__parameterized2_49 |         Static |            - |          3 |          3 |       0 |    0 |     5 |      0 |      0 |    0 |          0 |
|                   wrpp1_inst                                                                                |                                 xpm_counter_updn__parameterized3_50 |         Static |            - |          3 |          3 |       0 |    0 |     4 |      0 |      0 |    0 |          0 |
|                   wrpp2_inst                                                                                |                                 xpm_counter_updn__parameterized0_51 |         Static |            - |          2 |          2 |       0 |    0 |     4 |      0 |      0 |    0 |          0 |
|                   xpm_fifo_rst_inst                                                                         |                                             xpm_fifo_rst__xdcDup__3 |         Static |            - |         16 |         16 |       0 |    0 |    17 |      0 |      0 |    0 |          0 |
|                     (xpm_fifo_rst_inst)                                                                     |                                             xpm_fifo_rst__xdcDup__3 |         Static |            - |         16 |         16 |       0 |    0 |    13 |      0 |      0 |    0 |          0 |
|                     gen_rst_ic.rrst_wr_inst                                                                 |                                                xpm_cdc_sync_rst__19 |         Static |            - |          0 |          0 |       0 |    0 |     2 |      0 |      0 |    0 |          0 |
|                     gen_rst_ic.wrst_rd_inst                                                                 |                                                xpm_cdc_sync_rst__18 |         Static |            - |          0 |          0 |       0 |    0 |     2 |      0 |      0 |    0 |          0 |
|               FIFO_EXISTS.TX_FIFO_EMPTY_CNTR_I                                                              |                                                        counter_f_24 |         Static |            - |          5 |          5 |       0 |    0 |     4 |      0 |      0 |    0 |          0 |
|               FIFO_EXISTS.TX_FIFO_II                                                                        |                                            async_fifo_fg__xdcDup__2 |         Static |            - |         89 |         81 |       8 |    0 |   125 |      0 |      0 |    0 |          0 |
|                 (FIFO_EXISTS.TX_FIFO_II)                                                                    |                                            async_fifo_fg__xdcDup__2 |         Static |            - |         10 |         10 |       0 |    0 |     0 |      0 |      0 |    0 |          0 |
|                 xpm_fifo_instance.xpm_fifo_async_inst                                                       |                           xpm_fifo_async__parameterized1__xdcDup__2 |         Static |            - |         79 |         71 |       8 |    0 |   125 |      0 |      0 |    0 |          0 |
|                   gnuram_async_fifo.xpm_fifo_base_inst                                                      |                            xpm_fifo_base__parameterized0__xdcDup__2 |         Static |            - |         79 |         71 |       8 |    0 |   125 |      0 |      0 |    0 |          0 |
|                     (gnuram_async_fifo.xpm_fifo_base_inst)                                                  |                            xpm_fifo_base__parameterized0__xdcDup__2 |         Static |            - |          3 |          3 |       0 |    0 |    11 |      0 |      0 |    0 |          0 |
|                     gaf_wptr_p3.wrpp3_inst                                                                  |                                                 xpm_counter_updn_28 |         Static |            - |          2 |          2 |       0 |    0 |     4 |      0 |      0 |    0 |          0 |
|                     gen_cdc_pntr.rd_pntr_cdc_dc_inst                                                        |                                     xpm_cdc_gray__parameterized1__7 |         Static |            - |          5 |          5 |       0 |    0 |    15 |      0 |      0 |    0 |          0 |
|                     gen_cdc_pntr.rd_pntr_cdc_inst                                                           |                                                    xpm_cdc_gray__10 |         Static |            - |          5 |          5 |       0 |    0 |    12 |      0 |      0 |    0 |          0 |
|                     gen_cdc_pntr.rpw_gray_reg                                                               |                                                 xpm_fifo_reg_vec_29 |         Static |            - |          7 |          7 |       0 |    0 |     4 |      0 |      0 |    0 |          0 |
|                     gen_cdc_pntr.rpw_gray_reg_dc                                                            |                                 xpm_fifo_reg_vec__parameterized0_30 |         Static |            - |          3 |          3 |       0 |    0 |     5 |      0 |      0 |    0 |          0 |
|                     gen_cdc_pntr.wpr_gray_reg                                                               |                                                 xpm_fifo_reg_vec_31 |         Static |            - |          3 |          3 |       0 |    0 |     4 |      0 |      0 |    0 |          0 |
|                     gen_cdc_pntr.wr_pntr_cdc_inst                                                           |                                                     xpm_cdc_gray__9 |         Static |            - |          5 |          5 |       0 |    0 |    12 |      0 |      0 |    0 |          0 |
|                     gen_fwft.rdpp1_inst                                                                     |                                 xpm_counter_updn__parameterized1_33 |         Static |            - |          4 |          4 |       0 |    0 |     2 |      0 |      0 |    0 |          0 |
|                     gen_sdpram.xpm_memory_base_inst                                                         |                                                  xpm_memory_base__7 |         Static |            - |          8 |          0 |       8 |    0 |    16 |      0 |      0 |    0 |          0 |
|                     rdp_inst                                                                                |                                 xpm_counter_updn__parameterized2_34 |         Static |            - |          8 |          8 |       0 |    0 |     5 |      0 |      0 |    0 |          0 |
|                     rdpp1_inst                                                                              |                                 xpm_counter_updn__parameterized3_35 |         Static |            - |          3 |          3 |       0 |    0 |     4 |      0 |      0 |    0 |          0 |
|                     rst_d1_inst                                                                             |                                                 xpm_fifo_reg_bit_36 |         Static |            - |          1 |          1 |       0 |    0 |     1 |      0 |      0 |    0 |          0 |
|                     wrp_inst                                                                                |                                 xpm_counter_updn__parameterized2_37 |         Static |            - |          4 |          4 |       0 |    0 |     5 |      0 |      0 |    0 |          0 |
|                     wrpp1_inst                                                                              |                                 xpm_counter_updn__parameterized3_38 |         Static |            - |          3 |          3 |       0 |    0 |     4 |      0 |      0 |    0 |          0 |
|                     wrpp2_inst                                                                              |                                 xpm_counter_updn__parameterized0_39 |         Static |            - |          3 |          3 |       0 |    0 |     4 |      0 |      0 |    0 |          0 |
|                     xpm_fifo_rst_inst                                                                       |                                             xpm_fifo_rst__xdcDup__4 |         Static |            - |         16 |         16 |       0 |    0 |    17 |      0 |      0 |    0 |          0 |
|                       (xpm_fifo_rst_inst)                                                                   |                                             xpm_fifo_rst__xdcDup__4 |         Static |            - |         16 |         16 |       0 |    0 |    13 |      0 |      0 |    0 |          0 |
|                       gen_rst_ic.rrst_wr_inst                                                               |                                                xpm_cdc_sync_rst__17 |         Static |            - |          0 |          0 |       0 |    0 |     2 |      0 |      0 |    0 |          0 |
|                       gen_rst_ic.wrst_rd_inst                                                               |                                                xpm_cdc_sync_rst__16 |         Static |            - |          0 |          0 |       0 |    0 |     2 |      0 |      0 |    0 |          0 |
|               INTERRUPT_CONTROL_I                                                                           |                                                interrupt_control_25 |         Static |            - |         12 |         12 |       0 |    0 |    23 |      0 |      0 |    0 |          0 |
|               LOGIC_FOR_MD_0_GEN.SPI_MODULE_I                                                               |                                  qspi_mode_0_module__parameterized0 |         Static |            - |         51 |         51 |       0 |    0 |    68 |      0 |      0 |    0 |          0 |
|               RESET_SYNC_AXI_SPI_CLK_INST                                                                   |                                                reset_sync_module_26 |         Static |            - |          1 |          1 |       0 |    0 |     2 |      0 |      0 |    0 |          0 |
|               SOFT_RESET_I                                                                                  |                                                       soft_reset_27 |         Static |            - |         11 |         11 |       0 |    0 |    19 |      0 |      0 |    0 |          0 |
|               STATUS_REG_MODE_0_GEN.STATUS_SLAVE_SEL_REG_I                                                  |                           qspi_status_slave_sel_reg__parameterized0 |         Static |            - |          1 |          1 |       0 |    0 |     5 |      0 |      0 |    0 |          0 |
|       irqconcat_1                                                                                           |                                             processor_irqconcat_1_0 |         Static |            - |          0 |          0 |       0 |    0 |     0 |      0 |      0 |    0 |          0 |
|       spi_instr                                                                                             |                                               processor_spi_instr_0 |         Static |            - |        362 |        346 |      16 |    0 |   563 |      0 |      0 |    0 |          0 |
|         U0                                                                                                  |                                        axi_quad_spi__parameterized3 |         Static |            - |        362 |        346 |      16 |    0 |   563 |      0 |      0 |    0 |          0 |
|           NO_DUAL_QUAD_MODE.QSPI_NORMAL                                                                     |                                    axi_quad_spi_top__parameterized1 |         Static |            - |        362 |        346 |      16 |    0 |   563 |      0 |      0 |    0 |          0 |
|             (NO_DUAL_QUAD_MODE.QSPI_NORMAL)                                                                 |                                    axi_quad_spi_top__parameterized1 |         Static |            - |          0 |          0 |       0 |    0 |     1 |      0 |      0 |    0 |          0 |
|             QSPI_LEGACY_MD_GEN.AXI_LITE_IPIF_I                                                              |                                                       axi_lite_ipif |         Static |            - |         94 |         94 |       0 |    0 |    70 |      0 |      0 |    0 |          0 |
|               I_SLAVE_ATTACHMENT                                                                            |                                                    slave_attachment |         Static |            - |         94 |         94 |       0 |    0 |    70 |      0 |      0 |    0 |          0 |
|                 (I_SLAVE_ATTACHMENT)                                                                        |                                                    slave_attachment |         Static |            - |         23 |         23 |       0 |    0 |    37 |      0 |      0 |    0 |          0 |
|                 I_DECODER                                                                                   |                                                     address_decoder |         Static |            - |         72 |         72 |       0 |    0 |    33 |      0 |      0 |    0 |          0 |
|                   (I_DECODER)                                                                               |                                                     address_decoder |         Static |            - |         54 |         54 |       0 |    0 |    33 |      0 |      0 |    0 |          0 |
|                   MEM_DECODE_GEN[0].PER_CE_GEN[0].MULTIPLE_CES_THIS_CS_GEN.CE_I                             |                      axi_lite_ipif_v3_0_4_pselect_f__parameterized0 |         Static |            - |          1 |          1 |       0 |    0 |     0 |      0 |      0 |    0 |          0 |
|                   MEM_DECODE_GEN[0].PER_CE_GEN[10].MULTIPLE_CES_THIS_CS_GEN.CE_I                            |                     axi_lite_ipif_v3_0_4_pselect_f__parameterized10 |         Static |            - |          1 |          1 |       0 |    0 |     0 |      0 |      0 |    0 |          0 |
|                   MEM_DECODE_GEN[0].PER_CE_GEN[11].MULTIPLE_CES_THIS_CS_GEN.CE_I                            |                     axi_lite_ipif_v3_0_4_pselect_f__parameterized11 |         Static |            - |          1 |          1 |       0 |    0 |     0 |      0 |      0 |    0 |          0 |
|                   MEM_DECODE_GEN[0].PER_CE_GEN[12].MULTIPLE_CES_THIS_CS_GEN.CE_I                            |                     axi_lite_ipif_v3_0_4_pselect_f__parameterized12 |         Static |            - |          1 |          1 |       0 |    0 |     0 |      0 |      0 |    0 |          0 |
|                   MEM_DECODE_GEN[0].PER_CE_GEN[13].MULTIPLE_CES_THIS_CS_GEN.CE_I                            |                     axi_lite_ipif_v3_0_4_pselect_f__parameterized13 |         Static |            - |          1 |          1 |       0 |    0 |     0 |      0 |      0 |    0 |          0 |
|                   MEM_DECODE_GEN[0].PER_CE_GEN[14].MULTIPLE_CES_THIS_CS_GEN.CE_I                            |                     axi_lite_ipif_v3_0_4_pselect_f__parameterized14 |         Static |            - |          1 |          1 |       0 |    0 |     0 |      0 |      0 |    0 |          0 |
|                   MEM_DECODE_GEN[0].PER_CE_GEN[1].MULTIPLE_CES_THIS_CS_GEN.CE_I                             |                      axi_lite_ipif_v3_0_4_pselect_f__parameterized1 |         Static |            - |          1 |          1 |       0 |    0 |     0 |      0 |      0 |    0 |          0 |
|                   MEM_DECODE_GEN[0].PER_CE_GEN[2].MULTIPLE_CES_THIS_CS_GEN.CE_I                             |                      axi_lite_ipif_v3_0_4_pselect_f__parameterized2 |         Static |            - |          1 |          1 |       0 |    0 |     0 |      0 |      0 |    0 |          0 |
|                   MEM_DECODE_GEN[0].PER_CE_GEN[3].MULTIPLE_CES_THIS_CS_GEN.CE_I                             |                      axi_lite_ipif_v3_0_4_pselect_f__parameterized3 |         Static |            - |          1 |          1 |       0 |    0 |     0 |      0 |      0 |    0 |          0 |
|                   MEM_DECODE_GEN[0].PER_CE_GEN[4].MULTIPLE_CES_THIS_CS_GEN.CE_I                             |                      axi_lite_ipif_v3_0_4_pselect_f__parameterized4 |         Static |            - |          1 |          1 |       0 |    0 |     0 |      0 |      0 |    0 |          0 |
|                   MEM_DECODE_GEN[0].PER_CE_GEN[5].MULTIPLE_CES_THIS_CS_GEN.CE_I                             |                      axi_lite_ipif_v3_0_4_pselect_f__parameterized5 |         Static |            - |          1 |          1 |       0 |    0 |     0 |      0 |      0 |    0 |          0 |
|                   MEM_DECODE_GEN[0].PER_CE_GEN[6].MULTIPLE_CES_THIS_CS_GEN.CE_I                             |                      axi_lite_ipif_v3_0_4_pselect_f__parameterized6 |         Static |            - |          1 |          1 |       0 |    0 |     0 |      0 |      0 |    0 |          0 |
|                   MEM_DECODE_GEN[0].PER_CE_GEN[7].MULTIPLE_CES_THIS_CS_GEN.CE_I                             |                      axi_lite_ipif_v3_0_4_pselect_f__parameterized7 |         Static |            - |          1 |          1 |       0 |    0 |     0 |      0 |      0 |    0 |          0 |
|                   MEM_DECODE_GEN[0].PER_CE_GEN[8].MULTIPLE_CES_THIS_CS_GEN.CE_I                             |                      axi_lite_ipif_v3_0_4_pselect_f__parameterized8 |         Static |            - |          1 |          1 |       0 |    0 |     0 |      0 |      0 |    0 |          0 |
|                   MEM_DECODE_GEN[0].PER_CE_GEN[9].MULTIPLE_CES_THIS_CS_GEN.CE_I                             |                      axi_lite_ipif_v3_0_4_pselect_f__parameterized9 |         Static |            - |          1 |          1 |       0 |    0 |     0 |      0 |      0 |    0 |          0 |
|                   MEM_DECODE_GEN[1].PER_CE_GEN[2].MULTIPLE_CES_THIS_CS_GEN.CE_I                             |                     axi_lite_ipif_v3_0_4_pselect_f__parameterized19 |         Static |            - |          1 |          1 |       0 |    0 |     0 |      0 |      0 |    0 |          0 |
|                   MEM_DECODE_GEN[1].PER_CE_GEN[6].MULTIPLE_CES_THIS_CS_GEN.CE_I                             |                     axi_lite_ipif_v3_0_4_pselect_f__parameterized23 |         Static |            - |          1 |          1 |       0 |    0 |     0 |      0 |      0 |    0 |          0 |
|                   MEM_DECODE_GEN[2].PER_CE_GEN[2].MULTIPLE_CES_THIS_CS_GEN.CE_I                             |                  axi_lite_ipif_v3_0_4_pselect_f__parameterized19_17 |         Static |            - |          1 |          1 |       0 |    0 |     0 |      0 |      0 |    0 |          0 |
|                   MEM_DECODE_GEN[2].PER_CE_GEN[6].MULTIPLE_CES_THIS_CS_GEN.CE_I                             |                  axi_lite_ipif_v3_0_4_pselect_f__parameterized23_18 |         Static |            - |          1 |          1 |       0 |    0 |     0 |      0 |      0 |    0 |          0 |
|             QSPI_LEGACY_MD_GEN.QSPI_CORE_INTERFACE_I                                                        |                                 qspi_core_interface__parameterized1 |         Static |            - |        268 |        252 |      16 |    0 |   492 |      0 |      0 |    0 |          0 |
|               (QSPI_LEGACY_MD_GEN.QSPI_CORE_INTERFACE_I)                                                    |                                 qspi_core_interface__parameterized1 |         Static |            - |          7 |          7 |       0 |    0 |    44 |      0 |      0 |    0 |          0 |
|               CONTROL_REG_I                                                                                 |                                                      qspi_cntrl_reg |         Static |            - |          2 |          2 |       0 |    0 |    10 |      0 |      0 |    0 |          0 |
|               FIFO_EXISTS.CLK_CROSS_I                                                                       |                               cross_clk_sync_fifo_1__parameterized1 |         Static |            - |         18 |         18 |       0 |    0 |    50 |      0 |      0 |    0 |          0 |
|               FIFO_EXISTS.FIFO_IF_MODULE_I                                                                  |                                                  qspi_fifo_ifmodule |         Static |            - |          4 |          4 |       0 |    0 |     4 |      0 |      0 |    0 |          0 |
|               FIFO_EXISTS.RX_FIFO_EMPTY_SYNC_AXI_2_SPI_CDC                                                  |                                            cdc_sync__parameterized0 |         Static |            - |          1 |          1 |       0 |    0 |     2 |      0 |      0 |    0 |          0 |
|               FIFO_EXISTS.RX_FIFO_FULL_SYNCED_SPI_2_AXI_CDC                                                 |                                          cdc_sync__parameterized0_0 |         Static |            - |          1 |          1 |       0 |    0 |     2 |      0 |      0 |    0 |          0 |
|               FIFO_EXISTS.RX_FIFO_II                                                                        |                                                      xpm_fifo_async |         Static |            - |         77 |         69 |       8 |    0 |   135 |      0 |      0 |    0 |          0 |
|                 gnuram_async_fifo.xpm_fifo_base_inst                                                        |                                                       xpm_fifo_base |         Static |            - |         77 |         69 |       8 |    0 |   135 |      0 |      0 |    0 |          0 |
|                   (gnuram_async_fifo.xpm_fifo_base_inst)                                                    |                                                       xpm_fifo_base |         Static |            - |          3 |          3 |       0 |    0 |    11 |      0 |      0 |    0 |          0 |
|                   gaf_wptr_p3.wrpp3_inst                                                                    |                                                  xpm_counter_updn_5 |         Static |            - |          2 |          2 |       0 |    0 |     4 |      0 |      0 |    0 |          0 |
|                   gen_cdc_pntr.rd_pntr_cdc_inst                                                             |                                                     xpm_cdc_gray__8 |         Static |            - |          5 |          5 |       0 |    0 |    12 |      0 |      0 |    0 |          0 |
|                   gen_cdc_pntr.rpw_gray_reg                                                                 |                                                  xpm_fifo_reg_vec_6 |         Static |            - |          6 |          6 |       0 |    0 |     4 |      0 |      0 |    0 |          0 |
|                   gen_cdc_pntr.wpr_gray_reg                                                                 |                                                  xpm_fifo_reg_vec_8 |         Static |            - |          3 |          3 |       0 |    0 |     4 |      0 |      0 |    0 |          0 |
|                   gen_cdc_pntr.wpr_gray_reg_dc                                                              |                                  xpm_fifo_reg_vec__parameterized0_9 |         Static |            - |          2 |          2 |       0 |    0 |     5 |      0 |      0 |    0 |          0 |
|                   gen_cdc_pntr.wr_pntr_cdc_dc_inst                                                          |                                     xpm_cdc_gray__parameterized0__6 |         Static |            - |          5 |          5 |       0 |    0 |    25 |      0 |      0 |    0 |          0 |
|                   gen_cdc_pntr.wr_pntr_cdc_inst                                                             |                                                     xpm_cdc_gray__7 |         Static |            - |          5 |          5 |       0 |    0 |    12 |      0 |      0 |    0 |          0 |
|                   gen_fwft.rdpp1_inst                                                                       |                                 xpm_counter_updn__parameterized1_10 |         Static |            - |          5 |          5 |       0 |    0 |     2 |      0 |      0 |    0 |          0 |
|                   gen_sdpram.xpm_memory_base_inst                                                           |                                                  xpm_memory_base__6 |         Static |            - |          8 |          0 |       8 |    0 |    16 |      0 |      0 |    0 |          0 |
|                   rdp_inst                                                                                  |                                 xpm_counter_updn__parameterized2_11 |         Static |            - |          8 |          8 |       0 |    0 |     5 |      0 |      0 |    0 |          0 |
|                   rdpp1_inst                                                                                |                                 xpm_counter_updn__parameterized3_12 |         Static |            - |          3 |          3 |       0 |    0 |     4 |      0 |      0 |    0 |          0 |
|                   rst_d1_inst                                                                               |                                                 xpm_fifo_reg_bit_13 |         Static |            - |          0 |          0 |       0 |    0 |     1 |      0 |      0 |    0 |          0 |
|                   wrp_inst                                                                                  |                                 xpm_counter_updn__parameterized2_14 |         Static |            - |          3 |          3 |       0 |    0 |     5 |      0 |      0 |    0 |          0 |
|                   wrpp1_inst                                                                                |                                 xpm_counter_updn__parameterized3_15 |         Static |            - |          3 |          3 |       0 |    0 |     4 |      0 |      0 |    0 |          0 |
|                   wrpp2_inst                                                                                |                                 xpm_counter_updn__parameterized0_16 |         Static |            - |          2 |          2 |       0 |    0 |     4 |      0 |      0 |    0 |          0 |
|                   xpm_fifo_rst_inst                                                                         |                                             xpm_fifo_rst__xdcDup__5 |         Static |            - |         16 |         16 |       0 |    0 |    17 |      0 |      0 |    0 |          0 |
|                     (xpm_fifo_rst_inst)                                                                     |                                             xpm_fifo_rst__xdcDup__5 |         Static |            - |         16 |         16 |       0 |    0 |    13 |      0 |      0 |    0 |          0 |
|                     gen_rst_ic.rrst_wr_inst                                                                 |                                                xpm_cdc_sync_rst__15 |         Static |            - |          0 |          0 |       0 |    0 |     2 |      0 |      0 |    0 |          0 |
|                     gen_rst_ic.wrst_rd_inst                                                                 |                                                xpm_cdc_sync_rst__14 |         Static |            - |          0 |          0 |       0 |    0 |     2 |      0 |      0 |    0 |          0 |
|               FIFO_EXISTS.TX_FIFO_EMPTY_CNTR_I                                                              |                                                           counter_f |         Static |            - |          5 |          5 |       0 |    0 |     4 |      0 |      0 |    0 |          0 |
|               FIFO_EXISTS.TX_FIFO_II                                                                        |                                                       async_fifo_fg |         Static |            - |         89 |         81 |       8 |    0 |   125 |      0 |      0 |    0 |          0 |
|                 (FIFO_EXISTS.TX_FIFO_II)                                                                    |                                                       async_fifo_fg |         Static |            - |         11 |         11 |       0 |    0 |     0 |      0 |      0 |    0 |          0 |
|                 xpm_fifo_instance.xpm_fifo_async_inst                                                       |                                      xpm_fifo_async__parameterized1 |         Static |            - |         78 |         70 |       8 |    0 |   125 |      0 |      0 |    0 |          0 |
|                   gnuram_async_fifo.xpm_fifo_base_inst                                                      |                                       xpm_fifo_base__parameterized0 |         Static |            - |         78 |         70 |       8 |    0 |   125 |      0 |      0 |    0 |          0 |
|                     (gnuram_async_fifo.xpm_fifo_base_inst)                                                  |                                       xpm_fifo_base__parameterized0 |         Static |            - |          3 |          3 |       0 |    0 |    11 |      0 |      0 |    0 |          0 |
|                     gaf_wptr_p3.wrpp3_inst                                                                  |                                                    xpm_counter_updn |         Static |            - |          2 |          2 |       0 |    0 |     4 |      0 |      0 |    0 |          0 |
|                     gen_cdc_pntr.rd_pntr_cdc_dc_inst                                                        |                                     xpm_cdc_gray__parameterized1__5 |         Static |            - |          5 |          5 |       0 |    0 |    15 |      0 |      0 |    0 |          0 |
|                     gen_cdc_pntr.rd_pntr_cdc_inst                                                           |                                                     xpm_cdc_gray__6 |         Static |            - |          5 |          5 |       0 |    0 |    12 |      0 |      0 |    0 |          0 |
|                     gen_cdc_pntr.rpw_gray_reg                                                               |                                                    xpm_fifo_reg_vec |         Static |            - |          7 |          7 |       0 |    0 |     4 |      0 |      0 |    0 |          0 |
|                     gen_cdc_pntr.rpw_gray_reg_dc                                                            |                                    xpm_fifo_reg_vec__parameterized0 |         Static |            - |          3 |          3 |       0 |    0 |     5 |      0 |      0 |    0 |          0 |
|                     gen_cdc_pntr.wpr_gray_reg                                                               |                                                  xpm_fifo_reg_vec_1 |         Static |            - |          3 |          3 |       0 |    0 |     4 |      0 |      0 |    0 |          0 |
|                     gen_cdc_pntr.wr_pntr_cdc_inst                                                           |                                                     xpm_cdc_gray__5 |         Static |            - |          5 |          5 |       0 |    0 |    12 |      0 |      0 |    0 |          0 |
|                     gen_fwft.rdpp1_inst                                                                     |                                    xpm_counter_updn__parameterized1 |         Static |            - |          4 |          4 |       0 |    0 |     2 |      0 |      0 |    0 |          0 |
|                     gen_sdpram.xpm_memory_base_inst                                                         |                                                  xpm_memory_base__5 |         Static |            - |          8 |          0 |       8 |    0 |    16 |      0 |      0 |    0 |          0 |
|                     rdp_inst                                                                                |                                    xpm_counter_updn__parameterized2 |         Static |            - |          8 |          8 |       0 |    0 |     5 |      0 |      0 |    0 |          0 |
|                     rdpp1_inst                                                                              |                                    xpm_counter_updn__parameterized3 |         Static |            - |          3 |          3 |       0 |    0 |     4 |      0 |      0 |    0 |          0 |
|                     rst_d1_inst                                                                             |                                                    xpm_fifo_reg_bit |         Static |            - |          1 |          1 |       0 |    0 |     1 |      0 |      0 |    0 |          0 |
|                     wrp_inst                                                                                |                                  xpm_counter_updn__parameterized2_3 |         Static |            - |          4 |          4 |       0 |    0 |     5 |      0 |      0 |    0 |          0 |
|                     wrpp1_inst                                                                              |                                  xpm_counter_updn__parameterized3_4 |         Static |            - |          3 |          3 |       0 |    0 |     4 |      0 |      0 |    0 |          0 |
|                     wrpp2_inst                                                                              |                                    xpm_counter_updn__parameterized0 |         Static |            - |          3 |          3 |       0 |    0 |     4 |      0 |      0 |    0 |          0 |
|                     xpm_fifo_rst_inst                                                                       |                                                        xpm_fifo_rst |         Static |            - |         16 |         16 |       0 |    0 |    17 |      0 |      0 |    0 |          0 |
|                       (xpm_fifo_rst_inst)                                                                   |                                                        xpm_fifo_rst |         Static |            - |         16 |         16 |       0 |    0 |    13 |      0 |      0 |    0 |          0 |
|                       gen_rst_ic.rrst_wr_inst                                                               |                                                xpm_cdc_sync_rst__13 |         Static |            - |          0 |          0 |       0 |    0 |     2 |      0 |      0 |    0 |          0 |
|                       gen_rst_ic.wrst_rd_inst                                                               |                                                xpm_cdc_sync_rst__12 |         Static |            - |          0 |          0 |       0 |    0 |     2 |      0 |      0 |    0 |          0 |
|               INTERRUPT_CONTROL_I                                                                           |                                                   interrupt_control |         Static |            - |          8 |          8 |       0 |    0 |    23 |      0 |      0 |    0 |          0 |
|               LOGIC_FOR_MD_0_GEN.SPI_MODULE_I                                                               |                                  qspi_mode_0_module__parameterized1 |         Static |            - |         46 |         46 |       0 |    0 |    64 |      0 |      0 |    0 |          0 |
|               RESET_SYNC_AXI_SPI_CLK_INST                                                                   |                                                   reset_sync_module |         Static |            - |          1 |          1 |       0 |    0 |     2 |      0 |      0 |    0 |          0 |
|               SOFT_RESET_I                                                                                  |                                                          soft_reset |         Static |            - |         11 |         11 |       0 |    0 |    19 |      0 |      0 |    0 |          0 |
|               STATUS_REG_MODE_0_GEN.STATUS_SLAVE_SEL_REG_I                                                  |                           qspi_status_slave_sel_reg__parameterized1 |         Static |            - |          1 |          1 |       0 |    0 |     8 |      0 |      0 |    0 |          0 |
|   REGS.MMAP                                                                                                 |                                                        AXIMemoryMap |         Static |            - |        364 |        364 |       0 |    0 |   825 |      0 |      0 |    0 |          0 |
|   SLOT_SYNC                                                                                                 |                                                         RegCrossing |         Static |            - |          1 |          1 |       0 |    0 |    16 |      0 |      0 |    0 |          0 |
+-------------------------------------------------------------------------------------------------------------+---------------------------------------------------------------------+----------------+--------------+------------+------------+---------+------+-------+--------+--------+------+------------+
* Note: The sum of lower-level cells may be larger than their parent cells total, due to cross-hierarchy LUT combining


